Learner_ID,Course_ID,Login_Frequency,Video_Completion,Quiz_Attempts,Assignment_Submissions,Discussion_Activity,Completion_Status
L00001,C08,1,0.4,0,2,0,Not Completed
L00002,C05,3,59.9,5,5,6,Completed
L00003,C09,10,92.7,6,5,5,Completed
L00004,C07,4,60.3,1,4,3,Completed
L00005,C01,4,52.5,4,0,2,Not Completed
L00006,C10,4,49.7,5,0,4,Completed
L00007,C08,3,19.7,1,2,1,Not Completed
L00008,C08,8,70.4,6,3,2,Completed
L00009,C02,8,75.7,3,2,3,Completed
L00010,C05,10,91.9,10,1,3,Completed
L00011,C04,4,37.6,4,1,2,Completed
L00012,C10,7,56.8,3,1,5,Completed
L00013,C07,12,72.0,2,2,7,Completed
L00014,C09,2,70.6,4,1,3,Completed
L00015,C05,2,34.4,0,2,2,Completed
L00016,C03,12,100.0,1,6,5,Completed
L00017,C06,5,32.4,1,4,4,Completed
L00018,C01,4,32.3,2,2,5,Completed
L00019,C09,5,60.2,6,1,4,Completed
L00020,C07,8,55.9,0,5,5,Completed
L00021,C08,3,76.0,0,2,5,Completed
L00022,C04,5,51.9,3,0,2,Not Completed
L00023,C10,1,1.5,2,1,2,Not Completed
L00024,C09,4,34.7,2,2,1,Not Completed
L00025,C08,6,29.5,4,1,0,Not Completed
L00026,C02,10,84.3,10,3,5,Completed
L00027,C05,1,0.0,1,0,1,Not Completed
L00028,C01,7,59.1,3,1,5,Completed
L00029,C02,3,19.3,1,0,0,Not Completed
L00030,C07,8,39.8,2,0,1,Completed
L00031,C08,5,40.4,1,3,0,Not Completed
L00032,C10,6,54.6,2,1,6,Completed
L00033,C04,5,52.2,3,1,1,Not Completed
L00034,C04,12,82.3,6,4,6,Completed
L00035,C05,3,37.5,4,1,1,Not Completed
L00036,C02,2,56.6,2,2,2,Not Completed
L00037,C02,3,24.6,1,2,0,Completed
L00038,C05,7,89.8,6,6,3,Not Completed
L00039,C03,10,69.2,4,7,4,Completed
L00040,C07,5,88.3,7,4,2,Completed
L00041,C05,5,59.3,4,4,2,Completed
L00042,C09,6,66.6,4,2,6,Completed
L00043,C08,11,68.9,5,5,4,Completed
L00044,C04,4,82.5,9,4,4,Completed
L00045,C09,3,74.3,5,3,2,Completed
L00046,C08,8,89.6,5,1,2,Completed
L00047,C04,3,69.1,5,2,5,Completed
L00048,C03,5,54.5,1,0,2,Completed
L00049,C07,5,35.5,3,3,3,Not Completed
L00050,C02,6,17.9,2,4,3,Not Completed
L00051,C02,5,45.5,7,4,1,Not Completed
L00052,C01,3,57.2,5,2,0,Not Completed
L00053,C08,2,64.6,2,4,6,Completed
L00054,C07,8,75.2,2,3,0,Completed
L00055,C08,6,56.3,6,1,5,Completed
L00056,C08,7,48.1,2,1,3,Completed
L00057,C05,3,39.5,1,1,1,Completed
L00058,C06,7,75.9,1,4,2,Completed
L00059,C02,2,6.5,1,1,0,Not Completed
L00060,C02,12,70.7,5,5,3,Completed
L00061,C07,4,48.0,6,2,3,Not Completed
L00062,C05,1,51.5,2,0,1,Not Completed
L00063,C06,2,36.7,2,4,3,Completed
L00064,C08,2,33.2,4,2,1,Not Completed
L00065,C07,2,68.1,2,2,2,Not Completed
L00066,C06,3,62.5,1,2,2,Completed
L00067,C06,5,54.7,1,5,1,Completed
L00068,C04,5,27.8,1,2,0,Not Completed
L00069,C01,5,69.9,7,3,3,Completed
L00070,C05,6,87.1,3,2,5,Completed
L00071,C03,6,73.9,2,1,6,Not Completed
L00072,C05,10,64.4,4,3,3,Completed
L00073,C09,1,37.1,4,2,0,Not Completed
L00074,C03,2,39.4,2,0,2,Not Completed
L00075,C01,8,77.3,7,3,5,Completed
L00076,C03,7,70.7,8,0,2,Completed
L00077,C03,3,4.7,1,0,0,Not Completed
L00078,C07,4,72.0,1,5,4,Completed
L00079,C06,5,91.6,7,1,0,Completed
L00080,C08,5,70.3,7,4,1,Completed
L00081,C07,3,51.4,2,5,3,Completed
L00082,C05,4,69.2,2,3,3,Completed
L00083,C09,4,59.2,1,6,1,Completed
L00084,C02,4,45.7,3,4,1,Completed
L00085,C01,3,35.7,0,3,4,Completed
L00086,C01,6,28.8,4,1,2,Not Completed
L00087,C08,3,49.4,3,2,1,Completed
L00088,C05,4,74.5,4,3,2,Completed
L00089,C02,10,85.1,6,4,3,Completed
L00090,C05,4,53.1,1,1,0,Completed
L00091,C02,7,84.3,6,3,7,Completed
L00092,C07,9,52.8,3,4,2,Completed
L00093,C05,8,47.0,2,3,1,Completed
L00094,C04,3,57.9,6,3,2,Not Completed
L00095,C04,5,74.9,4,4,5,Completed
L00096,C07,9,64.5,2,7,3,Completed
L00097,C04,6,70.9,3,0,3,Completed
L00098,C01,7,86.7,5,5,2,Completed
L00099,C02,1,29.4,0,3,3,Not Completed
L00100,C10,4,60.8,0,5,2,Not Completed
L00101,C10,2,56.6,6,3,3,Completed
L00102,C07,2,29.2,1,0,0,Not Completed
L00103,C03,5,48.4,1,1,1,Completed
L00104,C10,7,82.7,6,4,1,Completed
L00105,C08,3,22.3,4,2,0,Completed
L00106,C08,10,65.2,5,5,3,Completed
L00107,C05,4,75.7,6,6,3,Completed
L00108,C03,3,23.3,0,1,1,Not Completed
L00109,C01,2,35.6,0,2,2,Not Completed
L00110,C10,5,83.3,3,2,4,Completed
L00111,C05,2,29.9,1,2,1,Not Completed
L00112,C02,5,70.4,3,1,7,Completed
L00113,C04,10,65.4,4,4,6,Completed
L00114,C06,4,53.8,2,1,2,Completed
L00115,C02,5,30.6,1,3,0,Not Completed
L00116,C09,7,27.8,0,4,5,Completed
L00117,C08,6,43.5,1,0,0,Not Completed
L00118,C08,10,56.7,4,1,2,Completed
L00119,C05,8,74.6,3,6,5,Completed
L00120,C07,4,49.2,1,6,1,Not Completed
L00121,C06,6,46.7,2,2,1,Completed
L00122,C07,4,28.8,1,1,2,Completed
L00123,C01,4,26.2,4,2,2,Completed
L00124,C05,2,38.0,0,0,2,Not Completed
L00125,C01,5,71.2,3,4,2,Completed
L00126,C05,1,51.4,3,2,0,Not Completed
L00127,C04,14,89.6,3,3,4,Completed
L00128,C02,7,60.3,4,1,1,Not Completed
L00129,C02,2,28.5,2,1,2,Not Completed
L00130,C06,3,72.2,6,4,1,Completed
L00131,C02,6,46.0,7,1,1,Completed
L00132,C10,2,65.8,3,1,0,Not Completed
L00133,C06,6,29.1,2,0,1,Not Completed
L00134,C04,2,34.6,1,0,0,Not Completed
L00135,C06,10,66.7,6,3,2,Completed
L00136,C01,11,55.3,7,5,3,Completed
L00137,C10,4,25.1,1,0,0,Not Completed
L00138,C05,6,67.3,0,2,2,Not Completed
L00139,C08,2,56.9,4,2,2,Completed
L00140,C01,10,100.0,6,3,3,Completed
L00141,C05,7,82.2,0,5,10,Completed
L00142,C05,9,80.3,1,4,3,Completed
L00143,C10,10,55.3,3,0,1,Not Completed
L00144,C06,12,80.6,6,2,3,Completed
L00145,C05,2,7.4,1,2,0,Completed
L00146,C03,9,80.8,9,6,3,Completed
L00147,C04,6,29.3,4,2,1,Not Completed
L00148,C06,11,58.5,3,4,3,Completed
L00149,C05,3,20.9,0,2,1,Not Completed
L00150,C01,7,67.4,1,5,0,Completed
L00151,C09,6,72.9,4,2,6,Completed
L00152,C09,6,89.2,2,6,3,Completed
L00153,C02,11,81.1,5,3,1,Completed
L00154,C06,2,22.2,0,4,1,Not Completed
L00155,C02,9,64.4,5,5,1,Completed
L00156,C07,6,63.1,6,6,1,Completed
L00157,C03,6,87.0,6,3,6,Completed
L00158,C07,10,63.8,1,2,2,Completed
L00159,C08,3,65.6,4,2,2,Completed
L00160,C08,4,19.0,0,1,2,Completed
L00161,C02,5,85.8,4,5,4,Not Completed
L00162,C10,0,10.8,1,0,0,Not Completed
L00163,C03,5,75.1,3,3,6,Completed
L00164,C01,0,46.1,0,0,0,Completed
L00165,C06,1,57.8,3,3,2,Not Completed
L00166,C04,6,32.9,1,2,1,Not Completed
L00167,C09,1,10.4,2,1,1,Not Completed
L00168,C08,1,34.1,1,2,2,Completed
L00169,C04,5,60.4,2,2,1,Not Completed
L00170,C10,12,66.7,4,2,2,Completed
L00171,C03,7,49.4,2,2,0,Not Completed
L00172,C05,3,62.0,0,0,5,Not Completed
L00173,C03,4,67.5,7,3,3,Not Completed
L00174,C10,2,72.5,2,3,1,Not Completed
L00175,C02,8,63.2,1,1,2,Completed
L00176,C01,4,49.7,3,2,1,Completed
L00177,C05,9,69.0,1,1,3,Completed
L00178,C10,4,35.7,5,2,1,Not Completed
L00179,C09,10,78.1,8,3,4,Completed
L00180,C08,5,60.2,4,6,2,Completed
L00181,C09,7,74.5,5,3,2,Completed
L00182,C09,1,28.6,2,2,1,Not Completed
L00183,C05,8,43.2,2,1,1,Completed
L00184,C04,7,43.5,1,1,1,Not Completed
L00185,C08,1,29.8,4,1,1,Not Completed
L00186,C07,5,28.5,2,3,1,Not Completed
L00187,C04,7,67.6,2,2,2,Not Completed
L00188,C01,1,27.6,2,2,2,Not Completed
L00189,C08,6,52.3,2,0,2,Not Completed
L00190,C03,6,58.7,2,1,1,Not Completed
L00191,C10,2,58.1,4,0,3,Completed
L00192,C03,6,49.5,2,7,2,Completed
L00193,C02,2,31.0,3,2,0,Not Completed
L00194,C09,3,53.6,2,1,4,Not Completed
L00195,C02,0,18.5,2,0,0,Not Completed
L00196,C02,1,30.9,3,1,2,Completed
L00197,C06,5,52.4,3,3,4,Completed
L00198,C09,2,53.1,1,2,1,Completed
L00199,C02,2,36.3,1,1,2,Not Completed
L00200,C04,5,69.2,3,3,3,Completed
L00201,C08,9,69.3,3,3,3,Completed
L00202,C10,11,61.9,4,2,7,Completed
L00203,C05,14,86.8,3,8,2,Completed
L00204,C02,8,74.1,6,5,4,Completed
L00205,C01,6,69.6,2,5,5,Completed
L00206,C03,4,60.2,0,2,2,Not Completed
L00207,C02,9,77.9,1,4,6,Completed
L00208,C07,5,41.6,3,0,2,Not Completed
L00209,C02,4,48.4,4,7,1,Completed
L00210,C05,10,75.9,4,4,1,Completed
L00211,C07,0,5.9,1,1,1,Not Completed
L00212,C06,4,20.1,7,1,0,Not Completed
L00213,C02,1,18.9,1,0,0,Not Completed
L00214,C08,0,35.8,1,0,0,Not Completed
L00215,C08,3,61.0,3,2,1,Not Completed
L00216,C08,7,85.4,2,4,7,Completed
L00217,C02,7,65.3,4,3,3,Completed
L00218,C02,5,37.9,1,1,0,Completed
L00219,C10,9,45.5,4,3,0,Completed
L00220,C04,3,34.4,1,0,0,Completed
L00221,C04,8,57.2,2,2,4,Completed
L00222,C05,4,48.5,7,6,3,Completed
L00223,C07,8,69.0,5,5,1,Completed
L00224,C10,2,38.5,1,1,2,Not Completed
L00225,C03,5,70.4,2,3,4,Completed
L00226,C10,5,47.7,1,1,1,Not Completed
L00227,C01,11,67.2,4,2,3,Completed
L00228,C06,6,54.1,5,2,3,Completed
L00229,C07,8,59.4,7,2,4,Completed
L00230,C02,2,25.4,1,1,1,Not Completed
L00231,C02,4,60.4,5,4,1,Completed
L00232,C05,6,37.8,3,1,2,Completed
L00233,C10,4,59.9,1,2,0,Completed
L00234,C06,8,76.3,8,5,6,Completed
L00235,C10,5,54.2,2,1,0,Not Completed
L00236,C08,8,38.2,7,1,1,Completed
L00237,C05,10,69.7,1,2,1,Completed
L00238,C08,3,47.6,2,4,1,Not Completed
L00239,C01,5,38.6,1,2,2,Completed
L00240,C02,1,37.1,1,2,1,Not Completed
L00241,C09,6,89.3,7,3,2,Completed
L00242,C08,3,62.8,5,2,4,Not Completed
L00243,C03,2,55.2,2,4,2,Completed
L00244,C06,5,74.2,6,6,4,Completed
L00245,C07,10,87.9,4,0,1,Completed
L00246,C09,3,33.0,2,2,1,Not Completed
L00247,C07,5,66.0,4,1,4,Not Completed
L00248,C05,14,92.1,4,2,3,Completed
L00249,C04,0,26.4,3,1,1,Not Completed
L00250,C05,6,69.8,7,3,1,Not Completed
L00251,C07,9,21.9,1,2,1,Completed
L00252,C09,3,37.3,2,0,1,Not Completed
L00253,C05,10,76.5,6,3,3,Completed
L00254,C03,3,0.0,1,1,0,Not Completed
L00255,C03,8,92.9,6,1,3,Completed
L00256,C08,7,77.4,3,4,3,Not Completed
L00257,C09,2,32.1,2,1,1,Not Completed
L00258,C02,6,48.3,4,3,3,Completed
L00259,C01,4,47.0,3,2,3,Completed
L00260,C06,2,62.1,2,7,4,Completed
L00261,C02,8,96.3,3,1,3,Not Completed
L00262,C09,5,38.8,1,1,1,Completed
L00263,C04,4,78.1,2,4,5,Completed
L00264,C02,5,59.9,2,1,4,Not Completed
L00265,C10,5,58.9,2,1,1,Completed
L00266,C02,6,46.4,1,1,3,Completed
L00267,C03,9,79.6,3,5,0,Completed
L00268,C02,6,84.2,6,7,5,Completed
L00269,C02,4,37.4,2,2,1,Completed
L00270,C01,9,70.4,2,5,4,Completed
L00271,C01,4,33.0,2,1,2,Not Completed
L00272,C02,9,66.6,4,3,2,Completed
L00273,C01,3,42.1,2,1,2,Completed
L00274,C06,12,75.3,2,4,6,Completed
L00275,C07,4,47.4,3,7,2,Completed
L00276,C04,11,84.8,3,1,2,Completed
L00277,C04,9,86.4,4,3,7,Completed
L00278,C05,3,83.1,10,5,2,Completed
L00279,C09,5,76.1,2,2,2,Not Completed
L00280,C09,4,67.3,4,4,5,Completed
L00281,C01,10,57.6,3,4,2,Completed
L00282,C02,5,62.5,1,2,3,Completed
L00283,C03,9,53.1,2,2,1,Completed
L00284,C03,5,21.1,3,0,1,Not Completed
L00285,C06,1,19.5,3,0,0,Not Completed
L00286,C05,8,88.5,6,6,2,Completed
L00287,C01,4,42.0,3,2,2,Completed
L00288,C04,5,97.2,3,5,3,Completed
L00289,C06,7,79.0,3,2,5,Completed
L00290,C02,4,49.4,1,2,4,Completed
L00291,C09,6,80.4,1,2,8,Not Completed
L00292,C01,3,22.6,1,0,2,Not Completed
L00293,C10,7,75.1,4,4,1,Completed
L00294,C01,6,52.9,4,2,3,Not Completed
L00295,C09,1,61.3,1,1,3,Not Completed
L00296,C10,3,55.0,4,0,1,Completed
L00297,C10,3,52.3,3,3,1,Not Completed
L00298,C08,1,30.6,0,1,3,Not Completed
L00299,C08,0,68.4,3,5,4,Not Completed
L00300,C07,9,100.0,6,5,1,Completed
L00301,C08,4,41.7,3,6,1,Not Completed
L00302,C02,8,72.8,1,4,1,Completed
L00303,C06,9,61.9,3,1,6,Not Completed
L00304,C05,9,58.6,7,3,0,Completed
L00305,C09,2,21.2,1,1,0,Not Completed
L00306,C05,5,52.2,5,0,1,Completed
L00307,C04,7,70.4,6,5,3,Completed
L00308,C07,5,29.6,2,0,1,Completed
L00309,C03,3,63.8,2,1,2,Completed
L00310,C02,3,52.6,5,0,2,Not Completed
L00311,C05,2,49.4,6,2,3,Completed
L00312,C05,4,34.2,2,1,1,Completed
L00313,C03,2,58.4,0,1,3,Not Completed
L00314,C04,6,54.2,3,1,3,Not Completed
L00315,C04,7,64.2,5,0,6,Completed
L00316,C04,3,61.9,8,1,1,Not Completed
L00317,C04,4,46.4,0,0,1,Not Completed
L00318,C07,4,57.0,3,1,5,Completed
L00319,C03,7,40.7,6,4,3,Completed
L00320,C10,3,73.2,5,6,2,Not Completed
L00321,C10,7,53.7,3,1,1,Completed
L00322,C05,6,52.9,4,2,2,Completed
L00323,C04,7,55.4,2,3,1,Completed
L00324,C06,11,97.3,4,2,2,Completed
L00325,C09,6,89.5,5,8,3,Completed
L00326,C07,9,82.7,4,0,3,Completed
L00327,C08,5,60.5,4,3,0,Completed
L00328,C06,8,23.7,0,0,0,Completed
L00329,C07,3,62.5,5,3,5,Completed
L00330,C03,9,60.1,5,5,1,Completed
L00331,C08,6,41.2,2,4,0,Completed
L00332,C02,5,67.3,4,6,4,Completed
L00333,C07,5,37.6,3,2,0,Not Completed
L00334,C09,1,40.7,3,5,0,Not Completed
L00335,C02,8,74.8,3,2,4,Not Completed
L00336,C07,6,72.8,3,2,0,Completed
L00337,C01,4,35.6,3,1,3,Not Completed
L00338,C08,2,49.0,1,1,2,Not Completed
L00339,C01,9,67.6,2,3,4,Completed
L00340,C10,7,50.0,5,3,1,Completed
L00341,C02,9,67.6,5,4,5,Completed
L00342,C10,2,66.8,1,1,2,Completed
L00343,C08,11,74.1,5,2,1,Completed
L00344,C06,7,59.2,4,2,2,Completed
L00345,C08,5,72.2,3,5,3,Completed
L00346,C08,3,81.8,4,2,1,Completed
L00347,C10,5,83.7,6,1,1,Not Completed
L00348,C03,3,80.0,3,4,3,Completed
L00349,C06,3,21.0,2,0,3,Not Completed
L00350,C01,6,73.6,2,0,2,Completed
L00351,C07,2,38.9,2,2,1,Not Completed
L00352,C02,1,87.8,6,1,4,Not Completed
L00353,C06,6,68.1,3,3,1,Completed
L00354,C06,8,75.2,0,4,3,Not Completed
L00355,C05,2,22.5,0,0,0,Not Completed
L00356,C06,1,60.4,1,2,8,Completed
L00357,C08,8,56.5,4,3,7,Completed
L00358,C08,5,90.8,4,3,3,Completed
L00359,C05,6,47.2,8,4,5,Completed
L00360,C06,5,43.9,5,4,3,Completed
L00361,C10,8,96.9,8,4,1,Completed
L00362,C02,10,87.7,4,5,5,Completed
L00363,C02,2,77.6,7,4,4,Not Completed
L00364,C01,4,68.4,6,4,2,Completed
L00365,C07,4,57.4,5,3,4,Completed
L00366,C05,0,33.7,2,2,2,Not Completed
L00367,C08,4,87.3,7,6,4,Completed
L00368,C07,2,62.3,3,2,4,Completed
L00369,C04,4,69.1,1,5,6,Completed
L00370,C09,2,58.2,2,1,1,Not Completed
L00371,C08,2,64.4,7,4,4,Not Completed
L00372,C03,13,71.5,3,3,2,Completed
L00373,C04,7,67.6,5,2,6,Completed
L00374,C04,4,57.3,4,0,4,Completed
L00375,C02,5,80.3,3,4,3,Completed
L00376,C02,5,32.5,0,1,0,Not Completed
L00377,C10,2,37.0,2,0,1,Not Completed
L00378,C05,3,43.5,3,3,3,Not Completed
L00379,C04,6,64.0,3,2,6,Completed
L00380,C08,2,22.0,0,2,1,Not Completed
L00381,C06,3,56.0,2,1,1,Not Completed
L00382,C10,3,42.4,2,2,2,Completed
L00383,C08,1,42.1,1,2,2,Not Completed
L00384,C05,8,94.3,3,2,4,Completed
L00385,C04,10,42.3,2,3,5,Completed
L00386,C10,6,85.6,4,1,0,Completed
L00387,C08,6,54.1,2,4,1,Not Completed
L00388,C10,1,0.3,0,0,0,Not Completed
L00389,C02,2,31.8,0,1,0,Not Completed
L00390,C09,11,80.8,5,2,5,Completed
L00391,C07,7,71.7,4,6,3,Not Completed
L00392,C02,6,70.2,2,3,1,Not Completed
L00393,C06,7,69.0,1,1,0,Not Completed
L00394,C07,6,49.3,5,1,3,Not Completed
L00395,C01,7,65.7,8,4,5,Completed
L00396,C05,5,31.0,0,1,1,Completed
L00397,C09,11,40.9,3,4,2,Completed
L00398,C03,7,77.2,4,4,2,Completed
L00399,C05,5,56.5,2,4,1,Not Completed
L00400,C05,9,52.1,3,0,2,Not Completed
L00401,C04,5,51.4,7,6,2,Completed
L00402,C10,4,74.8,4,5,10,Completed
L00403,C08,8,41.4,2,2,1,Not Completed
L00404,C02,9,53.0,3,5,1,Completed
L00405,C10,5,51.1,2,5,3,Completed
L00406,C09,10,84.1,5,2,2,Completed
L00407,C03,2,46.7,3,3,2,Completed
L00408,C09,5,72.5,1,7,3,Completed
L00409,C02,6,55.8,3,3,3,Completed
L00410,C10,10,94.3,3,1,4,Completed
L00411,C07,11,91.2,9,2,6,Completed
L00412,C07,5,64.1,2,1,6,Not Completed
L00413,C01,3,25.8,1,1,0,Completed
L00414,C09,1,54.7,1,2,1,Not Completed
L00415,C01,1,70.3,3,4,3,Completed
L00416,C03,8,91.0,2,5,4,Completed
L00417,C02,4,52.5,1,3,0,Not Completed
L00418,C08,5,51.9,5,5,2,Completed
L00419,C02,13,100.0,6,6,0,Completed
L00420,C10,1,18.1,1,2,3,Completed
L00421,C07,1,22.3,0,1,0,Not Completed
L00422,C01,1,40.0,1,0,1,Not Completed
L00423,C01,5,42.0,0,4,3,Not Completed
L00424,C01,3,31.9,3,1,1,Completed
L00425,C07,4,25.7,4,2,3,Completed
L00426,C08,6,40.1,3,2,2,Completed
L00427,C03,7,43.7,2,3,0,Completed
L00428,C09,2,65.1,5,2,3,Completed
L00429,C01,2,38.7,2,2,1,Not Completed
L00430,C08,1,43.1,3,3,2,Not Completed
L00431,C10,1,30.5,0,3,2,Not Completed
L00432,C08,8,59.2,5,2,1,Completed
L00433,C07,2,71.9,7,4,2,Completed
L00434,C09,2,91.5,4,6,4,Completed
L00435,C01,6,47.0,1,0,3,Not Completed
L00436,C02,6,77.4,2,3,1,Completed
L00437,C02,9,57.6,2,6,5,Completed
L00438,C05,7,61.0,3,4,4,Completed
L00439,C08,8,57.3,6,2,4,Completed
L00440,C07,8,36.1,5,2,2,Completed
L00441,C09,5,86.4,4,2,5,Completed
L00442,C02,2,39.8,2,3,2,Completed
L00443,C08,6,44.8,3,0,1,Completed
L00444,C02,2,28.6,1,1,0,Not Completed
L00445,C03,3,68.9,4,3,2,Completed
L00446,C08,10,71.6,5,2,3,Completed
L00447,C10,11,84.9,5,2,4,Completed
L00448,C07,4,41.0,2,0,1,Not Completed
L00449,C01,6,61.8,5,2,0,Completed
L00450,C07,3,70.1,8,8,1,Completed
L00451,C01,5,74.2,2,4,3,Completed
L00452,C09,3,53.4,4,4,3,Completed
L00453,C08,6,87.9,6,4,4,Completed
L00454,C02,6,53.5,2,5,5,Not Completed
L00455,C01,2,30.2,5,0,1,Completed
L00456,C02,6,79.2,6,2,5,Completed
L00457,C10,10,74.2,4,6,0,Completed
L00458,C05,5,56.3,1,2,5,Completed
L00459,C08,1,48.5,3,0,3,Not Completed
L00460,C07,9,54.1,4,6,5,Completed
L00461,C06,3,50.7,2,4,1,Completed
L00462,C02,11,78.4,6,2,2,Completed
L00463,C10,3,38.6,3,3,2,Completed
L00464,C04,4,45.0,2,3,2,Completed
L00465,C06,1,63.6,3,6,1,Completed
L00466,C07,13,77.9,4,5,1,Completed
L00467,C07,7,80.1,3,0,6,Completed
L00468,C10,4,26.6,7,3,2,Completed
L00469,C02,10,98.3,6,3,1,Completed
L00470,C05,9,40.5,0,1,0,Completed
L00471,C05,4,86.7,7,5,1,Completed
L00472,C05,1,33.1,3,3,1,Not Completed
L00473,C02,2,30.3,3,3,1,Completed
L00474,C02,2,64.3,0,2,4,Completed
L00475,C03,1,46.5,2,3,1,Not Completed
L00476,C04,6,100.0,3,5,1,Completed
L00477,C05,5,62.0,6,7,3,Completed
L00478,C07,6,60.8,3,3,3,Completed
L00479,C07,5,42.7,5,1,4,Completed
L00480,C05,5,70.8,5,2,4,Completed
L00481,C05,8,72.6,4,2,0,Completed
L00482,C03,2,62.3,3,3,4,Completed
L00483,C06,4,44.5,4,5,4,Not Completed
L00484,C04,4,36.1,4,3,2,Completed
L00485,C01,1,27.8,3,2,0,Not Completed
L00486,C05,8,73.3,2,6,7,Completed
L00487,C05,1,62.7,3,5,3,Completed
L00488,C03,2,30.7,4,0,0,Not Completed
L00489,C06,2,0.0,3,0,1,Not Completed
L00490,C06,8,71.6,5,7,3,Completed
L00491,C08,3,39.9,1,3,1,Completed
L00492,C07,4,70.4,3,2,4,Completed
L00493,C07,6,42.0,1,0,2,Not Completed
L00494,C04,5,50.0,1,1,2,Not Completed
L00495,C08,4,62.9,3,3,2,Not Completed
L00496,C06,2,49.4,1,1,2,Not Completed
L00497,C05,3,75.3,5,1,2,Completed
L00498,C07,5,70.4,6,4,1,Completed
L00499,C04,6,88.8,6,5,7,Completed
L00500,C05,10,45.3,3,1,5,Completed
L00501,C08,5,68.0,2,1,4,Completed
L00502,C09,9,64.9,5,2,4,Completed
L00503,C10,5,35.8,3,2,3,Completed
L00504,C05,6,93.9,3,4,6,Completed
L00505,C06,5,50.1,3,1,1,Not Completed
L00506,C08,5,80.0,3,4,3,Completed
L00507,C04,4,40.7,2,1,0,Completed
L00508,C09,0,53.3,7,3,2,Not Completed
L00509,C05,10,85.3,3,1,7,Completed
L00510,C02,6,48.5,0,2,4,Completed
L00511,C01,2,43.4,2,0,0,Not Completed
L00512,C09,2,15.3,0,1,4,Not Completed
L00513,C01,5,40.5,0,2,3,Completed
L00514,C03,7,68.7,1,3,3,Completed
L00515,C04,6,66.8,6,7,4,Completed
L00516,C02,5,39.2,3,1,3,Not Completed
L00517,C04,2,27.2,2,2,1,Completed
L00518,C08,3,45.5,2,2,3,Not Completed
L00519,C01,6,53.2,3,1,2,Completed
L00520,C09,7,18.1,1,1,4,Not Completed
L00521,C09,3,21.6,0,3,1,Not Completed
L00522,C04,10,75.0,5,3,3,Completed
L00523,C02,2,23.8,2,1,0,Not Completed
L00524,C07,5,86.8,5,7,5,Completed
L00525,C02,1,56.2,3,7,2,Not Completed
L00526,C04,4,52.8,6,3,5,Completed
L00527,C10,5,35.2,1,1,1,Not Completed
L00528,C10,7,67.8,3,2,5,Completed
L00529,C08,4,41.3,0,2,0,Completed
L00530,C04,3,45.2,6,2,3,Completed
L00531,C07,5,22.3,2,0,3,Not Completed
L00532,C08,7,49.4,3,5,2,Completed
L00533,C04,6,57.2,2,1,1,Not Completed
L00534,C07,5,87.9,4,3,4,Completed
L00535,C01,6,78.5,2,5,1,Completed
L00536,C02,8,64.4,5,3,2,Completed
L00537,C06,6,57.6,5,8,2,Completed
L00538,C02,2,46.2,5,0,3,Completed
L00539,C02,3,63.4,1,1,3,Not Completed
L00540,C09,3,70.5,4,3,2,Completed
L00541,C10,8,68.8,6,2,5,Completed
L00542,C06,7,38.0,3,2,4,Completed
L00543,C09,6,55.1,4,2,3,Completed
L00544,C10,5,75.7,10,0,4,Completed
L00545,C02,4,91.1,3,3,2,Not Completed
L00546,C05,2,36.9,1,2,0,Not Completed
L00547,C04,7,62.1,4,0,3,Not Completed
L00548,C01,13,69.5,8,2,6,Completed
L00549,C08,8,72.9,5,5,4,Completed
L00550,C05,6,72.1,2,3,3,Not Completed
L00551,C05,9,73.5,2,1,1,Completed
L00552,C02,11,73.2,5,2,0,Completed
L00553,C02,1,37.3,0,1,0,Not Completed
L00554,C10,4,38.1,1,1,0,Not Completed
L00555,C01,7,81.6,4,0,2,Not Completed
L00556,C03,4,45.4,1,2,3,Not Completed
L00557,C03,5,45.7,4,2,1,Not Completed
L00558,C05,3,45.1,5,0,1,Completed
L00559,C06,2,34.9,1,2,4,Completed
L00560,C05,7,31.4,2,3,5,Completed
L00561,C01,6,63.4,2,4,3,Completed
L00562,C03,9,67.4,5,1,4,Completed
L00563,C09,3,33.2,1,0,1,Completed
L00564,C07,4,32.0,3,2,2,Not Completed
L00565,C07,4,34.4,0,3,1,Not Completed
L00566,C07,6,38.7,4,2,3,Completed
L00567,C08,6,37.6,4,3,2,Completed
L00568,C01,10,81.2,5,0,2,Completed
L00569,C04,3,85.4,5,3,0,Completed
L00570,C06,3,82.2,5,0,0,Completed
L00571,C04,8,51.8,4,2,0,Completed
L00572,C09,8,65.8,6,8,2,Completed
L00573,C05,4,51.3,4,3,2,Completed
L00574,C08,9,80.4,5,3,4,Completed
L00575,C09,3,30.9,4,0,1,Completed
L00576,C05,10,91.2,4,4,7,Completed
L00577,C10,9,64.7,3,0,2,Not Completed
L00578,C06,9,92.8,3,8,7,Completed
L00579,C09,3,46.6,1,1,1,Completed
L00580,C04,10,81.7,4,2,4,Completed
L00581,C05,5,61.0,0,1,2,Completed
L00582,C06,3,79.5,6,3,2,Not Completed
L00583,C02,3,58.5,3,1,1,Completed
L00584,C04,5,52.0,3,3,5,Not Completed
L00585,C10,2,34.6,0,0,0,Not Completed
L00586,C07,5,29.3,2,2,1,Completed
L00587,C02,0,41.1,4,2,3,Completed
L00588,C04,2,49.5,2,3,6,Completed
L00589,C02,3,56.4,3,2,4,Not Completed
L00590,C01,5,72.8,2,3,3,Completed
L00591,C10,9,52.9,2,2,1,Completed
L00592,C05,4,37.2,2,1,2,Not Completed
L00593,C04,1,21.2,1,1,1,Completed
L00594,C06,3,57.5,4,0,3,Completed
L00595,C01,2,17.0,1,0,2,Completed
L00596,C03,7,36.9,3,2,2,Not Completed
L00597,C08,10,90.4,1,8,5,Completed
L00598,C07,4,67.1,3,4,2,Completed
L00599,C10,5,67.5,2,5,8,Not Completed
L00600,C07,7,71.4,2,3,1,Completed
L00601,C05,5,33.2,1,2,2,Not Completed
L00602,C08,8,81.0,3,2,4,Completed
L00603,C10,5,78.1,1,6,7,Completed
L00604,C08,2,19.6,1,2,1,Not Completed
L00605,C10,5,56.7,6,4,1,Not Completed
L00606,C08,5,42.5,2,0,0,Not Completed
L00607,C09,5,66.8,4,4,3,Completed
L00608,C02,2,27.4,0,3,4,Not Completed
L00609,C08,1,25.0,0,1,2,Completed
L00610,C05,7,75.2,6,3,4,Completed
L00611,C06,4,31.7,1,2,1,Not Completed
L00612,C07,5,37.9,4,2,5,Completed
L00613,C10,4,31.2,0,3,0,Not Completed
L00614,C10,5,70.5,6,3,2,Completed
L00615,C03,3,54.6,5,2,4,Completed
L00616,C08,12,91.1,6,5,1,Completed
L00617,C08,4,43.8,5,3,1,Not Completed
L00618,C04,8,24.6,1,1,2,Not Completed
L00619,C02,2,13.8,1,2,2,Not Completed
L00620,C01,9,89.9,7,1,4,Completed
L00621,C08,6,42.8,1,3,2,Completed
L00622,C05,7,43.6,3,3,1,Completed
L00623,C10,4,51.4,1,1,1,Not Completed
L00624,C05,3,56.9,3,0,2,Not Completed
L00625,C10,2,29.9,0,3,2,Completed
L00626,C05,3,60.0,8,0,6,Completed
L00627,C08,9,64.6,6,2,2,Completed
L00628,C01,10,76.1,3,3,6,Completed
L00629,C06,4,80.9,4,4,2,Completed
L00630,C08,1,26.2,1,1,2,Not Completed
L00631,C10,4,63.9,6,1,3,Completed
L00632,C09,3,28.0,1,0,0,Not Completed
L00633,C01,2,39.3,1,2,0,Not Completed
L00634,C04,6,47.8,4,1,1,Completed
L00635,C01,7,42.9,8,1,2,Completed
L00636,C02,7,84.0,1,2,2,Completed
L00637,C07,7,58.3,5,4,2,Completed
L00638,C08,1,49.5,4,1,3,Completed
L00639,C08,10,81.3,4,3,5,Completed
L00640,C09,4,87.0,1,2,1,Completed
L00641,C08,4,30.9,1,3,3,Completed
L00642,C08,0,54.0,1,1,1,Completed
L00643,C01,6,85.1,3,1,3,Completed
L00644,C03,4,24.7,1,2,2,Not Completed
L00645,C07,8,72.3,8,4,4,Completed
L00646,C09,3,30.7,1,3,0,Completed
L00647,C01,3,56.8,4,3,1,Not Completed
L00648,C05,4,42.9,2,2,5,Completed
L00649,C07,7,50.0,4,1,2,Completed
L00650,C01,2,31.3,6,0,1,Not Completed
L00651,C05,7,32.1,2,1,3,Not Completed
L00652,C09,4,55.6,3,3,3,Completed
L00653,C07,7,64.1,6,4,5,Completed
L00654,C03,3,45.6,1,1,0,Not Completed
L00655,C09,4,74.1,4,2,5,Completed
L00656,C04,4,69.2,5,0,0,Not Completed
L00657,C09,3,36.5,3,2,1,Not Completed
L00658,C03,5,56.0,8,2,2,Completed
L00659,C06,5,61.5,10,5,2,Completed
L00660,C04,7,63.2,2,2,1,Completed
L00661,C03,5,37.5,4,0,3,Completed
L00662,C09,0,27.1,2,3,0,Not Completed
L00663,C02,2,63.5,3,3,2,Completed
L00664,C01,3,36.2,3,1,1,Not Completed
L00665,C04,5,79.7,2,2,2,Completed
L00666,C08,7,83.8,3,4,1,Not Completed
L00667,C08,7,100.0,2,3,3,Completed
L00668,C10,3,42.8,1,0,0,Not Completed
L00669,C03,2,52.5,3,1,6,Not Completed
L00670,C05,4,19.9,2,2,4,Completed
L00671,C02,2,51.5,5,2,1,Completed
L00672,C06,6,69.7,3,3,4,Completed
L00673,C10,10,87.2,9,2,7,Completed
L00674,C08,5,23.5,1,1,0,Not Completed
L00675,C06,7,71.5,3,2,3,Completed
L00676,C04,4,46.0,3,3,2,Not Completed
L00677,C10,8,81.7,4,2,6,Completed
L00678,C05,4,66.0,5,0,5,Completed
L00679,C02,3,33.2,4,0,2,Not Completed
L00680,C04,6,70.4,6,2,2,Completed
L00681,C01,4,67.5,2,3,5,Completed
L00682,C02,6,65.0,1,3,4,Not Completed
L00683,C01,6,55.5,3,3,2,Completed
L00684,C05,9,33.5,4,2,2,Not Completed
L00685,C07,6,67.9,3,2,5,Not Completed
L00686,C04,3,22.4,2,1,0,Not Completed
L00687,C05,4,45.1,2,1,3,Not Completed
L00688,C10,3,35.5,5,2,2,Not Completed
L00689,C08,3,42.9,1,3,2,Completed
L00690,C06,7,54.4,4,3,6,Completed
L00691,C03,6,33.1,2,1,2,Not Completed
L00692,C09,6,55.3,2,4,3,Completed
L00693,C03,8,68.2,2,4,1,Completed
L00694,C04,5,35.8,2,2,1,Completed
L00695,C10,4,56.7,3,2,4,Completed
L00696,C06,8,74.0,3,0,4,Completed
L00697,C08,4,60.7,4,2,0,Completed
L00698,C06,9,80.7,3,3,2,Completed
L00699,C07,6,55.9,9,4,8,Completed
L00700,C03,6,60.5,4,5,3,Completed
L00701,C03,5,53.8,1,2,3,Not Completed
L00702,C04,2,39.3,1,0,4,Completed
L00703,C02,4,45.2,3,5,3,Not Completed
L00704,C09,8,62.6,5,1,4,Completed
L00705,C03,4,61.7,5,3,10,Completed
L00706,C06,11,79.2,1,4,3,Completed
L00707,C08,2,24.7,1,0,1,Not Completed
L00708,C08,2,37.5,0,2,2,Not Completed
L00709,C05,4,54.0,1,2,0,Not Completed
L00710,C05,6,81.6,5,4,2,Completed
L00711,C10,11,62.3,0,3,2,Completed
L00712,C07,3,54.5,4,1,5,Not Completed
L00713,C09,5,42.9,4,5,3,Completed
L00714,C10,7,75.1,5,3,1,Not Completed
L00715,C08,3,39.2,3,4,0,Not Completed
L00716,C02,5,28.5,1,0,0,Not Completed
L00717,C06,8,85.9,2,1,5,Completed
L00718,C02,6,62.5,7,1,3,Completed
L00719,C07,3,26.9,1,1,5,Not Completed
L00720,C10,9,42.0,4,3,1,Not Completed
L00721,C05,10,65.9,5,2,7,Completed
L00722,C05,10,73.6,2,4,2,Completed
L00723,C01,7,24.0,2,0,2,Not Completed
L00724,C10,3,51.1,2,2,0,Completed
L00725,C02,6,84.4,4,7,0,Completed
L00726,C01,11,69.3,5,1,3,Completed
L00727,C03,6,56.6,8,3,5,Completed
L00728,C01,0,38.4,5,1,2,Completed
L00729,C05,2,9.3,1,2,3,Not Completed
L00730,C05,4,52.7,0,1,0,Not Completed
L00731,C04,4,52.9,3,2,2,Completed
L00732,C01,5,88.6,1,2,3,Completed
L00733,C02,8,74.6,7,3,4,Completed
L00734,C04,3,21.5,0,0,0,Not Completed
L00735,C01,7,76.8,6,5,4,Completed
L00736,C07,4,65.9,2,2,1,Not Completed
L00737,C02,2,22.9,1,4,1,Not Completed
L00738,C04,7,64.5,5,0,5,Completed
L00739,C04,11,88.3,4,4,3,Completed
L00740,C05,5,82.2,3,3,2,Not Completed
L00741,C01,7,79.3,2,2,7,Completed
L00742,C02,2,38.9,4,4,0,Not Completed
L00743,C09,3,43.4,0,1,0,Completed
L00744,C01,3,12.9,0,2,0,Not Completed
L00745,C05,8,58.9,6,1,2,Completed
L00746,C05,6,59.9,2,5,0,Not Completed
L00747,C04,9,64.8,2,2,5,Completed
L00748,C05,4,60.7,5,8,6,Completed
L00749,C08,3,74.0,5,6,7,Completed
L00750,C09,6,45.7,2,1,1,Completed
L00751,C03,5,37.7,2,1,1,Completed
L00752,C04,6,77.4,6,1,5,Completed
L00753,C03,3,52.4,2,1,1,Not Completed
L00754,C05,7,84.0,3,7,2,Completed
L00755,C07,5,63.3,4,3,5,Completed
L00756,C03,6,47.1,4,2,2,Completed
L00757,C04,2,78.0,3,3,2,Not Completed
L00758,C10,1,33.2,2,1,0,Not Completed
L00759,C01,3,67.5,3,1,1,Completed
L00760,C05,4,39.5,5,2,6,Not Completed
L00761,C08,5,50.2,4,2,2,Not Completed
L00762,C02,5,67.1,3,3,2,Completed
L00763,C01,8,78.6,1,3,5,Completed
L00764,C02,3,70.5,2,6,1,Completed
L00765,C10,2,19.9,0,0,1,Not Completed
L00766,C01,3,31.8,2,1,1,Not Completed
L00767,C02,5,52.8,1,5,0,Completed
L00768,C01,3,71.2,4,6,3,Completed
L00769,C02,6,43.1,4,1,0,Not Completed
L00770,C07,3,38.6,3,2,1,Completed
L00771,C03,9,69.0,4,5,1,Completed
L00772,C06,6,42.3,1,2,2,Not Completed
L00773,C06,6,40.3,2,0,4,Completed
L00774,C09,2,10.2,1,0,0,Not Completed
L00775,C01,11,65.4,7,4,4,Completed
L00776,C09,4,65.1,7,1,2,Completed
L00777,C07,3,48.8,3,1,1,Completed
L00778,C02,10,86.9,3,2,4,Completed
L00779,C08,1,34.8,3,1,2,Completed
L00780,C09,3,7.3,1,1,1,Not Completed
L00781,C03,1,77.2,3,5,4,Completed
L00782,C10,3,28.9,3,4,3,Completed
L00783,C05,8,62.4,2,1,1,Not Completed
L00784,C07,6,30.3,1,1,2,Not Completed
L00785,C10,9,76.1,4,2,3,Completed
L00786,C04,1,28.8,1,1,0,Not Completed
L00787,C09,8,67.2,6,2,1,Completed
L00788,C04,2,63.6,4,4,3,Completed
L00789,C08,5,42.0,0,1,1,Not Completed
L00790,C07,1,0.0,0,0,0,Not Completed
L00791,C03,3,41.5,1,3,1,Not Completed
L00792,C05,0,30.8,2,0,1,Not Completed
L00793,C04,6,68.9,7,6,4,Completed
L00794,C01,7,50.3,3,3,1,Not Completed
L00795,C01,7,82.3,5,2,4,Completed
L00796,C04,5,63.9,5,6,2,Completed
L00797,C01,0,19.2,1,0,1,Not Completed
L00798,C02,4,70.3,1,4,2,Completed
L00799,C08,4,65.5,8,4,2,Completed
L00800,C08,6,53.4,4,4,2,Completed
L00801,C08,1,66.4,1,1,3,Not Completed
L00802,C04,8,69.1,3,4,5,Completed
L00803,C09,5,36.5,2,1,2,Not Completed
L00804,C06,7,61.9,1,3,1,Completed
L00805,C02,2,56.4,2,1,1,Not Completed
L00806,C02,1,46.2,2,4,3,Not Completed
L00807,C07,7,62.2,2,4,2,Completed
L00808,C02,2,45.1,3,4,0,Not Completed
L00809,C05,5,80.5,2,3,0,Completed
L00810,C10,6,48.2,3,1,6,Completed
L00811,C01,7,60.8,1,3,1,Completed
L00812,C01,4,50.6,3,2,2,Not Completed
L00813,C10,2,31.9,5,0,1,Not Completed
L00814,C06,1,33.9,3,2,1,Not Completed
L00815,C02,4,51.4,2,4,1,Not Completed
L00816,C09,5,67.6,1,1,5,Completed
L00817,C09,14,80.0,8,3,1,Completed
L00818,C06,1,31.9,1,0,1,Not Completed
L00819,C07,6,64.8,3,1,2,Completed
L00820,C03,5,72.2,4,3,4,Completed
L00821,C01,2,38.6,1,2,6,Not Completed
L00822,C06,2,44.4,3,2,1,Not Completed
L00823,C03,9,82.8,3,2,3,Completed
L00824,C07,4,60.5,5,1,4,Completed
L00825,C09,4,84.4,3,3,2,Completed
L00826,C01,7,48.2,2,4,0,Completed
L00827,C06,7,66.2,6,6,0,Completed
L00828,C03,3,55.5,0,3,1,Not Completed
L00829,C09,8,40.5,4,4,0,Completed
L00830,C03,0,17.7,0,1,0,Not Completed
L00831,C07,9,83.3,2,3,2,Completed
L00832,C06,3,43.2,3,1,3,Not Completed
L00833,C04,11,70.8,7,3,7,Completed
L00834,C07,8,37.8,2,1,2,Not Completed
L00835,C08,4,50.4,3,4,0,Completed
L00836,C06,7,73.5,4,3,2,Completed
L00837,C08,2,76.0,7,5,4,Completed
L00838,C10,10,75.1,4,5,7,Completed
L00839,C05,4,52.1,3,3,4,Completed
L00840,C05,6,73.9,8,3,3,Completed
L00841,C01,3,50.3,5,3,2,Completed
L00842,C08,8,70.3,1,4,3,Completed
L00843,C06,9,78.1,3,6,3,Completed
L00844,C05,4,55.8,10,8,0,Completed
L00845,C01,3,27.8,2,0,4,Completed
L00846,C09,7,42.9,2,3,1,Completed
L00847,C04,0,33.2,0,1,1,Not Completed
L00848,C07,5,72.9,5,1,3,Not Completed
L00849,C02,3,60.7,2,3,3,Completed
L00850,C10,7,83.4,2,4,1,Completed
L00851,C02,1,41.8,2,1,2,Not Completed
L00852,C02,1,30.8,0,2,0,Not Completed
L00853,C09,5,60.2,4,2,3,Completed
L00854,C10,5,62.4,6,1,2,Completed
L00855,C03,3,52.5,7,1,2,Not Completed
L00856,C05,6,92.7,5,2,0,Completed
L00857,C08,8,81.6,5,4,2,Completed
L00858,C09,4,24.8,0,0,1,Completed
L00859,C04,8,30.8,5,0,1,Not Completed
L00860,C05,2,39.2,1,1,0,Not Completed
L00861,C08,3,18.6,1,1,3,Not Completed
L00862,C08,4,48.3,3,1,5,Completed
L00863,C08,0,58.6,3,2,2,Completed
L00864,C06,3,62.3,1,1,0,Completed
L00865,C02,2,38.0,3,1,3,Not Completed
L00866,C10,4,53.0,2,2,2,Completed
L00867,C09,5,36.1,0,1,1,Not Completed
L00868,C08,5,69.3,3,2,5,Completed
L00869,C01,4,70.5,3,4,1,Completed
L00870,C02,3,65.0,3,1,3,Not Completed
L00871,C08,7,93.2,4,2,2,Completed
L00872,C01,3,49.4,1,2,3,Not Completed
L00873,C10,5,81.1,3,1,1,Completed
L00874,C04,1,59.9,0,2,3,Completed
L00875,C08,8,30.8,3,0,1,Not Completed
L00876,C09,4,55.3,3,2,0,Completed
L00877,C04,3,53.8,2,1,2,Not Completed
L00878,C04,4,50.8,3,3,2,Not Completed
L00879,C07,8,82.3,6,0,2,Completed
L00880,C06,4,48.6,3,3,2,Not Completed
L00881,C05,6,56.8,5,5,9,Completed
L00882,C07,1,22.4,0,4,0,Not Completed
L00883,C10,3,32.8,2,0,0,Not Completed
L00884,C05,6,53.8,6,4,2,Completed
L00885,C02,5,24.7,3,2,4,Completed
L00886,C04,4,66.0,5,4,1,Completed
L00887,C04,3,21.4,4,4,2,Not Completed
L00888,C02,4,68.6,7,4,2,Completed
L00889,C02,3,43.3,2,3,2,Not Completed
L00890,C07,5,43.5,1,4,2,Not Completed
L00891,C04,5,68.0,5,2,3,Completed
L00892,C10,4,41.0,1,3,2,Not Completed
L00893,C03,4,42.7,2,2,3,Not Completed
L00894,C01,2,42.0,3,0,1,Not Completed
L00895,C08,1,29.1,1,2,0,Not Completed
L00896,C09,3,40.7,0,1,0,Not Completed
L00897,C03,5,87.7,3,3,0,Completed
L00898,C02,6,41.2,2,1,1,Completed
L00899,C02,7,80.8,4,4,3,Completed
L00900,C06,5,37.6,1,2,1,Not Completed
L00901,C05,10,69.0,5,5,4,Completed
L00902,C03,7,34.9,2,2,1,Completed
L00903,C01,7,57.6,6,0,5,Completed
L00904,C05,6,32.1,4,2,2,Not Completed
L00905,C10,5,70.4,2,2,3,Completed
L00906,C07,5,76.8,4,3,1,Completed
L00907,C05,6,43.3,3,3,3,Not Completed
L00908,C02,3,48.9,0,1,1,Not Completed
L00909,C03,2,18.7,4,2,0,Completed
L00910,C03,5,71.4,6,6,2,Completed
L00911,C08,4,48.1,3,3,3,Completed
L00912,C09,7,75.3,5,3,4,Not Completed
L00913,C10,5,94.5,7,3,3,Completed
L00914,C10,8,57.5,4,1,5,Completed
L00915,C10,6,35.4,0,1,1,Not Completed
L00916,C10,2,36.1,1,3,2,Not Completed
L00917,C01,4,42.5,5,2,2,Completed
L00918,C02,15,77.7,3,6,0,Completed
L00919,C04,2,54.7,1,1,4,Completed
L00920,C06,8,63.0,0,5,2,Completed
L00921,C01,1,40.7,1,1,2,Not Completed
L00922,C09,5,39.6,1,1,0,Not Completed
L00923,C07,6,72.4,3,2,3,Not Completed
L00924,C06,5,29.5,0,2,3,Not Completed
L00925,C02,4,53.3,0,5,5,Completed
L00926,C03,11,73.6,7,2,5,Completed
L00927,C02,5,47.1,1,3,1,Completed
L00928,C09,2,44.9,0,2,1,Completed
L00929,C06,7,26.1,3,0,0,Not Completed
L00930,C08,3,49.2,4,1,7,Not Completed
L00931,C03,3,10.9,3,0,2,Not Completed
L00932,C04,8,74.1,9,1,2,Completed
L00933,C05,9,69.7,4,4,1,Completed
L00934,C08,5,79.5,2,4,2,Completed
L00935,C08,9,43.4,3,3,3,Completed
L00936,C02,2,18.6,2,2,0,Completed
L00937,C10,5,79.0,6,3,5,Not Completed
L00938,C02,10,74.4,10,2,3,Completed
L00939,C09,5,43.3,1,2,2,Completed
L00940,C02,4,62.9,4,3,1,Completed
L00941,C03,4,42.7,3,1,3,Completed
L00942,C09,6,57.1,5,2,4,Completed
L00943,C02,9,88.7,3,5,4,Completed
L00944,C05,5,63.9,3,3,2,Completed
L00945,C05,2,51.3,1,3,4,Completed
L00946,C03,4,59.3,1,2,1,Not Completed
L00947,C08,5,62.0,5,2,9,Completed
L00948,C09,3,45.5,3,4,2,Completed
L00949,C09,8,56.4,4,3,3,Completed
L00950,C04,5,72.8,8,5,4,Completed
L00951,C06,9,62.0,2,1,2,Completed
L00952,C03,6,48.6,1,1,2,Completed
L00953,C03,12,63.5,3,1,5,Completed
L00954,C02,7,67.4,7,4,3,Completed
L00955,C10,9,75.1,2,0,3,Not Completed
L00956,C09,10,50.6,4,1,3,Completed
L00957,C08,4,77.9,3,5,2,Completed
L00958,C05,10,65.6,5,3,3,Completed
L00959,C05,7,48.6,2,2,5,Not Completed
L00960,C06,5,77.0,6,5,2,Completed
L00961,C06,3,54.6,1,7,3,Not Completed
L00962,C05,4,46.3,1,1,3,Completed
L00963,C02,7,36.6,1,1,3,Completed
L00964,C02,3,21.3,2,1,4,Not Completed
L00965,C10,4,51.5,2,4,2,Not Completed
L00966,C05,3,21.1,3,0,1,Not Completed
L00967,C10,7,48.1,4,4,3,Completed
L00968,C02,4,72.9,1,2,2,Completed
L00969,C06,14,54.7,2,7,2,Completed
L00970,C02,4,81.3,6,3,3,Completed
L00971,C03,4,37.3,2,0,3,Not Completed
L00972,C01,4,33.1,2,0,1,Completed
L00973,C02,6,72.6,2,1,4,Completed
L00974,C10,9,69.4,4,2,1,Completed
L00975,C04,2,17.2,2,1,2,Not Completed
L00976,C07,4,42.8,3,2,1,Completed
L00977,C05,6,84.4,2,3,7,Completed
L00978,C05,8,53.4,1,3,0,Completed
L00979,C06,9,65.2,4,3,3,Completed
L00980,C02,0,19.9,2,1,0,Not Completed
L00981,C10,2,58.6,2,1,2,Completed
L00982,C09,2,20.0,1,0,1,Not Completed
L00983,C08,2,51.8,4,4,4,Completed
L00984,C05,13,60.8,6,2,3,Completed
L00985,C02,6,84.9,3,2,2,Completed
L00986,C10,5,57.9,3,1,0,Not Completed
L00987,C04,3,22.1,1,1,1,Completed
L00988,C01,8,30.4,0,1,0,Completed
L00989,C04,8,87.0,3,3,1,Completed
L00990,C08,10,68.2,2,2,5,Completed
L00991,C07,12,87.1,5,3,5,Completed
L00992,C08,5,51.9,0,3,0,Not Completed
L00993,C08,7,78.3,3,1,5,Completed
L00994,C03,4,39.6,2,0,3,Not Completed
L00995,C10,3,58.9,5,1,7,Not Completed
L00996,C05,6,53.7,4,5,6,Completed
L00997,C07,4,53.3,2,2,0,Completed
L00998,C01,3,34.4,1,1,0,Not Completed
L00999,C10,2,42.0,4,3,3,Completed
L01000,C03,2,82.1,7,1,6,Completed
L01001,C01,4,7.7,3,0,0,Not Completed
L01002,C05,4,65.9,3,2,5,Completed
L01003,C02,7,57.4,2,0,3,Not Completed
L01004,C02,10,85.3,6,3,1,Completed
L01005,C07,4,38.0,2,2,1,Not Completed
L01006,C04,3,53.3,3,2,3,Not Completed
L01007,C10,2,19.7,0,1,0,Not Completed
L01008,C04,5,84.7,3,0,1,Not Completed
L01009,C08,8,49.6,3,1,5,Completed
L01010,C05,3,41.3,4,1,2,Not Completed
L01011,C07,3,32.3,1,3,2,Not Completed
L01012,C06,8,79.0,3,6,5,Completed
L01013,C05,3,27.8,0,0,0,Not Completed
L01014,C10,1,52.5,4,2,2,Completed
L01015,C04,7,50.3,2,1,2,Completed
L01016,C02,9,77.0,9,2,2,Completed
L01017,C07,9,82.8,5,4,4,Completed
L01018,C09,3,70.1,1,4,6,Completed
L01019,C01,2,26.4,2,1,0,Completed
L01020,C05,10,62.7,3,3,2,Completed
L01021,C09,4,49.8,4,4,2,Not Completed
L01022,C08,1,40.1,4,1,1,Not Completed
L01023,C10,3,62.0,4,6,3,Not Completed
L01024,C06,10,65.7,6,4,2,Completed
L01025,C07,3,73.6,0,0,4,Completed
L01026,C04,4,38.6,2,3,3,Completed
L01027,C10,2,48.5,1,4,1,Completed
L01028,C04,8,44.0,3,4,2,Completed
L01029,C08,5,42.1,3,2,3,Completed
L01030,C05,5,77.5,4,2,4,Not Completed
L01031,C06,0,19.8,2,0,1,Not Completed
L01032,C08,6,86.7,5,6,2,Completed
L01033,C05,4,24.1,1,1,2,Completed
L01034,C10,7,57.6,6,4,3,Completed
L01035,C05,4,64.7,3,3,1,Completed
L01036,C07,6,74.2,10,1,3,Completed
L01037,C04,9,60.0,3,1,2,Completed
L01038,C05,7,72.5,7,3,4,Completed
L01039,C05,3,69.8,1,1,2,Not Completed
L01040,C02,6,51.5,1,4,0,Completed
L01041,C01,5,68.2,2,0,3,Completed
L01042,C07,12,72.8,5,3,7,Completed
L01043,C07,7,70.5,3,8,6,Completed
L01044,C07,3,38.9,5,3,1,Completed
L01045,C01,9,76.5,1,4,1,Completed
L01046,C04,8,69.5,0,3,3,Not Completed
L01047,C02,4,42.9,4,2,2,Completed
L01048,C08,9,66.3,3,7,5,Completed
L01049,C09,2,33.1,2,0,2,Not Completed
L01050,C03,14,88.6,3,8,3,Completed
L01051,C07,9,91.2,6,1,8,Completed
L01052,C02,7,92.0,2,4,4,Completed
L01053,C03,2,81.1,2,1,1,Completed
L01054,C02,4,38.1,3,1,0,Not Completed
L01055,C03,3,43.0,0,4,0,Not Completed
L01056,C07,5,65.8,2,3,3,Not Completed
L01057,C10,5,63.4,4,1,2,Completed
L01058,C02,0,57.3,2,2,2,Completed
L01059,C06,3,41.6,2,1,4,Completed
L01060,C08,4,35.1,5,2,3,Completed
L01061,C10,5,64.7,4,2,4,Not Completed
L01062,C07,7,84.6,9,1,2,Completed
L01063,C03,5,30.4,1,1,1,Completed
L01064,C07,9,69.7,3,3,2,Completed
L01065,C04,7,58.9,3,3,0,Completed
L01066,C10,7,91.9,5,1,5,Completed
L01067,C04,4,39.9,1,2,1,Not Completed
L01068,C07,7,73.8,4,4,4,Completed
L01069,C01,12,66.1,5,1,2,Completed
L01070,C05,3,53.1,4,5,0,Completed
L01071,C09,3,39.1,4,5,1,Not Completed
L01072,C07,7,62.4,2,5,3,Completed
L01073,C05,3,74.9,3,6,2,Not Completed
L01074,C10,1,21.8,0,1,2,Not Completed
L01075,C09,0,75.9,10,3,3,Not Completed
L01076,C04,8,62.6,4,3,1,Completed
L01077,C06,8,92.3,3,2,2,Completed
L01078,C05,9,77.2,7,4,8,Completed
L01079,C07,4,35.2,2,1,2,Not Completed
L01080,C04,2,13.7,0,1,0,Completed
L01081,C03,2,29.7,1,1,2,Completed
L01082,C10,4,32.2,0,1,0,Not Completed
L01083,C10,6,100.0,5,8,7,Completed
L01084,C09,9,55.4,3,1,4,Completed
L01085,C10,8,48.2,3,4,3,Completed
L01086,C08,5,63.4,3,0,2,Not Completed
L01087,C08,8,59.8,1,2,2,Completed
L01088,C08,4,67.8,1,2,3,Not Completed
L01089,C05,2,71.2,5,4,3,Not Completed
L01090,C05,2,55.6,3,2,0,Completed
L01091,C03,2,43.6,3,2,1,Not Completed
L01092,C07,4,39.0,2,1,1,Not Completed
L01093,C03,6,62.1,7,6,4,Completed
L01094,C03,4,28.1,2,2,0,Not Completed
L01095,C06,2,16.0,1,1,2,Not Completed
L01096,C05,7,47.4,5,0,3,Completed
L01097,C03,4,69.3,5,2,6,Completed
L01098,C09,2,53.4,2,0,7,Completed
L01099,C09,3,31.1,1,1,3,Not Completed
L01100,C02,4,58.7,6,3,2,Completed
L01101,C01,1,49.7,2,4,1,Not Completed
L01102,C04,7,47.1,3,2,2,Completed
L01103,C08,6,72.6,3,6,3,Completed
L01104,C09,7,36.1,2,1,3,Not Completed
L01105,C02,7,52.1,5,3,3,Completed
L01106,C08,3,57.8,3,3,1,Not Completed
L01107,C02,6,71.5,2,4,0,Completed
L01108,C04,2,63.1,8,5,1,Completed
L01109,C10,5,38.7,1,2,3,Not Completed
L01110,C02,3,52.9,3,4,4,Completed
L01111,C02,6,53.7,0,2,1,Completed
L01112,C05,12,63.7,2,3,3,Completed
L01113,C07,3,60.2,6,2,0,Completed
L01114,C10,7,39.9,4,1,2,Not Completed
L01115,C10,4,58.1,3,4,4,Not Completed
L01116,C01,9,90.2,2,6,3,Completed
L01117,C02,2,59.2,1,4,1,Completed
L01118,C08,1,16.4,1,2,0,Not Completed
L01119,C03,5,67.0,4,2,1,Completed
L01120,C09,7,49.8,3,3,1,Not Completed
L01121,C07,2,61.6,5,2,7,Completed
L01122,C02,8,68.1,5,4,4,Completed
L01123,C09,6,76.4,4,3,3,Completed
L01124,C02,2,72.5,3,2,1,Completed
L01125,C05,2,27.5,1,3,0,Not Completed
L01126,C06,4,51.6,3,0,2,Not Completed
L01127,C05,10,55.8,6,1,3,Completed
L01128,C07,3,21.3,1,0,2,Completed
L01129,C07,4,69.1,2,1,2,Completed
L01130,C10,5,33.6,2,1,2,Not Completed
L01131,C10,2,18.5,2,1,0,Not Completed
L01132,C05,5,62.4,3,2,2,Completed
L01133,C01,4,30.7,3,1,3,Completed
L01134,C08,4,41.0,3,1,4,Completed
L01135,C10,9,59.5,6,4,5,Completed
L01136,C04,13,71.6,4,2,5,Completed
L01137,C05,8,61.1,3,2,1,Not Completed
L01138,C05,6,42.7,1,0,4,Completed
L01139,C01,3,44.0,2,2,0,Completed
L01140,C07,7,78.3,4,3,4,Not Completed
L01141,C04,2,24.3,5,0,1,Not Completed
L01142,C08,10,71.0,6,2,3,Completed
L01143,C09,4,55.5,3,1,2,Completed
L01144,C09,2,43.0,7,3,1,Not Completed
L01145,C05,3,83.4,7,1,3,Completed
L01146,C04,10,89.9,2,5,5,Completed
L01147,C08,3,78.7,2,7,2,Completed
L01148,C08,2,78.7,4,3,3,Not Completed
L01149,C05,4,47.1,1,2,2,Completed
L01150,C09,7,53.0,4,1,2,Completed
L01151,C02,7,59.0,2,3,1,Completed
L01152,C09,4,37.7,1,2,2,Not Completed
L01153,C01,1,42.5,3,0,3,Completed
L01154,C02,9,41.8,5,0,3,Completed
L01155,C06,8,63.5,2,5,2,Completed
L01156,C01,9,54.5,2,4,3,Completed
L01157,C01,6,65.3,0,8,3,Completed
L01158,C01,6,78.9,2,2,4,Not Completed
L01159,C05,6,26.7,1,3,1,Completed
L01160,C08,15,82.8,7,2,7,Completed
L01161,C01,1,53.1,1,1,1,Not Completed
L01162,C07,8,44.1,6,0,1,Completed
L01163,C09,7,60.5,3,2,2,Completed
L01164,C02,4,18.0,1,0,0,Not Completed
L01165,C02,8,73.6,5,4,5,Completed
L01166,C09,8,71.6,4,5,3,Completed
L01167,C09,6,59.1,2,1,3,Completed
L01168,C06,6,90.5,6,4,3,Completed
L01169,C09,6,47.2,5,4,6,Completed
L01170,C01,10,66.6,4,2,3,Completed
L01171,C04,8,31.6,2,2,2,Not Completed
L01172,C08,4,77.3,5,2,2,Completed
L01173,C03,5,73.7,4,3,2,Not Completed
L01174,C08,5,62.5,4,4,5,Completed
L01175,C05,6,68.0,3,2,2,Completed
L01176,C08,8,46.0,4,2,1,Completed
L01177,C05,7,93.5,4,1,3,Completed
L01178,C04,8,71.9,6,0,4,Completed
L01179,C03,3,76.9,3,8,0,Completed
L01180,C02,1,12.8,0,0,1,Completed
L01181,C08,8,84.7,3,1,4,Completed
L01182,C02,4,49.4,2,3,1,Completed
L01183,C01,3,87.1,4,5,4,Completed
L01184,C02,8,78.2,6,2,1,Completed
L01185,C02,5,81.9,0,2,3,Completed
L01186,C09,3,57.9,3,2,1,Not Completed
L01187,C04,9,34.2,3,1,1,Completed
L01188,C10,4,31.3,0,0,1,Completed
L01189,C02,4,32.3,0,3,1,Not Completed
L01190,C07,4,59.8,3,1,1,Completed
L01191,C05,7,71.6,5,2,0,Not Completed
L01192,C04,5,55.9,2,2,2,Completed
L01193,C09,8,91.7,6,3,4,Completed
L01194,C10,8,85.5,8,4,1,Completed
L01195,C09,2,36.3,0,0,2,Not Completed
L01196,C02,3,62.3,4,2,3,Completed
L01197,C03,6,59.7,4,2,4,Completed
L01198,C07,4,81.5,3,5,3,Completed
L01199,C03,3,54.5,2,1,3,Completed
L01200,C08,6,56.4,3,3,0,Completed
L01201,C06,8,44.8,3,1,1,Completed
L01202,C06,8,61.8,4,5,3,Completed
L01203,C09,3,41.0,1,3,2,Not Completed
L01204,C08,9,72.9,4,5,2,Completed
L01205,C01,8,55.9,7,1,1,Not Completed
L01206,C01,0,31.9,2,1,1,Completed
L01207,C07,10,68.5,2,7,5,Completed
L01208,C05,9,81.2,3,3,5,Completed
L01209,C03,5,40.6,2,3,0,Not Completed
L01210,C05,4,35.0,2,2,1,Not Completed
L01211,C08,7,26.3,1,3,1,Completed
L01212,C09,5,16.7,1,1,2,Completed
L01213,C06,6,47.3,3,4,4,Completed
L01214,C04,2,60.0,1,2,1,Not Completed
L01215,C03,5,68.3,5,3,3,Completed
L01216,C06,5,78.4,4,6,5,Completed
L01217,C04,5,41.4,3,0,2,Completed
L01218,C06,5,49.7,4,1,3,Not Completed
L01219,C07,6,54.1,1,3,2,Not Completed
L01220,C01,7,65.3,5,5,0,Completed
L01221,C01,2,44.7,2,2,2,Not Completed
L01222,C03,3,39.3,0,2,1,Not Completed
L01223,C09,3,21.5,1,3,0,Not Completed
L01224,C07,0,22.2,1,0,2,Not Completed
L01225,C02,1,24.3,4,0,0,Not Completed
L01226,C09,9,61.3,4,0,4,Completed
L01227,C05,4,17.0,4,3,2,Not Completed
L01228,C05,4,34.5,1,1,3,Not Completed
L01229,C10,5,43.1,3,0,2,Completed
L01230,C01,6,62.3,3,6,3,Completed
L01231,C03,5,85.8,2,4,5,Completed
L01232,C06,4,61.2,3,5,1,Completed
L01233,C02,4,36.8,0,0,1,Completed
L01234,C07,6,39.8,0,2,0,Completed
L01235,C03,3,0.0,0,1,0,Not Completed
L01236,C01,7,78.4,2,4,3,Completed
L01237,C02,3,54.1,1,1,1,Completed
L01238,C05,9,76.5,2,3,5,Completed
L01239,C02,7,80.4,7,6,4,Completed
L01240,C02,9,87.9,4,3,4,Completed
L01241,C09,6,68.7,3,4,1,Completed
L01242,C04,4,85.9,7,1,3,Completed
L01243,C04,3,36.4,3,0,1,Not Completed
L01244,C01,6,60.0,2,2,3,Completed
L01245,C04,4,67.3,4,3,2,Completed
L01246,C03,2,30.9,0,1,0,Not Completed
L01247,C07,4,54.5,7,1,2,Not Completed
L01248,C02,11,80.8,5,3,2,Completed
L01249,C09,4,35.8,1,0,3,Completed
L01250,C10,5,60.3,1,2,5,Completed
L01251,C01,2,57.0,1,3,0,Not Completed
L01252,C02,7,29.6,2,1,2,Not Completed
L01253,C02,3,32.6,0,1,2,Completed
L01254,C07,6,63.8,5,3,6,Completed
L01255,C02,9,46.0,5,2,0,Completed
L01256,C09,6,63.1,6,1,5,Completed
L01257,C08,8,44.9,3,7,5,Completed
L01258,C09,8,74.5,3,4,1,Completed
L01259,C06,5,25.0,3,1,4,Not Completed
L01260,C10,1,40.7,2,5,0,Not Completed
L01261,C01,8,70.8,2,3,3,Completed
L01262,C05,5,83.9,4,2,5,Completed
L01263,C04,4,68.3,4,7,3,Completed
L01264,C10,5,69.7,7,3,2,Completed
L01265,C06,13,67.0,6,1,6,Completed
L01266,C08,5,53.2,2,1,1,Completed
L01267,C02,5,85.4,6,8,4,Completed
L01268,C10,8,56.0,4,1,0,Completed
L01269,C05,9,63.8,4,2,4,Completed
L01270,C05,5,49.1,3,0,2,Not Completed
L01271,C10,6,47.9,2,1,2,Completed
L01272,C04,6,71.1,2,3,2,Not Completed
L01273,C04,5,70.6,1,7,5,Completed
L01274,C06,6,51.2,1,2,1,Completed
L01275,C02,3,65.7,2,5,5,Completed
L01276,C04,5,45.2,2,3,3,Completed
L01277,C02,13,83.8,4,4,4,Completed
L01278,C02,7,57.7,3,7,2,Completed
L01279,C09,9,97.9,6,3,4,Completed
L01280,C06,2,35.2,0,0,1,Not Completed
L01281,C04,3,58.4,1,1,1,Not Completed
L01282,C05,8,81.9,3,2,7,Completed
L01283,C05,2,39.4,3,0,0,Completed
L01284,C07,4,61.8,4,5,4,Completed
L01285,C10,11,72.2,3,6,2,Completed
L01286,C10,2,71.5,0,4,2,Not Completed
L01287,C04,7,64.3,6,2,5,Completed
L01288,C04,10,81.6,7,5,5,Completed
L01289,C05,9,41.0,2,0,2,Not Completed
L01290,C06,12,72.2,6,2,3,Completed
L01291,C05,5,55.5,2,3,4,Completed
L01292,C07,9,66.9,2,0,0,Not Completed
L01293,C06,9,94.7,0,5,1,Completed
L01294,C04,4,51.0,1,2,1,Completed
L01295,C04,5,58.6,3,2,1,Completed
L01296,C04,4,66.6,0,0,3,Not Completed
L01297,C01,6,51.6,2,1,2,Completed
L01298,C02,8,76.9,3,5,1,Completed
L01299,C08,8,90.2,6,3,3,Completed
L01300,C04,8,71.4,3,3,6,Completed
L01301,C03,6,39.4,3,2,3,Not Completed
L01302,C06,3,29.9,1,1,2,Not Completed
L01303,C08,6,50.7,3,0,5,Completed
L01304,C03,5,81.1,3,3,5,Completed
L01305,C09,3,49.2,2,1,1,Not Completed
L01306,C10,6,83.0,6,4,2,Completed
L01307,C06,8,75.4,3,5,2,Completed
L01308,C07,7,77.1,5,4,2,Completed
L01309,C01,6,94.5,4,8,4,Completed
L01310,C10,3,52.5,4,0,4,Not Completed
L01311,C04,6,67.4,1,0,2,Completed
L01312,C10,5,58.8,2,1,3,Completed
L01313,C06,6,27.9,0,1,1,Not Completed
L01314,C01,4,54.2,2,1,2,Completed
L01315,C01,1,15.9,2,2,3,Not Completed
L01316,C07,9,75.2,2,2,6,Completed
L01317,C06,3,25.9,0,0,1,Not Completed
L01318,C01,10,47.5,5,1,2,Completed
L01319,C08,2,35.8,7,0,7,Not Completed
L01320,C09,5,52.3,0,3,3,Completed
L01321,C05,0,70.2,1,2,1,Not Completed
L01322,C05,3,50.9,3,2,1,Completed
L01323,C01,3,16.6,2,1,4,Not Completed
L01324,C08,3,18.8,1,1,1,Not Completed
L01325,C04,3,72.8,7,5,7,Completed
L01326,C09,6,51.1,1,1,4,Completed
L01327,C04,7,64.6,3,0,3,Not Completed
L01328,C06,6,73.6,4,2,8,Completed
L01329,C03,7,96.9,3,2,2,Completed
L01330,C02,7,54.7,6,3,1,Completed
L01331,C08,5,28.9,2,3,4,Not Completed
L01332,C05,5,73.1,5,3,3,Completed
L01333,C06,5,33.8,2,2,2,Completed
L01334,C10,0,12.1,1,1,0,Not Completed
L01335,C10,7,57.3,4,6,3,Not Completed
L01336,C09,5,80.0,4,2,3,Completed
L01337,C02,4,71.7,4,3,0,Completed
L01338,C06,5,56.1,4,2,0,Not Completed
L01339,C09,8,52.8,3,3,6,Completed
L01340,C04,7,100.0,8,3,10,Completed
L01341,C02,5,37.1,0,2,1,Not Completed
L01342,C09,6,44.0,3,1,3,Completed
L01343,C05,6,60.1,4,8,3,Completed
L01344,C06,5,74.8,3,7,8,Completed
L01345,C10,5,52.1,3,1,2,Completed
L01346,C07,9,67.9,1,1,1,Completed
L01347,C05,4,61.9,2,1,2,Completed
L01348,C04,11,67.3,4,1,5,Completed
L01349,C05,12,51.5,4,3,2,Completed
L01350,C02,6,85.8,5,3,4,Completed
L01351,C08,4,46.8,2,4,2,Completed
L01352,C09,6,54.9,1,3,3,Completed
L01353,C03,2,36.1,0,1,1,Completed
L01354,C04,4,72.9,2,2,1,Completed
L01355,C09,5,84.6,1,4,6,Not Completed
L01356,C01,4,44.2,0,5,2,Not Completed
L01357,C06,9,73.1,2,2,0,Completed
L01358,C05,6,63.2,3,2,3,Completed
L01359,C07,5,56.8,0,1,1,Completed
L01360,C02,5,80.5,10,2,1,Completed
L01361,C07,11,55.4,4,2,2,Completed
L01362,C04,2,31.1,2,2,1,Completed
L01363,C07,2,40.6,3,0,1,Not Completed
L01364,C01,4,46.9,1,1,0,Completed
L01365,C05,3,19.7,0,0,1,Completed
L01366,C06,7,62.2,2,3,6,Completed
L01367,C03,1,46.7,1,2,1,Not Completed
L01368,C02,5,28.0,1,0,1,Not Completed
L01369,C02,7,64.4,4,3,1,Completed
L01370,C04,1,76.6,9,4,1,Completed
L01371,C01,4,84.3,2,2,4,Completed
L01372,C10,7,40.1,5,1,1,Completed
L01373,C05,5,83.5,9,4,4,Completed
L01374,C08,7,62.1,4,3,4,Completed
L01375,C10,8,85.0,6,3,3,Completed
L01376,C01,6,55.9,1,1,2,Not Completed
L01377,C07,6,89.3,3,4,2,Completed
L01378,C09,4,52.2,4,3,3,Not Completed
L01379,C07,5,68.1,7,4,4,Completed
L01380,C05,1,21.5,0,2,0,Not Completed
L01381,C05,4,56.7,3,5,1,Not Completed
L01382,C01,3,45.9,3,4,4,Completed
L01383,C06,11,80.4,4,5,2,Completed
L01384,C10,5,48.8,6,3,3,Completed
L01385,C10,3,33.1,2,3,3,Not Completed
L01386,C01,7,58.8,1,4,0,Completed
L01387,C08,4,87.5,3,4,6,Not Completed
L01388,C04,8,49.6,5,3,3,Completed
L01389,C10,8,91.1,10,2,10,Completed
L01390,C01,2,28.7,2,0,0,Not Completed
L01391,C10,2,38.9,4,2,3,Not Completed
L01392,C09,7,35.7,3,1,1,Not Completed
L01393,C02,11,54.5,1,2,3,Completed
L01394,C01,9,87.8,8,1,5,Completed
L01395,C09,7,67.3,2,2,0,Not Completed
L01396,C02,1,60.2,1,3,1,Not Completed
L01397,C06,6,59.4,5,1,2,Completed
L01398,C10,5,87.4,4,3,4,Completed
L01399,C06,4,63.1,7,2,4,Completed
L01400,C04,8,58.3,5,3,4,Completed
L01401,C05,4,23.0,2,2,3,Not Completed
L01402,C01,9,64.2,4,3,4,Not Completed
L01403,C10,8,70.5,3,3,3,Completed
L01404,C04,7,53.5,2,2,1,Completed
L01405,C02,3,22.7,2,1,2,Completed
L01406,C03,5,63.6,2,2,2,Completed
L01407,C10,5,77.9,4,5,5,Completed
L01408,C01,7,76.2,5,3,2,Completed
L01409,C09,7,79.6,4,3,2,Completed
L01410,C08,5,83.7,3,4,4,Completed
L01411,C09,8,57.1,4,4,5,Completed
L01412,C10,3,47.7,1,3,3,Completed
L01413,C09,6,55.6,1,2,4,Completed
L01414,C10,4,71.4,3,2,2,Not Completed
L01415,C02,7,73.6,1,5,6,Completed
L01416,C08,9,64.1,6,4,3,Completed
L01417,C06,4,95.4,9,5,2,Completed
L01418,C06,5,81.4,8,3,6,Completed
L01419,C09,3,88.9,5,4,5,Completed
L01420,C10,2,28.8,1,0,0,Not Completed
L01421,C08,6,82.8,5,4,5,Completed
L01422,C05,4,60.1,6,3,4,Completed
L01423,C05,7,89.7,5,6,5,Completed
L01424,C04,4,27.6,2,2,1,Completed
L01425,C04,2,32.8,1,1,1,Not Completed
L01426,C04,3,50.9,6,2,3,Not Completed
L01427,C01,8,24.0,2,2,1,Completed
L01428,C01,9,71.9,8,3,2,Completed
L01429,C08,6,57.1,6,1,3,Completed
L01430,C05,3,45.2,3,8,3,Not Completed
L01431,C10,4,35.1,2,3,1,Completed
L01432,C07,4,57.8,3,4,0,Completed
L01433,C01,4,51.7,2,0,2,Not Completed
L01434,C02,5,39.9,4,2,3,Completed
L01435,C02,6,49.1,1,1,0,Completed
L01436,C10,3,37.6,1,1,1,Not Completed
L01437,C03,7,54.7,5,5,3,Completed
L01438,C05,12,90.8,6,2,4,Completed
L01439,C10,9,50.1,6,1,7,Not Completed
L01440,C10,9,100.0,3,5,1,Completed
L01441,C03,5,97.3,4,3,8,Completed
L01442,C01,6,89.5,2,3,3,Completed
L01443,C02,2,39.4,5,1,1,Not Completed
L01444,C01,4,60.1,3,0,1,Not Completed
L01445,C02,9,45.2,2,1,4,Not Completed
L01446,C06,4,71.2,1,7,2,Not Completed
L01447,C10,3,63.0,2,4,2,Completed
L01448,C06,8,53.2,5,4,1,Completed
L01449,C07,3,48.9,5,6,4,Completed
L01450,C02,5,22.7,3,0,3,Not Completed
L01451,C08,3,58.0,3,1,2,Not Completed
L01452,C07,10,53.8,3,5,8,Completed
L01453,C09,5,71.4,4,1,3,Completed
L01454,C10,6,61.3,1,0,2,Not Completed
L01455,C04,6,54.4,0,1,3,Not Completed
L01456,C01,7,65.3,6,3,4,Not Completed
L01457,C03,2,21.5,1,2,0,Not Completed
L01458,C05,7,79.9,3,4,6,Completed
L01459,C10,6,77.4,9,4,8,Completed
L01460,C04,3,54.9,2,3,2,Not Completed
L01461,C08,5,68.3,1,1,3,Not Completed
L01462,C06,4,56.2,5,2,4,Completed
L01463,C02,10,90.8,8,2,4,Completed
L01464,C04,9,75.9,3,5,8,Completed
L01465,C07,4,49.0,2,0,2,Not Completed
L01466,C07,3,38.2,3,3,1,Not Completed
L01467,C05,7,53.5,3,5,2,Completed
L01468,C03,3,41.3,1,2,0,Completed
L01469,C08,5,71.0,4,5,3,Not Completed
L01470,C02,3,43.7,1,2,0,Not Completed
L01471,C10,6,49.7,1,3,4,Completed
L01472,C02,4,57.6,4,4,2,Not Completed
L01473,C02,5,71.2,7,6,6,Completed
L01474,C05,1,17.4,3,1,1,Not Completed
L01475,C05,6,39.3,2,1,2,Completed
L01476,C05,4,47.3,0,1,3,Completed
L01477,C05,4,91.8,3,3,2,Completed
L01478,C10,9,46.4,3,2,3,Not Completed
L01479,C05,7,60.9,3,5,4,Completed
L01480,C05,6,53.3,2,3,5,Completed
L01481,C05,5,56.8,2,4,5,Completed
L01482,C01,7,36.0,1,0,0,Completed
L01483,C06,3,28.5,3,3,2,Completed
L01484,C03,5,40.9,2,1,2,Not Completed
L01485,C07,4,49.7,4,5,1,Completed
L01486,C01,1,58.5,1,2,3,Completed
L01487,C10,4,31.0,1,0,1,Completed
L01488,C05,7,75.5,7,6,2,Completed
L01489,C09,6,57.1,6,2,2,Not Completed
L01490,C05,5,69.1,3,3,6,Completed
L01491,C01,4,47.0,2,3,2,Completed
L01492,C09,7,68.8,6,0,3,Completed
L01493,C07,12,92.5,10,3,7,Completed
L01494,C08,7,64.8,3,1,2,Completed
L01495,C05,4,46.1,3,4,1,Not Completed
L01496,C07,10,66.1,2,4,1,Completed
L01497,C09,5,83.2,5,6,2,Completed
L01498,C07,3,20.9,1,0,3,Completed
L01499,C04,2,45.9,6,1,3,Not Completed
L01500,C07,4,50.0,2,0,1,Not Completed
L01501,C07,7,70.2,4,7,4,Completed
L01502,C10,6,65.1,7,4,3,Completed
L01503,C04,2,46.9,3,4,1,Not Completed
L01504,C05,7,80.8,0,3,1,Not Completed
L01505,C09,5,85.4,7,3,5,Completed
L01506,C05,11,61.0,3,5,2,Completed
L01507,C08,2,66.3,2,2,6,Completed
L01508,C05,5,36.2,2,2,1,Not Completed
L01509,C03,7,66.3,4,5,5,Completed
L01510,C08,3,68.7,2,2,2,Not Completed
L01511,C02,5,43.9,4,5,6,Completed
L01512,C02,4,35.9,2,2,0,Completed
L01513,C07,11,72.7,4,5,3,Completed
L01514,C08,4,75.0,5,2,3,Completed
L01515,C09,7,84.0,8,1,5,Completed
L01516,C03,5,35.4,1,1,1,Not Completed
L01517,C02,2,17.1,2,1,1,Completed
L01518,C10,10,59.4,5,3,2,Completed
L01519,C02,4,60.1,2,1,2,Not Completed
L01520,C02,10,86.3,3,6,5,Completed
L01521,C03,3,66.7,4,3,2,Completed
L01522,C06,2,36.7,1,2,1,Completed
L01523,C09,10,58.8,6,2,2,Completed
L01524,C08,7,64.5,3,6,3,Completed
L01525,C08,8,74.4,5,3,2,Completed
L01526,C02,7,62.4,1,7,6,Completed
L01527,C04,4,64.4,6,4,9,Completed
L01528,C05,3,56.5,2,1,3,Not Completed
L01529,C02,7,39.5,2,2,3,Not Completed
L01530,C03,6,74.0,5,1,3,Completed
L01531,C04,6,66.8,5,2,3,Completed
L01532,C02,1,37.8,3,2,1,Completed
L01533,C06,6,58.0,4,2,4,Not Completed
L01534,C08,7,59.0,5,1,2,Not Completed
L01535,C01,2,42.0,2,3,1,Not Completed
L01536,C05,11,52.0,4,2,4,Completed
L01537,C08,8,85.6,5,4,3,Completed
L01538,C08,1,24.1,2,2,1,Not Completed
L01539,C09,4,67.0,6,1,6,Completed
L01540,C05,4,68.7,7,3,1,Completed
L01541,C09,1,18.5,0,0,1,Not Completed
L01542,C03,4,53.7,1,3,2,Completed
L01543,C04,6,46.7,1,2,2,Completed
L01544,C02,3,62.3,3,4,6,Not Completed
L01545,C05,14,63.2,7,4,4,Completed
L01546,C04,7,80.5,5,3,2,Completed
L01547,C03,2,29.8,0,2,3,Completed
L01548,C08,3,55.5,3,3,1,Not Completed
L01549,C04,6,44.6,6,1,1,Completed
L01550,C03,6,61.1,1,2,4,Completed
L01551,C02,7,68.0,6,1,3,Not Completed
L01552,C05,8,90.3,3,5,3,Completed
L01553,C04,5,67.2,7,2,3,Completed
L01554,C04,1,49.4,2,0,2,Not Completed
L01555,C03,6,27.3,2,1,2,Completed
L01556,C08,5,53.1,1,2,4,Completed
L01557,C10,4,53.4,5,2,1,Completed
L01558,C05,8,60.5,4,0,3,Completed
L01559,C07,8,71.1,6,2,8,Completed
L01560,C09,4,52.6,2,4,3,Not Completed
L01561,C10,4,82.9,2,3,4,Completed
L01562,C07,2,31.3,0,0,4,Not Completed
L01563,C09,3,50.2,4,3,0,Not Completed
L01564,C10,7,64.2,5,2,4,Completed
L01565,C08,6,55.2,4,4,4,Completed
L01566,C05,3,41.8,4,2,3,Completed
L01567,C01,8,54.2,4,1,7,Completed
L01568,C01,6,95.7,6,5,5,Completed
L01569,C05,5,29.8,3,4,2,Completed
L01570,C05,4,73.2,8,7,1,Completed
L01571,C05,5,51.0,2,3,2,Completed
L01572,C06,3,58.5,2,3,5,Completed
L01573,C06,8,65.0,3,4,1,Completed
L01574,C09,5,66.8,2,2,6,Completed
L01575,C02,4,18.2,0,3,3,Not Completed
L01576,C03,5,62.3,2,1,2,Completed
L01577,C08,2,7.3,0,0,0,Not Completed
L01578,C09,8,62.3,4,3,1,Completed
L01579,C10,3,17.4,1,2,0,Not Completed
L01580,C09,0,48.6,1,4,1,Completed
L01581,C09,2,47.2,2,2,1,Not Completed
L01582,C04,8,77.3,8,5,2,Not Completed
L01583,C05,2,27.6,0,2,1,Not Completed
L01584,C03,1,29.9,2,0,0,Not Completed
L01585,C07,12,99.8,7,1,0,Completed
L01586,C10,6,81.7,3,2,3,Completed
L01587,C04,4,29.2,3,5,1,Not Completed
L01588,C06,3,39.0,2,0,3,Not Completed
L01589,C03,7,86.2,5,5,4,Completed
L01590,C02,6,35.6,1,3,0,Completed
L01591,C02,3,43.4,1,1,0,Not Completed
L01592,C01,5,83.6,1,0,3,Completed
L01593,C10,3,23.3,0,0,1,Completed
L01594,C05,10,63.2,2,1,4,Completed
L01595,C09,8,97.9,5,3,3,Completed
L01596,C07,6,43.4,2,3,0,Not Completed
L01597,C02,4,56.3,2,1,3,Not Completed
L01598,C02,4,64.2,2,2,2,Completed
L01599,C09,5,36.9,1,1,0,Not Completed
L01600,C03,7,77.6,1,1,2,Completed
L01601,C10,1,25.0,3,7,1,Completed
L01602,C02,5,57.7,1,2,2,Not Completed
L01603,C07,3,37.5,2,1,1,Not Completed
L01604,C09,3,53.7,2,1,2,Completed
L01605,C03,5,55.9,4,2,2,Completed
L01606,C03,3,33.9,0,0,0,Not Completed
L01607,C10,4,68.9,1,2,5,Not Completed
L01608,C03,12,80.3,4,1,4,Completed
L01609,C05,11,65.9,4,4,3,Completed
L01610,C05,9,84.2,2,3,7,Completed
L01611,C03,13,88.2,5,4,5,Completed
L01612,C08,3,53.6,4,1,1,Completed
L01613,C08,7,68.8,2,4,3,Completed
L01614,C04,6,54.2,1,1,0,Completed
L01615,C09,4,77.7,1,4,3,Completed
L01616,C03,5,43.2,4,0,0,Not Completed
L01617,C01,7,78.4,1,2,4,Not Completed
L01618,C06,5,53.0,3,2,3,Not Completed
L01619,C10,5,82.2,4,2,5,Completed
L01620,C01,0,32.8,1,0,0,Not Completed
L01621,C02,3,32.2,1,1,2,Not Completed
L01622,C05,7,78.3,4,5,5,Completed
L01623,C08,7,48.0,1,0,2,Completed
L01624,C01,3,35.5,1,0,1,Not Completed
L01625,C04,9,73.9,3,4,5,Completed
L01626,C08,3,22.9,2,2,0,Completed
L01627,C04,2,14.1,0,0,0,Not Completed
L01628,C02,8,33.5,2,4,2,Completed
L01629,C02,12,68.4,3,4,2,Completed
L01630,C05,1,27.5,4,2,0,Completed
L01631,C05,9,67.8,1,1,3,Completed
L01632,C09,11,68.5,6,4,4,Completed
L01633,C07,3,52.1,4,2,0,Not Completed
L01634,C07,9,32.8,5,3,1,Completed
L01635,C10,2,50.5,3,2,2,Not Completed
L01636,C05,7,80.8,3,3,3,Completed
L01637,C05,2,50.0,6,1,7,Completed
L01638,C10,2,19.4,0,0,1,Not Completed
L01639,C03,7,66.4,6,2,3,Completed
L01640,C08,2,11.4,2,0,2,Completed
L01641,C08,0,23.1,2,3,1,Not Completed
L01642,C01,0,29.3,1,1,1,Completed
L01643,C05,4,54.8,0,2,2,Completed
L01644,C02,8,68.4,6,1,2,Completed
L01645,C02,6,48.7,1,0,0,Not Completed
L01646,C05,4,59.3,0,1,3,Not Completed
L01647,C03,7,75.9,9,3,3,Completed
L01648,C08,5,35.2,5,0,1,Not Completed
L01649,C10,2,14.8,4,4,3,Completed
L01650,C08,1,20.3,1,3,0,Not Completed
L01651,C03,5,35.0,0,1,0,Not Completed
L01652,C03,7,91.1,4,4,1,Completed
L01653,C03,5,62.7,3,4,4,Not Completed
L01654,C02,2,39.2,2,0,1,Not Completed
L01655,C10,6,89.0,3,3,1,Completed
L01656,C05,4,35.9,4,1,2,Completed
L01657,C03,6,53.7,6,2,0,Completed
L01658,C09,5,33.3,3,2,3,Not Completed
L01659,C04,9,36.6,4,2,4,Completed
L01660,C01,6,49.5,4,1,1,Completed
L01661,C02,5,38.3,2,1,0,Not Completed
L01662,C07,3,45.5,3,3,4,Completed
L01663,C08,5,51.2,2,2,0,Not Completed
L01664,C03,7,55.4,6,6,1,Completed
L01665,C10,3,43.7,3,3,3,Completed
L01666,C09,10,52.7,1,1,1,Completed
L01667,C09,11,72.8,3,4,5,Completed
L01668,C03,12,69.3,7,2,3,Not Completed
L01669,C01,5,56.4,6,2,1,Not Completed
L01670,C09,1,61.8,0,2,0,Completed
L01671,C04,6,66.7,1,3,1,Completed
L01672,C07,4,50.6,3,4,4,Completed
L01673,C08,5,72.3,4,1,2,Completed
L01674,C02,4,60.4,4,2,1,Completed
L01675,C08,5,44.3,0,1,1,Completed
L01676,C10,4,54.9,1,1,2,Completed
L01677,C08,2,14.9,2,1,0,Completed
L01678,C05,7,100.0,5,4,3,Completed
L01679,C09,5,60.7,1,2,5,Completed
L01680,C06,1,17.3,2,2,0,Completed
L01681,C08,5,71.2,2,4,2,Not Completed
L01682,C09,7,71.7,5,2,1,Not Completed
L01683,C08,4,30.8,1,2,3,Not Completed
L01684,C03,5,50.8,2,1,4,Completed
L01685,C02,6,77.2,2,2,3,Completed
L01686,C03,4,51.4,2,1,2,Not Completed
L01687,C05,3,63.1,2,3,4,Not Completed
L01688,C05,2,16.4,1,2,1,Not Completed
L01689,C06,5,49.8,2,2,2,Not Completed
L01690,C04,3,45.5,0,2,3,Not Completed
L01691,C08,2,17.0,4,2,2,Not Completed
L01692,C10,2,53.1,4,5,1,Not Completed
L01693,C03,14,87.3,4,2,8,Completed
L01694,C08,1,62.0,2,1,2,Completed
L01695,C07,8,78.6,5,4,5,Completed
L01696,C06,8,71.5,2,5,2,Completed
L01697,C02,1,84.1,7,1,5,Completed
L01698,C08,5,59.5,4,2,4,Completed
L01699,C10,8,92.4,5,2,1,Completed
L01700,C08,3,34.4,1,1,3,Not Completed
L01701,C10,3,44.3,1,2,2,Not Completed
L01702,C10,1,37.9,1,2,1,Not Completed
L01703,C04,5,63.2,3,4,0,Completed
L01704,C07,3,46.0,5,2,0,Completed
L01705,C05,4,57.6,5,0,0,Completed
L01706,C10,4,75.3,3,3,2,Completed
L01707,C01,8,48.0,2,2,2,Not Completed
L01708,C05,5,66.9,1,1,3,Completed
L01709,C09,2,59.3,4,3,2,Not Completed
L01710,C03,7,38.0,2,8,4,Completed
L01711,C08,11,81.4,3,4,7,Completed
L01712,C04,8,53.3,4,5,0,Completed
L01713,C10,2,41.4,2,1,1,Not Completed
L01714,C09,5,58.7,3,2,5,Not Completed
L01715,C04,3,33.3,2,2,0,Completed
L01716,C08,2,17.9,1,0,1,Completed
L01717,C04,9,70.5,2,2,4,Completed
L01718,C07,3,12.9,1,0,3,Not Completed
L01719,C07,3,27.5,0,0,0,Completed
L01720,C09,5,53.8,6,2,6,Not Completed
L01721,C01,5,51.2,3,1,1,Completed
L01722,C03,4,30.7,3,5,4,Completed
L01723,C08,5,46.0,3,3,1,Completed
L01724,C06,3,42.7,3,3,3,Completed
L01725,C05,5,100.0,4,2,0,Completed
L01726,C01,8,73.0,3,2,0,Completed
L01727,C04,9,64.4,5,2,2,Completed
L01728,C09,4,45.5,2,1,3,Completed
L01729,C01,6,71.3,5,1,6,Completed
L01730,C04,2,53.6,3,1,0,Not Completed
L01731,C10,3,54.8,1,2,1,Completed
L01732,C01,2,28.6,0,0,0,Not Completed
L01733,C08,5,72.3,4,2,3,Completed
L01734,C03,4,32.9,3,1,1,Not Completed
L01735,C09,1,18.4,0,1,0,Not Completed
L01736,C08,2,29.3,1,1,1,Completed
L01737,C09,3,37.9,2,3,0,Not Completed
L01738,C03,3,63.4,2,0,2,Completed
L01739,C06,7,68.9,7,4,0,Completed
L01740,C08,2,33.7,1,0,2,Not Completed
L01741,C03,4,71.3,5,2,3,Completed
L01742,C03,10,81.1,4,4,1,Completed
L01743,C01,7,79.6,1,7,4,Completed
L01744,C10,2,55.1,1,0,0,Not Completed
L01745,C08,3,51.6,1,5,3,Completed
L01746,C07,4,49.6,1,0,2,Not Completed
L01747,C08,8,59.6,5,2,6,Not Completed
L01748,C06,5,73.8,5,6,5,Completed
L01749,C05,1,0.0,3,1,0,Completed
L01750,C05,5,5.0,2,0,1,Not Completed
L01751,C07,3,28.3,2,2,1,Completed
L01752,C02,6,27.6,1,1,3,Not Completed
L01753,C09,2,82.9,4,3,2,Completed
L01754,C09,4,31.8,0,1,1,Completed
L01755,C04,9,69.4,1,2,4,Completed
L01756,C06,6,39.6,1,1,5,Completed
L01757,C02,9,55.3,2,4,2,Completed
L01758,C10,5,55.5,3,3,1,Completed
L01759,C10,7,51.7,5,4,3,Completed
L01760,C10,5,7.1,1,2,2,Completed
L01761,C04,6,68.8,4,3,5,Completed
L01762,C02,10,80.5,6,4,5,Completed
L01763,C03,2,32.5,1,0,3,Not Completed
L01764,C01,14,81.4,4,7,5,Completed
L01765,C02,4,37.1,2,1,1,Not Completed
L01766,C01,7,56.3,4,2,1,Completed
L01767,C10,12,76.4,4,2,2,Completed
L01768,C01,4,22.2,1,2,0,Not Completed
L01769,C02,5,74.5,6,2,3,Completed
L01770,C09,6,71.1,3,5,7,Completed
L01771,C06,1,57.9,3,5,5,Completed
L01772,C08,4,59.1,3,1,1,Not Completed
L01773,C07,1,55.1,1,0,3,Not Completed
L01774,C09,0,63.2,2,1,2,Completed
L01775,C07,6,87.2,6,7,1,Completed
L01776,C06,7,62.5,2,1,4,Not Completed
L01777,C08,6,19.6,7,0,0,Not Completed
L01778,C05,6,100.0,7,6,2,Completed
L01779,C04,1,36.7,5,2,4,Not Completed
L01780,C05,6,76.1,0,1,2,Completed
L01781,C02,4,27.8,0,1,1,Not Completed
L01782,C08,5,59.0,2,4,2,Not Completed
L01783,C03,3,44.9,3,1,2,Not Completed
L01784,C02,12,72.8,2,3,3,Completed
L01785,C03,4,42.6,2,0,2,Not Completed
L01786,C09,8,20.5,0,1,0,Not Completed
L01787,C04,4,74.0,4,2,4,Completed
L01788,C07,5,69.5,4,0,5,Completed
L01789,C09,4,54.0,1,5,2,Completed
L01790,C01,5,32.3,4,1,1,Completed
L01791,C08,3,54.4,7,6,0,Completed
L01792,C04,8,71.6,4,3,3,Completed
L01793,C03,7,89.6,2,1,3,Completed
L01794,C07,4,67.9,2,1,1,Not Completed
L01795,C10,6,53.3,2,2,2,Completed
L01796,C03,5,45.1,2,3,0,Completed
L01797,C06,5,34.2,2,1,1,Not Completed
L01798,C03,4,71.2,3,2,4,Not Completed
L01799,C06,6,73.1,6,3,5,Completed
L01800,C07,1,19.5,2,3,3,Not Completed
L01801,C07,8,60.8,3,0,2,Not Completed
L01802,C07,5,51.8,2,2,1,Completed
L01803,C02,6,56.7,2,5,1,Not Completed
L01804,C07,3,65.5,7,1,4,Completed
L01805,C07,6,62.0,3,3,3,Not Completed
L01806,C07,10,85.6,4,8,3,Completed
L01807,C01,6,48.2,8,1,5,Completed
L01808,C05,7,76.6,4,2,1,Completed
L01809,C05,2,39.4,3,0,2,Not Completed
L01810,C01,8,56.3,6,1,3,Completed
L01811,C03,6,68.5,4,1,3,Completed
L01812,C05,11,64.1,2,4,1,Completed
L01813,C08,5,79.8,6,5,5,Completed
L01814,C03,1,12.9,0,0,1,Not Completed
L01815,C09,6,80.3,5,5,6,Completed
L01816,C06,8,78.6,5,5,2,Completed
L01817,C08,7,51.6,6,1,4,Completed
L01818,C05,6,61.6,3,3,2,Completed
L01819,C05,7,78.6,4,3,4,Completed
L01820,C07,7,76.1,7,2,3,Completed
L01821,C10,8,76.3,4,2,6,Completed
L01822,C05,7,77.5,3,7,3,Completed
L01823,C06,2,6.0,1,1,0,Not Completed
L01824,C07,5,67.2,4,3,2,Completed
L01825,C08,10,63.2,3,5,3,Completed
L01826,C01,2,62.3,5,2,3,Completed
L01827,C05,12,69.8,4,5,4,Completed
L01828,C05,2,30.4,2,0,0,Not Completed
L01829,C10,1,49.9,1,3,2,Completed
L01830,C05,4,80.4,3,3,5,Completed
L01831,C05,4,45.3,3,2,2,Completed
L01832,C10,7,67.0,2,2,2,Completed
L01833,C05,6,34.8,0,1,0,Completed
L01834,C02,8,65.0,5,2,0,Not Completed
L01835,C03,5,75.1,5,1,2,Completed
L01836,C01,2,41.4,0,1,1,Not Completed
L01837,C01,1,42.9,3,1,2,Completed
L01838,C05,2,25.5,4,3,0,Completed
L01839,C08,6,36.4,2,2,2,Completed
L01840,C08,3,67.2,1,5,4,Completed
L01841,C01,3,17.1,2,2,1,Not Completed
L01842,C06,4,41.1,1,2,4,Not Completed
L01843,C02,1,4.8,0,1,1,Not Completed
L01844,C10,11,66.8,5,3,3,Completed
L01845,C02,8,57.8,2,1,3,Completed
L01846,C07,3,12.9,0,1,0,Not Completed
L01847,C04,1,42.7,4,3,3,Completed
L01848,C07,3,56.1,3,3,0,Completed
L01849,C05,0,61.5,4,3,1,Completed
L01850,C08,3,22.4,1,2,0,Not Completed
L01851,C03,8,58.9,2,4,3,Completed
L01852,C10,1,50.6,2,2,1,Not Completed
L01853,C05,1,19.9,2,1,1,Not Completed
L01854,C08,5,30.3,1,1,2,Completed
L01855,C09,4,31.6,2,1,0,Not Completed
L01856,C10,3,49.4,4,4,0,Completed
L01857,C03,2,17.3,4,2,1,Not Completed
L01858,C03,4,50.4,3,1,0,Not Completed
L01859,C03,4,37.0,5,2,2,Completed
L01860,C03,0,34.9,0,1,0,Not Completed
L01861,C06,3,54.0,3,0,3,Completed
L01862,C10,7,79.4,5,2,3,Not Completed
L01863,C10,2,54.8,1,2,2,Completed
L01864,C06,7,72.0,7,7,2,Completed
L01865,C07,4,41.2,3,2,0,Not Completed
L01866,C09,7,67.9,5,4,3,Completed
L01867,C10,3,62.8,2,2,1,Not Completed
L01868,C02,11,72.6,4,3,3,Completed
L01869,C06,2,75.4,6,8,3,Completed
L01870,C09,1,42.7,0,2,0,Not Completed
L01871,C04,9,44.0,3,3,1,Completed
L01872,C05,10,76.1,4,3,4,Completed
L01873,C10,5,19.4,0,3,0,Not Completed
L01874,C10,3,47.1,1,5,6,Completed
L01875,C10,3,69.6,2,5,1,Not Completed
L01876,C08,5,98.0,3,3,5,Completed
L01877,C03,11,75.2,10,8,1,Completed
L01878,C04,4,30.9,1,3,2,Not Completed
L01879,C06,7,59.4,4,5,1,Not Completed
L01880,C06,4,49.8,2,1,1,Completed
L01881,C05,4,95.4,8,2,2,Not Completed
L01882,C07,4,52.1,3,3,3,Completed
L01883,C05,12,57.8,1,1,2,Completed
L01884,C08,3,50.1,0,3,2,Not Completed
L01885,C04,3,39.0,0,2,1,Completed
L01886,C04,4,54.2,5,3,1,Not Completed
L01887,C02,5,79.3,2,1,4,Completed
L01888,C02,4,59.7,1,1,4,Completed
L01889,C09,9,65.3,6,7,1,Completed
L01890,C05,6,92.8,5,5,6,Completed
L01891,C03,8,60.0,2,2,3,Completed
L01892,C08,7,36.5,3,6,6,Completed
L01893,C06,9,31.4,2,0,5,Completed
L01894,C01,10,91.5,7,3,5,Not Completed
L01895,C04,7,47.0,1,2,3,Completed
L01896,C02,4,68.7,1,5,0,Completed
L01897,C07,3,36.4,1,0,3,Not Completed
L01898,C03,0,19.0,1,1,0,Not Completed
L01899,C01,7,73.4,2,3,1,Completed
L01900,C01,2,29.8,1,3,1,Not Completed
L01901,C06,4,63.1,2,1,1,Not Completed
L01902,C01,2,35.0,5,0,2,Not Completed
L01903,C09,8,67.0,2,3,5,Completed
L01904,C02,8,72.3,5,1,1,Completed
L01905,C07,8,57.6,0,4,1,Completed
L01906,C05,5,84.7,7,1,2,Completed
L01907,C05,6,49.6,2,2,4,Not Completed
L01908,C01,2,54.1,1,3,0,Completed
L01909,C08,3,42.0,1,3,1,Not Completed
L01910,C09,6,75.7,6,4,0,Completed
L01911,C01,6,62.0,3,2,4,Completed
L01912,C02,2,42.8,3,3,1,Not Completed
L01913,C10,6,78.6,4,3,5,Completed
L01914,C06,10,75.0,2,5,6,Not Completed
L01915,C02,9,71.5,7,2,3,Completed
L01916,C02,5,67.5,8,0,3,Completed
L01917,C07,4,44.6,2,2,3,Completed
L01918,C08,6,73.4,2,5,0,Completed
L01919,C06,8,45.8,0,1,4,Not Completed
L01920,C10,3,58.1,2,3,0,Completed
L01921,C05,1,29.1,1,1,1,Completed
L01922,C04,7,98.2,5,3,5,Completed
L01923,C05,5,36.7,1,2,1,Completed
L01924,C04,5,67.0,2,4,6,Completed
L01925,C03,3,28.4,1,1,0,Not Completed
L01926,C01,5,37.4,3,3,1,Completed
L01927,C04,5,60.4,5,0,2,Not Completed
L01928,C08,7,56.2,3,3,5,Not Completed
L01929,C01,3,55.9,2,4,3,Completed
L01930,C05,2,27.6,4,2,0,Not Completed
L01931,C07,14,96.0,8,3,3,Completed
L01932,C07,7,65.8,2,4,3,Completed
L01933,C08,2,44.9,1,4,4,Not Completed
L01934,C09,4,48.6,8,3,2,Completed
L01935,C08,5,36.6,2,2,0,Completed
L01936,C02,4,35.6,2,0,1,Not Completed
L01937,C05,11,73.1,6,4,6,Completed
L01938,C07,3,71.7,2,0,1,Not Completed
L01939,C03,3,28.2,1,3,4,Not Completed
L01940,C01,6,70.7,2,2,1,Completed
L01941,C03,1,47.3,5,1,1,Not Completed
L01942,C05,7,60.1,3,3,4,Completed
L01943,C05,7,79.5,6,2,7,Completed
L01944,C02,5,44.0,3,3,2,Not Completed
L01945,C09,11,82.5,3,3,4,Completed
L01946,C10,5,82.5,3,7,3,Completed
L01947,C02,6,72.1,6,1,5,Completed
L01948,C10,2,57.2,3,4,3,Completed
L01949,C01,3,51.9,4,1,2,Completed
L01950,C10,10,89.2,5,3,3,Completed
L01951,C10,4,42.7,3,2,1,Not Completed
L01952,C01,8,55.0,7,4,0,Completed
L01953,C08,4,47.1,6,1,3,Not Completed
L01954,C10,11,69.9,5,3,6,Completed
L01955,C10,6,63.5,3,1,4,Completed
L01956,C10,5,52.6,5,3,2,Completed
L01957,C06,10,78.5,6,4,2,Completed
L01958,C01,3,32.8,2,1,3,Completed
L01959,C09,2,38.9,4,2,4,Completed
L01960,C07,4,73.4,3,1,1,Completed
L01961,C07,8,93.9,1,4,3,Completed
L01962,C05,5,82.8,4,6,2,Completed
L01963,C06,5,34.4,4,1,2,Not Completed
L01964,C02,3,23.2,2,0,1,Not Completed
L01965,C08,6,57.1,2,4,1,Completed
L01966,C01,3,66.0,2,3,0,Completed
L01967,C08,4,62.6,2,1,1,Not Completed
L01968,C09,2,42.1,2,4,0,Not Completed
L01969,C05,8,76.3,4,7,2,Completed
L01970,C05,4,69.1,6,8,3,Completed
L01971,C04,8,76.1,6,6,3,Completed
L01972,C10,1,43.4,0,1,1,Not Completed
L01973,C08,5,48.3,2,3,3,Completed
L01974,C04,4,62.4,4,1,5,Completed
L01975,C02,4,54.7,2,2,4,Completed
L01976,C03,12,77.2,7,5,4,Completed
L01977,C05,3,6.1,1,0,0,Not Completed
L01978,C10,5,65.1,4,4,6,Completed
L01979,C08,8,26.0,2,3,0,Not Completed
L01980,C03,10,63.4,0,3,1,Completed
L01981,C09,6,55.2,3,7,2,Not Completed
L01982,C04,5,66.8,0,3,3,Not Completed
L01983,C09,8,88.6,4,0,4,Completed
L01984,C03,6,43.0,6,1,2,Completed
L01985,C07,9,49.6,2,3,4,Completed
L01986,C10,6,43.1,3,1,4,Completed
L01987,C03,10,62.9,1,3,2,Completed
L01988,C07,4,28.9,0,3,0,Completed
L01989,C10,3,29.9,4,0,0,Not Completed
L01990,C02,6,54.9,3,1,3,Completed
L01991,C01,7,62.0,8,3,2,Completed
L01992,C07,2,54.3,2,4,3,Completed
L01993,C04,2,30.9,0,3,1,Not Completed
L01994,C01,5,58.2,6,2,1,Completed
L01995,C05,2,27.9,0,1,1,Completed
L01996,C08,6,78.6,5,2,4,Completed
L01997,C03,3,34.0,1,1,2,Not Completed
L01998,C04,5,34.0,2,3,0,Completed
L01999,C09,2,11.4,1,0,1,Not Completed
L02000,C06,1,17.3,0,0,0,Completed
L02001,C09,6,78.4,7,1,5,Completed
L02002,C05,1,27.5,1,4,1,Not Completed
L02003,C10,6,32.4,1,0,2,Not Completed
L02004,C07,7,92.3,5,5,4,Completed
L02005,C02,2,65.9,5,3,2,Not Completed
L02006,C09,2,50.7,4,2,2,Completed
L02007,C05,0,0.0,0,1,0,Not Completed
L02008,C02,8,51.3,3,3,1,Not Completed
L02009,C02,3,36.3,2,2,1,Not Completed
L02010,C07,4,41.6,4,2,2,Not Completed
L02011,C01,2,84.7,4,7,3,Completed
L02012,C03,4,51.3,2,0,2,Completed
L02013,C02,5,50.1,0,2,0,Not Completed
L02014,C05,2,7.8,0,0,1,Not Completed
L02015,C05,4,78.1,2,0,4,Completed
L02016,C06,7,56.6,5,4,3,Completed
L02017,C03,9,35.9,4,3,4,Completed
L02018,C01,9,68.9,5,3,6,Completed
L02019,C07,7,82.5,3,6,4,Completed
L02020,C04,10,84.8,6,6,3,Completed
L02021,C07,7,61.7,2,5,4,Not Completed
L02022,C02,6,51.6,5,2,4,Completed
L02023,C01,3,42.2,2,2,2,Not Completed
L02024,C03,7,83.2,4,5,2,Completed
L02025,C05,5,50.6,4,4,6,Completed
L02026,C04,2,61.3,4,3,2,Completed
L02027,C09,1,72.5,3,2,3,Completed
L02028,C04,7,67.0,3,3,5,Completed
L02029,C06,6,46.6,3,2,2,Completed
L02030,C06,9,100.0,2,8,7,Completed
L02031,C01,3,49.7,3,3,2,Not Completed
L02032,C05,1,43.1,3,1,2,Completed
L02033,C04,5,61.8,3,1,3,Completed
L02034,C05,6,48.6,4,1,2,Not Completed
L02035,C02,4,65.6,4,3,1,Completed
L02036,C08,5,36.7,2,1,1,Completed
L02037,C10,5,33.6,1,2,0,Completed
L02038,C01,4,55.6,4,2,3,Completed
L02039,C07,6,45.4,0,2,4,Not Completed
L02040,C08,5,81.0,4,4,3,Completed
L02041,C03,2,15.5,0,0,2,Not Completed
L02042,C08,7,49.9,6,3,0,Completed
L02043,C07,9,76.4,5,3,4,Completed
L02044,C10,6,34.3,1,0,2,Not Completed
L02045,C10,3,52.0,3,2,3,Not Completed
L02046,C01,7,44.8,0,4,3,Completed
L02047,C05,4,77.5,4,1,2,Completed
L02048,C06,3,19.3,1,1,0,Completed
L02049,C02,6,24.3,3,2,0,Completed
L02050,C04,7,81.5,3,3,2,Completed
L02051,C10,6,40.4,2,1,0,Not Completed
L02052,C01,12,77.0,0,3,5,Completed
L02053,C05,4,78.4,8,4,4,Completed
L02054,C09,6,77.0,2,2,3,Not Completed
L02055,C04,3,33.4,4,3,0,Not Completed
L02056,C05,6,29.4,0,2,1,Not Completed
L02057,C10,7,84.9,5,3,5,Completed
L02058,C05,6,56.4,3,6,3,Completed
L02059,C02,14,64.8,5,0,2,Completed
L02060,C01,1,25.1,3,1,2,Completed
L02061,C10,7,71.5,4,1,2,Completed
L02062,C03,4,44.5,4,3,1,Not Completed
L02063,C05,5,38.1,2,2,2,Not Completed
L02064,C01,3,66.0,4,4,3,Completed
L02065,C05,6,83.8,5,6,3,Completed
L02066,C10,6,55.6,2,4,0,Completed
L02067,C05,4,62.7,3,6,4,Completed
L02068,C10,3,41.4,2,1,2,Not Completed
L02069,C03,4,24.8,1,0,0,Not Completed
L02070,C05,10,74.5,5,1,4,Completed
L02071,C09,1,46.0,2,1,0,Not Completed
L02072,C05,4,25.0,2,4,0,Not Completed
L02073,C03,2,86.4,4,5,6,Completed
L02074,C09,3,41.1,5,1,6,Completed
L02075,C04,11,62.5,3,0,1,Completed
L02076,C06,4,45.2,0,1,2,Completed
L02077,C10,6,47.7,2,3,3,Completed
L02078,C02,1,35.4,2,1,0,Completed
L02079,C04,3,91.0,6,3,7,Completed
L02080,C01,4,74.5,3,4,3,Completed
L02081,C04,9,80.1,5,3,8,Completed
L02082,C02,2,19.1,1,0,0,Not Completed
L02083,C07,9,57.5,6,4,2,Completed
L02084,C02,7,70.3,8,4,2,Completed
L02085,C07,2,19.5,1,1,2,Not Completed
L02086,C03,6,54.5,2,1,3,Completed
L02087,C04,8,70.5,6,0,4,Completed
L02088,C04,0,15.0,0,2,0,Not Completed
L02089,C08,7,51.9,3,2,0,Completed
L02090,C05,8,65.9,3,4,1,Completed
L02091,C04,2,43.1,1,1,2,Not Completed
L02092,C09,1,32.3,1,0,1,Not Completed
L02093,C06,9,67.5,5,2,2,Completed
L02094,C03,5,14.9,3,3,0,Completed
L02095,C10,4,56.5,1,1,2,Completed
L02096,C04,8,80.4,4,2,5,Completed
L02097,C01,4,24.2,0,0,1,Not Completed
L02098,C05,5,79.3,2,2,0,Not Completed
L02099,C02,9,55.0,3,1,1,Completed
L02100,C03,2,38.2,1,3,3,Not Completed
L02101,C08,5,71.4,3,4,2,Completed
L02102,C02,7,39.1,2,0,4,Completed
L02103,C08,5,69.9,6,1,1,Not Completed
L02104,C10,8,82.6,2,5,6,Completed
L02105,C07,11,85.9,3,3,7,Completed
L02106,C08,10,63.7,7,3,9,Completed
L02107,C08,2,50.1,3,3,5,Completed
L02108,C10,3,51.9,3,1,0,Completed
L02109,C04,3,41.1,1,2,2,Completed
L02110,C02,5,37.1,2,2,0,Completed
L02111,C05,9,43.7,4,4,0,Completed
L02112,C06,7,61.4,3,4,0,Not Completed
L02113,C02,2,31.4,2,1,2,Not Completed
L02114,C07,4,52.8,3,2,2,Not Completed
L02115,C01,3,45.7,4,2,3,Completed
L02116,C10,2,16.1,4,1,2,Not Completed
L02117,C03,4,43.5,3,1,3,Completed
L02118,C01,5,48.6,0,1,1,Not Completed
L02119,C02,6,57.9,3,0,2,Completed
L02120,C03,8,58.4,1,5,2,Completed
L02121,C03,6,50.7,3,3,0,Completed
L02122,C01,5,46.5,0,4,1,Completed
L02123,C03,9,51.6,2,3,2,Completed
L02124,C02,3,17.8,0,1,0,Not Completed
L02125,C04,2,63.9,4,2,2,Not Completed
L02126,C04,4,52.5,2,1,1,Completed
L02127,C04,3,17.5,1,0,1,Not Completed
L02128,C04,3,34.8,1,3,4,Not Completed
L02129,C01,6,92.8,7,4,6,Completed
L02130,C01,9,49.0,2,3,0,Not Completed
L02131,C02,6,57.0,2,1,0,Not Completed
L02132,C08,5,67.3,2,1,3,Not Completed
L02133,C10,7,62.1,4,3,0,Completed
L02134,C10,2,39.9,3,1,1,Not Completed
L02135,C05,1,42.0,1,2,3,Not Completed
L02136,C06,5,72.9,4,3,2,Not Completed
L02137,C04,5,74.9,9,4,5,Completed
L02138,C08,11,90.4,8,4,7,Completed
L02139,C08,6,84.6,6,1,1,Completed
L02140,C09,5,39.2,6,0,0,Not Completed
L02141,C09,10,67.5,3,4,4,Completed
L02142,C05,7,67.5,3,4,1,Completed
L02143,C08,9,74.5,5,3,6,Completed
L02144,C08,4,52.1,5,0,0,Completed
L02145,C04,6,33.8,1,4,3,Not Completed
L02146,C10,4,59.5,2,1,4,Completed
L02147,C01,3,51.9,1,0,2,Not Completed
L02148,C10,9,86.9,5,1,4,Completed
L02149,C08,3,53.0,1,6,1,Completed
L02150,C01,2,76.0,5,1,4,Not Completed
L02151,C07,4,57.1,2,3,5,Not Completed
L02152,C01,6,51.2,5,0,1,Not Completed
L02153,C08,9,86.8,5,7,4,Not Completed
L02154,C08,3,11.4,2,1,3,Completed
L02155,C07,6,46.9,1,1,0,Not Completed
L02156,C09,7,44.5,1,2,5,Not Completed
L02157,C01,10,56.5,5,2,3,Completed
L02158,C03,2,55.8,4,4,3,Completed
L02159,C05,0,11.5,3,0,0,Not Completed
L02160,C01,4,58.4,4,2,4,Completed
L02161,C05,8,43.5,3,0,4,Completed
L02162,C03,7,70.0,2,1,4,Completed
L02163,C04,8,88.0,5,7,4,Completed
L02164,C05,5,29.7,0,1,1,Completed
L02165,C09,3,4.3,2,2,1,Not Completed
L02166,C03,7,66.4,4,3,5,Completed
L02167,C09,7,43.2,3,1,3,Completed
L02168,C05,5,61.4,4,5,4,Completed
L02169,C04,3,18.7,1,2,2,Completed
L02170,C05,11,89.5,5,4,4,Completed
L02171,C05,0,35.8,2,2,1,Not Completed
L02172,C03,2,36.1,6,2,0,Not Completed
L02173,C05,4,73.5,6,3,5,Completed
L02174,C02,9,65.4,2,2,0,Completed
L02175,C04,5,72.3,1,2,1,Not Completed
L02176,C06,2,58.2,0,3,1,Not Completed
L02177,C05,8,79.4,5,1,4,Completed
L02178,C09,4,55.1,1,3,3,Completed
L02179,C03,8,43.3,2,1,2,Completed
L02180,C10,4,31.1,4,0,4,Not Completed
L02181,C08,6,79.0,2,4,3,Not Completed
L02182,C10,7,33.7,3,1,1,Not Completed
L02183,C09,6,70.9,4,2,3,Completed
L02184,C02,5,31.5,2,1,1,Not Completed
L02185,C06,9,95.3,2,4,4,Completed
L02186,C02,7,70.6,6,5,2,Completed
L02187,C09,6,51.3,1,4,2,Completed
L02188,C06,4,10.2,1,0,0,Not Completed
L02189,C03,5,27.9,0,2,0,Not Completed
L02190,C10,4,71.0,5,3,2,Completed
L02191,C02,5,33.3,1,1,2,Completed
L02192,C06,11,81.4,4,2,4,Completed
L02193,C08,4,39.1,3,1,0,Not Completed
L02194,C01,2,26.3,1,2,2,Completed
L02195,C06,10,79.9,4,2,5,Completed
L02196,C09,4,78.6,4,5,11,Completed
L02197,C01,2,64.9,4,1,4,Completed
L02198,C05,8,85.3,5,4,5,Completed
L02199,C03,2,37.8,2,3,2,Not Completed
L02200,C07,3,25.3,0,0,2,Not Completed
L02201,C02,3,43.6,2,0,1,Not Completed
L02202,C10,5,29.6,2,0,4,Completed
L02203,C09,9,98.5,5,6,3,Not Completed
L02204,C02,6,66.3,0,3,1,Completed
L02205,C04,9,76.1,3,0,3,Completed
L02206,C06,14,44.9,5,2,6,Completed
L02207,C08,5,24.8,3,0,1,Not Completed
L02208,C05,3,52.3,4,3,6,Completed
L02209,C02,5,21.9,0,0,1,Completed
L02210,C02,13,63.4,4,2,3,Completed
L02211,C10,2,69.3,4,4,2,Completed
L02212,C05,3,67.9,4,2,5,Completed
L02213,C09,4,31.8,2,2,0,Not Completed
L02214,C05,6,47.3,2,1,3,Completed
L02215,C10,6,62.7,4,2,0,Completed
L02216,C01,4,43.8,2,2,0,Not Completed
L02217,C02,0,6.0,2,0,0,Not Completed
L02218,C10,4,62.2,4,0,3,Not Completed
L02219,C10,7,86.0,6,0,4,Not Completed
L02220,C04,7,40.3,2,0,1,Completed
L02221,C04,6,87.7,6,1,2,Completed
L02222,C05,3,48.9,3,2,2,Not Completed
L02223,C05,9,88.9,2,1,4,Completed
L02224,C02,7,76.8,3,5,3,Completed
L02225,C09,9,90.9,3,2,4,Completed
L02226,C03,8,44.4,3,3,0,Completed
L02227,C08,3,50.3,7,2,2,Completed
L02228,C01,3,54.0,5,3,2,Completed
L02229,C01,3,48.9,4,1,3,Not Completed
L02230,C07,5,49.4,2,3,2,Not Completed
L02231,C04,8,83.7,5,3,3,Completed
L02232,C07,9,70.1,5,4,1,Completed
L02233,C01,2,36.5,2,1,2,Not Completed
L02234,C10,8,64.0,1,0,2,Completed
L02235,C08,3,60.6,4,3,6,Not Completed
L02236,C09,6,66.7,3,2,0,Completed
L02237,C02,1,42.8,3,0,2,Not Completed
L02238,C04,5,57.9,1,4,1,Completed
L02239,C04,4,51.0,3,2,1,Completed
L02240,C06,9,100.0,4,4,7,Completed
L02241,C03,7,85.7,2,6,2,Completed
L02242,C01,0,14.2,2,4,1,Not Completed
L02243,C04,6,66.0,4,0,4,Completed
L02244,C03,3,28.5,0,1,0,Not Completed
L02245,C04,9,65.6,1,4,4,Completed
L02246,C02,2,31.1,2,3,2,Not Completed
L02247,C03,8,88.7,8,4,3,Completed
L02248,C07,11,70.0,5,6,4,Completed
L02249,C04,5,24.1,3,2,2,Completed
L02250,C04,8,44.8,3,0,0,Not Completed
L02251,C06,6,34.4,0,0,3,Completed
L02252,C08,10,44.5,6,2,0,Completed
L02253,C04,10,75.3,7,4,1,Completed
L02254,C06,3,32.5,2,1,2,Completed
L02255,C10,4,67.4,4,2,2,Not Completed
L02256,C06,5,41.7,6,3,2,Not Completed
L02257,C10,3,52.0,2,2,0,Not Completed
L02258,C08,3,34.5,3,2,0,Not Completed
L02259,C01,5,61.6,5,7,2,Completed
L02260,C05,4,13.4,1,1,0,Not Completed
L02261,C07,7,49.7,3,4,2,Completed
L02262,C10,4,31.7,0,1,2,Not Completed
L02263,C05,8,52.4,5,1,7,Completed
L02264,C01,5,48.7,1,1,2,Completed
L02265,C06,7,44.1,0,4,1,Not Completed
L02266,C02,3,34.9,4,0,2,Not Completed
L02267,C08,6,61.6,1,4,4,Completed
L02268,C05,8,52.3,4,6,5,Completed
L02269,C08,7,85.2,4,1,2,Completed
L02270,C09,2,22.7,2,0,1,Not Completed
L02271,C07,7,37.7,3,0,3,Completed
L02272,C07,6,40.8,3,1,4,Not Completed
L02273,C08,5,62.1,2,8,2,Completed
L02274,C09,7,52.5,3,2,3,Completed
L02275,C09,0,34.6,2,3,2,Not Completed
L02276,C01,4,31.7,1,1,2,Not Completed
L02277,C06,10,86.5,5,3,2,Completed
L02278,C03,8,73.5,5,7,1,Completed
L02279,C09,4,52.9,3,3,2,Completed
L02280,C07,7,29.3,2,4,2,Not Completed
L02281,C05,4,34.2,2,1,0,Not Completed
L02282,C02,5,67.9,2,2,2,Completed
L02283,C04,5,55.1,1,3,3,Completed
L02284,C08,2,12.0,0,2,2,Completed
L02285,C02,3,61.4,1,2,0,Completed
L02286,C01,5,54.2,4,3,5,Completed
L02287,C09,11,84.7,2,3,6,Completed
L02288,C08,7,58.4,5,6,4,Completed
L02289,C02,7,60.0,6,5,3,Completed
L02290,C03,5,83.2,2,2,5,Completed
L02291,C10,4,32.0,0,1,1,Completed
L02292,C08,4,56.6,3,2,3,Completed
L02293,C07,4,9.8,3,1,3,Not Completed
L02294,C04,7,60.1,3,3,3,Completed
L02295,C03,0,30.1,2,0,1,Not Completed
L02296,C01,5,84.4,2,3,2,Completed
L02297,C08,5,39.9,3,3,1,Completed
L02298,C01,7,75.7,5,3,3,Completed
L02299,C01,7,54.0,5,2,1,Completed
L02300,C08,5,70.7,4,3,2,Not Completed
L02301,C10,10,81.5,6,2,4,Completed
L02302,C08,5,58.2,3,5,0,Not Completed
L02303,C05,2,42.1,3,1,2,Not Completed
L02304,C05,2,36.3,0,1,1,Completed
L02305,C05,1,47.2,3,1,2,Completed
L02306,C04,9,87.2,3,5,1,Completed
L02307,C06,5,28.2,2,2,1,Not Completed
L02308,C05,7,53.1,2,3,1,Completed
L02309,C06,6,76.6,3,3,7,Completed
L02310,C09,1,41.9,2,0,0,Not Completed
L02311,C10,5,41.4,1,2,1,Completed
L02312,C01,9,58.5,3,7,3,Completed
L02313,C04,9,85.4,6,3,1,Completed
L02314,C02,12,91.9,9,1,4,Completed
L02315,C04,6,60.5,4,1,2,Completed
L02316,C03,4,30.7,1,4,2,Completed
L02317,C02,5,63.0,7,5,4,Completed
L02318,C08,4,24.2,0,2,1,Not Completed
L02319,C05,2,20.8,0,2,0,Completed
L02320,C10,4,49.1,3,5,0,Completed
L02321,C01,2,43.7,3,1,1,Not Completed
L02322,C01,1,81.9,4,2,2,Completed
L02323,C05,2,13.0,1,0,2,Not Completed
L02324,C01,4,3.5,6,1,0,Not Completed
L02325,C03,12,54.1,4,1,3,Completed
L02326,C10,5,66.7,4,1,1,Not Completed
L02327,C02,6,30.2,2,0,1,Not Completed
L02328,C02,3,43.2,3,1,1,Not Completed
L02329,C06,5,43.6,3,1,2,Not Completed
L02330,C05,9,71.6,6,2,8,Completed
L02331,C06,11,59.9,5,5,3,Completed
L02332,C04,9,46.1,4,2,3,Completed
L02333,C09,4,56.7,3,0,1,Completed
L02334,C02,4,32.9,3,0,1,Completed
L02335,C05,7,63.2,7,3,3,Completed
L02336,C07,5,53.3,7,2,2,Not Completed
L02337,C09,8,54.1,1,2,2,Completed
L02338,C04,6,42.0,3,5,3,Completed
L02339,C06,11,83.2,5,2,1,Completed
L02340,C01,10,58.2,7,5,4,Completed
L02341,C02,3,68.5,4,2,3,Not Completed
L02342,C01,4,12.0,2,1,0,Not Completed
L02343,C08,9,60.6,5,4,1,Completed
L02344,C03,3,17.8,3,2,0,Not Completed
L02345,C08,5,66.4,4,2,2,Completed
L02346,C01,4,43.3,2,1,0,Completed
L02347,C09,7,74.0,2,3,4,Not Completed
L02348,C09,4,41.6,0,1,0,Not Completed
L02349,C01,4,33.8,3,3,5,Completed
L02350,C01,2,48.2,3,4,2,Completed
L02351,C01,4,42.1,3,2,2,Completed
L02352,C09,10,80.2,5,8,1,Completed
L02353,C03,4,74.5,6,5,4,Completed
L02354,C06,5,82.9,3,2,3,Not Completed
L02355,C05,3,29.5,3,3,2,Not Completed
L02356,C08,4,66.9,4,6,3,Completed
L02357,C05,7,65.4,3,2,1,Not Completed
L02358,C05,3,16.2,1,2,0,Not Completed
L02359,C10,0,39.0,2,1,1,Not Completed
L02360,C02,7,51.8,3,4,3,Completed
L02361,C09,12,78.8,1,8,2,Completed
L02362,C01,0,15.0,2,1,1,Not Completed
L02363,C05,3,13.5,0,1,1,Not Completed
L02364,C09,12,72.6,6,1,6,Completed
L02365,C07,1,33.1,0,0,1,Not Completed
L02366,C07,6,32.8,2,2,0,Completed
L02367,C03,3,60.0,2,1,3,Completed
L02368,C05,3,27.7,2,0,1,Not Completed
L02369,C04,1,38.8,2,1,1,Not Completed
L02370,C06,4,25.7,1,0,3,Not Completed
L02371,C05,6,51.7,6,5,2,Completed
L02372,C04,9,89.5,9,4,7,Completed
L02373,C04,0,6.9,1,1,0,Not Completed
L02374,C03,7,44.3,3,1,4,Completed
L02375,C04,11,91.8,9,7,4,Completed
L02376,C02,10,74.9,5,4,5,Not Completed
L02377,C09,4,53.7,5,1,4,Not Completed
L02378,C07,4,50.9,1,2,2,Completed
L02379,C02,5,64.1,5,2,6,Completed
L02380,C07,2,27.8,3,1,1,Not Completed
L02381,C09,1,80.6,5,5,2,Completed
L02382,C03,4,81.4,4,2,5,Completed
L02383,C02,7,84.0,1,4,7,Completed
L02384,C01,3,59.7,2,2,3,Completed
L02385,C01,5,70.3,7,6,4,Completed
L02386,C08,3,71.2,5,3,2,Not Completed
L02387,C10,7,69.1,4,6,7,Completed
L02388,C01,2,62.4,6,1,1,Completed
L02389,C08,4,60.9,2,3,2,Completed
L02390,C01,3,39.6,1,0,3,Not Completed
L02391,C06,7,53.7,4,3,3,Completed
L02392,C08,6,21.6,1,1,1,Completed
L02393,C04,7,49.5,2,1,2,Completed
L02394,C01,8,53.1,4,2,1,Completed
L02395,C06,2,49.9,3,1,4,Completed
L02396,C10,7,54.1,3,7,3,Completed
L02397,C03,5,51.9,4,1,3,Completed
L02398,C02,6,45.5,5,1,6,Completed
L02399,C02,7,42.9,2,2,1,Not Completed
L02400,C06,0,16.8,0,1,0,Not Completed
L02401,C06,6,60.1,3,5,2,Completed
L02402,C08,2,53.5,1,2,1,Completed
L02403,C08,5,78.3,5,0,3,Not Completed
L02404,C09,2,42.1,3,4,2,Not Completed
L02405,C08,3,63.2,5,0,3,Completed
L02406,C03,5,60.4,0,1,1,Not Completed
L02407,C06,6,71.6,7,2,3,Completed
L02408,C03,5,50.2,4,4,3,Completed
L02409,C04,4,28.6,3,3,1,Not Completed
L02410,C10,4,61.3,2,3,1,Not Completed
L02411,C07,2,27.5,3,2,1,Not Completed
L02412,C10,5,33.8,1,1,5,Not Completed
L02413,C05,3,33.0,0,0,1,Not Completed
L02414,C06,11,78.3,1,4,5,Completed
L02415,C05,4,100.0,6,3,2,Completed
L02416,C02,4,56.4,4,3,5,Not Completed
L02417,C03,4,65.0,5,3,1,Completed
L02418,C06,3,75.9,3,1,3,Completed
L02419,C01,7,68.7,2,1,3,Completed
L02420,C10,2,72.8,5,5,2,Completed
L02421,C02,1,54.1,3,0,1,Not Completed
L02422,C02,11,72.6,3,1,3,Completed
L02423,C08,5,61.2,7,3,4,Completed
L02424,C01,13,61.0,1,1,4,Not Completed
L02425,C10,9,82.2,6,5,6,Completed
L02426,C08,1,37.7,1,2,1,Not Completed
L02427,C01,6,64.0,1,3,2,Completed
L02428,C07,5,46.1,3,4,1,Completed
L02429,C07,2,22.0,1,1,1,Not Completed
L02430,C08,8,65.3,4,3,3,Completed
L02431,C09,2,65.8,5,2,1,Completed
L02432,C08,4,35.1,3,2,0,Not Completed
L02433,C06,3,56.0,2,1,0,Not Completed
L02434,C04,2,36.9,1,0,1,Not Completed
L02435,C07,7,71.7,6,2,4,Completed
L02436,C10,4,59.6,4,5,7,Completed
L02437,C06,6,59.8,1,0,0,Completed
L02438,C07,2,46.8,2,2,1,Completed
L02439,C05,7,56.8,4,2,2,Completed
L02440,C08,0,13.6,0,2,1,Not Completed
L02441,C10,7,63.5,1,4,3,Completed
L02442,C02,4,24.6,0,1,2,Completed
L02443,C02,3,15.1,2,1,0,Not Completed
L02444,C06,3,45.6,2,0,2,Not Completed
L02445,C05,9,82.4,4,1,3,Completed
L02446,C06,3,54.2,4,4,4,Completed
L02447,C01,3,54.4,2,4,1,Completed
L02448,C05,3,2.9,1,1,3,Not Completed
L02449,C06,5,74.0,2,6,2,Completed
L02450,C06,1,14.1,0,1,0,Not Completed
L02451,C07,8,63.3,5,0,3,Completed
L02452,C08,3,37.3,3,2,0,Completed
L02453,C07,4,65.4,3,1,3,Not Completed
L02454,C08,1,61.8,5,3,3,Completed
L02455,C07,6,93.1,5,1,5,Completed
L02456,C06,2,49.8,6,1,0,Completed
L02457,C07,8,57.6,3,3,3,Completed
L02458,C02,9,52.7,3,3,6,Not Completed
L02459,C03,5,12.8,0,2,0,Not Completed
L02460,C06,6,88.8,2,5,3,Completed
L02461,C09,4,64.7,3,3,1,Not Completed
L02462,C07,7,86.7,4,5,1,Completed
L02463,C01,1,32.5,2,0,0,Not Completed
L02464,C06,1,22.8,0,1,1,Not Completed
L02465,C03,1,25.3,2,0,1,Not Completed
L02466,C08,4,74.5,6,8,5,Completed
L02467,C09,10,81.2,9,8,3,Completed
L02468,C06,7,72.9,3,5,3,Completed
L02469,C06,5,56.1,3,4,3,Completed
L02470,C04,5,42.6,2,1,1,Not Completed
L02471,C05,7,74.5,10,5,3,Completed
L02472,C09,5,49.2,4,2,2,Completed
L02473,C08,5,62.0,1,4,3,Completed
L02474,C05,5,35.7,0,3,2,Not Completed
L02475,C04,6,27.4,3,0,1,Not Completed
L02476,C01,7,46.3,2,2,1,Not Completed
L02477,C02,9,42.0,3,2,4,Completed
L02478,C02,7,77.9,1,2,5,Completed
L02479,C04,2,8.7,1,1,0,Not Completed
L02480,C10,7,40.3,0,1,0,Not Completed
L02481,C05,9,67.5,6,4,4,Completed
L02482,C03,4,25.9,1,2,0,Completed
L02483,C02,8,66.1,2,6,1,Completed
L02484,C04,7,80.4,6,3,4,Completed
L02485,C09,1,43.6,4,2,2,Not Completed
L02486,C04,5,78.8,2,6,2,Completed
L02487,C08,5,65.8,5,3,0,Completed
L02488,C08,5,54.0,2,4,0,Completed
L02489,C02,6,34.2,4,5,2,Completed
L02490,C07,8,81.3,3,5,5,Completed
L02491,C10,7,67.7,6,4,4,Completed
L02492,C05,9,72.5,6,6,0,Completed
L02493,C01,6,70.8,1,4,1,Completed
L02494,C10,4,65.7,4,4,4,Not Completed
L02495,C09,9,100.0,7,5,3,Completed
L02496,C06,2,36.7,4,1,1,Not Completed
L02497,C06,1,45.0,2,2,2,Completed
L02498,C03,2,45.8,3,3,3,Completed
L02499,C09,3,64.4,3,5,1,Completed
L02500,C05,5,48.6,2,2,0,Not Completed
L02501,C01,5,32.0,6,2,4,Completed
L02502,C07,6,59.9,2,3,2,Not Completed
L02503,C10,8,80.2,7,3,0,Completed
L02504,C09,6,23.1,0,1,2,Completed
L02505,C03,4,46.4,2,2,1,Not Completed
L02506,C01,1,47.8,1,3,2,Completed
L02507,C10,1,22.2,2,1,1,Not Completed
L02508,C10,3,51.0,6,7,2,Completed
L02509,C06,14,67.5,6,1,5,Completed
L02510,C07,3,24.2,1,0,1,Not Completed
L02511,C05,7,59.0,2,2,2,Completed
L02512,C05,4,70.5,5,4,5,Completed
L02513,C02,2,59.9,0,5,0,Not Completed
L02514,C01,5,67.8,3,1,2,Completed
L02515,C03,4,17.9,4,0,1,Completed
L02516,C09,12,85.8,3,3,3,Completed
L02517,C02,6,27.8,1,1,2,Completed
L02518,C03,6,77.2,7,2,7,Completed
L02519,C06,10,56.4,4,3,2,Completed
L02520,C03,8,64.7,4,1,8,Completed
L02521,C02,2,50.1,0,1,1,Not Completed
L02522,C06,6,66.9,6,5,3,Completed
L02523,C04,11,60.9,1,5,5,Completed
L02524,C07,6,43.7,2,1,2,Completed
L02525,C10,12,74.4,4,0,8,Not Completed
L02526,C02,4,43.5,1,2,2,Completed
L02527,C10,5,42.6,3,5,3,Not Completed
L02528,C10,2,31.1,0,0,1,Not Completed
L02529,C09,4,50.0,2,1,2,Completed
L02530,C07,8,45.2,0,1,2,Completed
L02531,C07,5,67.7,10,1,3,Completed
L02532,C07,3,60.3,5,3,1,Not Completed
L02533,C07,7,32.4,1,0,3,Not Completed
L02534,C01,8,75.7,2,5,4,Completed
L02535,C10,6,74.0,6,5,6,Completed
L02536,C06,8,72.9,3,3,2,Completed
L02537,C08,4,48.9,1,0,1,Completed
L02538,C04,9,56.0,2,4,3,Completed
L02539,C01,4,66.6,5,2,2,Not Completed
L02540,C05,2,10.7,2,0,0,Not Completed
L02541,C05,3,33.8,1,1,1,Completed
L02542,C05,9,78.4,3,0,1,Completed
L02543,C04,8,88.8,5,3,3,Completed
L02544,C03,0,45.9,3,1,5,Completed
L02545,C06,3,45.9,2,2,2,Completed
L02546,C04,3,57.9,4,2,2,Completed
L02547,C10,6,30.5,0,3,3,Not Completed
L02548,C02,3,79.7,2,4,6,Completed
L02549,C04,3,35.0,2,3,2,Completed
L02550,C03,5,18.0,1,0,2,Not Completed
L02551,C06,0,59.0,3,3,2,Completed
L02552,C05,1,29.1,1,1,3,Not Completed
L02553,C07,7,53.8,3,2,1,Completed
L02554,C10,3,39.5,1,0,0,Completed
L02555,C03,2,25.1,2,3,3,Completed
L02556,C07,4,47.9,3,1,1,Completed
L02557,C01,4,11.9,3,1,1,Not Completed
L02558,C03,2,18.6,1,0,0,Not Completed
L02559,C05,2,71.4,5,5,4,Not Completed
L02560,C01,5,36.2,2,2,2,Not Completed
L02561,C07,5,54.1,4,6,1,Completed
L02562,C07,7,59.6,5,5,3,Completed
L02563,C08,4,86.5,6,2,4,Completed
L02564,C05,4,32.8,0,2,0,Not Completed
L02565,C07,4,65.1,2,3,3,Completed
L02566,C04,9,100.0,3,5,6,Completed
L02567,C01,9,65.7,3,4,4,Completed
L02568,C01,3,19.8,3,1,2,Not Completed
L02569,C07,6,86.0,7,1,0,Completed
L02570,C10,8,85.9,6,2,4,Completed
L02571,C01,4,78.5,2,6,3,Completed
L02572,C06,2,57.0,1,2,3,Not Completed
L02573,C08,3,66.3,1,1,3,Not Completed
L02574,C09,7,64.8,2,5,3,Completed
L02575,C06,14,72.8,4,5,4,Completed
L02576,C07,6,72.4,3,1,6,Completed
L02577,C07,2,20.4,0,0,1,Not Completed
L02578,C09,13,64.4,5,6,2,Completed
L02579,C02,4,46.4,1,3,1,Not Completed
L02580,C10,1,7.8,1,0,0,Not Completed
L02581,C01,2,46.6,2,2,4,Completed
L02582,C09,4,29.5,0,0,0,Completed
L02583,C01,5,66.0,3,1,4,Completed
L02584,C02,1,47.8,0,2,3,Completed
L02585,C01,7,68.9,5,1,2,Completed
L02586,C05,5,8.9,0,1,0,Not Completed
L02587,C04,3,38.6,0,1,2,Not Completed
L02588,C02,4,35.6,3,2,1,Completed
L02589,C05,5,46.2,3,1,4,Completed
L02590,C05,6,41.8,1,1,2,Completed
L02591,C08,1,26.2,4,4,3,Not Completed
L02592,C09,4,88.2,10,2,5,Completed
L02593,C07,1,67.1,7,1,2,Completed
L02594,C02,3,50.4,3,2,2,Not Completed
L02595,C03,3,31.8,4,2,2,Not Completed
L02596,C10,7,63.3,2,3,1,Completed
L02597,C01,12,95.6,4,7,8,Completed
L02598,C05,2,39.0,0,3,0,Not Completed
L02599,C10,7,50.9,1,3,2,Not Completed
L02600,C10,6,75.6,3,3,7,Completed
L02601,C05,4,51.7,5,2,3,Not Completed
L02602,C07,11,81.4,5,3,4,Completed
L02603,C05,8,90.4,9,3,1,Completed
L02604,C08,8,83.9,4,4,2,Completed
L02605,C01,8,85.6,6,5,3,Completed
L02606,C02,4,46.2,2,1,1,Completed
L02607,C07,2,49.8,0,2,0,Not Completed
L02608,C03,6,29.0,1,0,0,Not Completed
L02609,C07,3,54.8,3,0,4,Completed
L02610,C04,5,27.6,3,3,2,Not Completed
L02611,C09,6,46.5,4,1,5,Completed
L02612,C09,5,64.1,1,4,3,Completed
L02613,C05,3,47.9,2,2,2,Not Completed
L02614,C08,6,95.3,6,3,4,Completed
L02615,C03,1,17.5,1,1,5,Not Completed
L02616,C05,10,97.3,3,3,4,Completed
L02617,C02,7,67.1,1,2,2,Completed
L02618,C09,5,40.0,0,5,1,Completed
L02619,C09,6,60.0,1,5,4,Not Completed
L02620,C10,3,17.3,2,4,1,Not Completed
L02621,C09,4,38.5,4,0,2,Not Completed
L02622,C10,11,60.2,5,4,0,Completed
L02623,C03,5,27.7,2,1,3,Not Completed
L02624,C10,7,77.4,2,5,3,Completed
L02625,C06,6,49.7,2,2,0,Not Completed
L02626,C05,11,65.2,6,1,3,Completed
L02627,C06,3,24.0,2,1,1,Completed
L02628,C04,4,44.4,4,1,3,Not Completed
L02629,C03,6,75.9,4,3,2,Completed
L02630,C03,5,73.1,5,4,5,Not Completed
L02631,C01,4,68.2,1,2,2,Not Completed
L02632,C05,4,53.1,1,8,0,Completed
L02633,C09,5,17.3,2,2,1,Not Completed
L02634,C07,2,65.5,3,2,2,Completed
L02635,C06,3,48.5,1,3,2,Completed
L02636,C05,2,20.8,3,2,2,Not Completed
L02637,C05,4,69.5,0,0,2,Completed
L02638,C02,5,63.9,4,3,4,Not Completed
L02639,C09,7,72.4,6,2,5,Completed
L02640,C02,2,8.2,0,1,2,Not Completed
L02641,C08,5,60.3,2,2,2,Completed
L02642,C08,6,52.4,1,2,3,Not Completed
L02643,C06,4,100.0,6,6,1,Completed
L02644,C09,5,16.5,5,1,2,Not Completed
L02645,C03,5,62.1,6,1,1,Completed
L02646,C09,4,45.8,3,1,0,Not Completed
L02647,C08,4,70.0,5,3,2,Not Completed
L02648,C08,7,78.0,5,7,4,Completed
L02649,C07,4,77.7,4,3,5,Completed
L02650,C09,4,54.8,1,2,3,Completed
L02651,C10,6,51.7,5,1,1,Completed
L02652,C05,6,56.8,7,1,2,Completed
L02653,C09,5,75.2,3,1,1,Completed
L02654,C08,5,77.6,5,3,6,Completed
L02655,C05,4,55.2,4,3,0,Not Completed
L02656,C10,5,85.9,1,4,0,Completed
L02657,C04,6,80.4,0,4,5,Completed
L02658,C06,9,44.7,1,4,1,Completed
L02659,C02,4,58.9,4,2,4,Completed
L02660,C03,6,43.4,2,1,3,Completed
L02661,C09,7,70.3,4,3,3,Not Completed
L02662,C04,4,81.2,4,1,1,Completed
L02663,C04,6,99.1,6,1,2,Completed
L02664,C03,5,68.9,2,4,3,Completed
L02665,C05,5,41.7,5,2,0,Not Completed
L02666,C08,6,68.9,2,5,9,Completed
L02667,C09,3,35.1,0,2,1,Not Completed
L02668,C01,2,49.1,1,2,5,Not Completed
L02669,C06,5,83.2,3,6,3,Completed
L02670,C05,5,36.1,4,2,2,Not Completed
L02671,C07,2,59.6,1,1,2,Not Completed
L02672,C05,6,90.3,4,2,1,Completed
L02673,C04,5,70.3,4,0,3,Completed
L02674,C05,8,78.4,5,1,0,Completed
L02675,C06,1,30.1,4,1,1,Completed
L02676,C05,1,6.2,1,3,2,Not Completed
L02677,C05,1,23.7,1,2,1,Completed
L02678,C09,4,92.8,9,3,1,Completed
L02679,C08,2,42.5,5,1,0,Not Completed
L02680,C04,6,24.2,0,0,0,Not Completed
L02681,C08,7,40.4,1,3,1,Completed
L02682,C09,4,69.0,6,4,3,Completed
L02683,C02,8,39.1,2,1,3,Not Completed
L02684,C06,4,55.6,4,1,4,Completed
L02685,C03,11,78.5,5,5,3,Completed
L02686,C08,4,38.1,0,0,1,Not Completed
L02687,C03,1,43.7,1,2,0,Completed
L02688,C07,2,61.0,4,1,2,Completed
L02689,C03,3,38.5,1,5,5,Completed
L02690,C05,3,21.4,2,2,1,Not Completed
L02691,C10,10,89.1,7,2,3,Completed
L02692,C04,3,44.7,3,1,2,Not Completed
L02693,C09,3,69.1,4,1,4,Completed
L02694,C10,6,31.1,2,1,2,Completed
L02695,C09,0,11.4,1,0,1,Not Completed
L02696,C02,3,26.6,1,1,2,Completed
L02697,C09,3,76.4,5,3,6,Completed
L02698,C01,4,58.1,4,4,2,Completed
L02699,C04,4,48.0,2,3,0,Completed
L02700,C09,7,43.6,4,0,2,Completed
L02701,C07,5,29.7,2,1,1,Completed
L02702,C06,5,58.3,8,3,3,Completed
L02703,C04,5,100.0,3,3,3,Completed
L02704,C09,5,47.5,2,2,1,Completed
L02705,C08,7,79.9,6,4,2,Completed
L02706,C05,3,59.0,8,3,2,Completed
L02707,C09,2,63.6,3,6,3,Completed
L02708,C03,4,94.6,10,5,4,Completed
L02709,C02,1,60.4,0,1,1,Not Completed
L02710,C07,1,28.7,1,1,2,Not Completed
L02711,C10,5,46.4,5,2,3,Completed
L02712,C03,7,75.6,3,5,1,Completed
L02713,C03,2,48.9,3,2,4,Completed
L02714,C02,7,80.7,7,4,1,Completed
L02715,C09,2,62.5,7,1,1,Completed
L02716,C03,5,65.2,6,3,6,Completed
L02717,C05,5,24.4,2,0,2,Not Completed
L02718,C10,5,83.5,4,2,7,Completed
L02719,C01,4,79.5,5,4,0,Not Completed
L02720,C06,5,60.2,1,3,2,Not Completed
L02721,C05,4,50.0,2,1,3,Completed
L02722,C08,3,65.0,3,0,3,Not Completed
L02723,C04,5,61.7,2,3,2,Completed
L02724,C05,5,22.3,2,1,0,Completed
L02725,C02,3,60.1,1,0,4,Not Completed
L02726,C08,6,85.4,3,2,3,Completed
L02727,C08,3,45.9,3,2,0,Not Completed
L02728,C02,5,78.8,6,3,3,Completed
L02729,C04,10,92.0,8,2,3,Completed
L02730,C09,4,69.5,3,6,3,Completed
L02731,C01,3,55.0,4,7,0,Completed
L02732,C03,8,79.7,1,2,3,Completed
L02733,C06,3,44.9,3,3,4,Completed
L02734,C04,8,84.6,7,7,9,Completed
L02735,C03,1,35.4,3,2,1,Completed
L02736,C05,9,86.8,1,2,2,Completed
L02737,C02,12,58.6,3,4,5,Completed
L02738,C06,2,30.9,1,1,1,Not Completed
L02739,C08,11,59.6,1,3,2,Not Completed
L02740,C06,3,43.0,6,6,1,Completed
L02741,C01,10,49.7,1,2,5,Completed
L02742,C09,3,57.9,4,4,1,Completed
L02743,C02,5,42.4,2,1,2,Completed
L02744,C08,3,56.0,3,5,3,Not Completed
L02745,C04,4,89.5,6,4,3,Completed
L02746,C08,0,21.4,2,1,1,Not Completed
L02747,C02,4,40.2,3,0,1,Completed
L02748,C02,2,25.6,1,2,0,Completed
L02749,C05,6,100.0,6,0,7,Completed
L02750,C01,8,56.4,1,4,2,Completed
L02751,C03,5,26.9,3,1,2,Completed
L02752,C08,5,55.6,2,3,2,Completed
L02753,C09,6,61.3,4,3,4,Completed
L02754,C01,4,38.8,2,0,1,Not Completed
L02755,C09,8,51.5,1,3,4,Completed
L02756,C08,5,72.6,3,4,4,Completed
L02757,C09,3,29.8,0,0,0,Completed
L02758,C07,7,64.5,1,8,2,Completed
L02759,C07,8,88.5,4,4,7,Completed
L02760,C06,3,76.4,5,4,1,Completed
L02761,C07,8,67.3,3,5,1,Completed
L02762,C10,5,39.4,0,3,1,Not Completed
L02763,C02,4,49.0,2,0,0,Not Completed
L02764,C04,2,57.5,1,4,2,Completed
L02765,C01,6,66.2,4,3,2,Completed
L02766,C10,1,40.4,3,3,1,Not Completed
L02767,C05,4,51.4,4,3,3,Not Completed
L02768,C07,4,50.8,2,3,2,Completed
L02769,C09,5,87.7,10,0,1,Not Completed
L02770,C10,8,71.5,5,4,2,Completed
L02771,C02,3,58.3,4,3,5,Completed
L02772,C08,5,39.0,1,0,0,Completed
L02773,C09,8,42.5,2,1,0,Not Completed
L02774,C01,5,58.2,4,4,2,Completed
L02775,C08,8,55.4,2,3,4,Completed
L02776,C04,9,77.7,2,0,5,Completed
L02777,C07,7,88.8,5,4,4,Completed
L02778,C05,4,57.7,4,0,1,Not Completed
L02779,C03,8,76.9,7,1,6,Completed
L02780,C02,8,62.3,3,1,0,Completed
L02781,C02,8,83.5,7,5,3,Completed
L02782,C02,9,39.0,1,0,1,Completed
L02783,C07,1,22.2,0,1,0,Not Completed
L02784,C04,4,43.4,7,1,4,Completed
L02785,C03,10,81.0,1,7,3,Completed
L02786,C07,3,15.8,0,0,0,Not Completed
L02787,C07,6,83.3,8,4,8,Completed
L02788,C06,1,53.0,1,3,2,Not Completed
L02789,C10,8,74.3,5,3,3,Completed
L02790,C04,2,41.0,5,1,1,Completed
L02791,C09,13,64.1,3,2,1,Completed
L02792,C01,3,73.8,6,4,0,Completed
L02793,C08,7,63.9,3,6,1,Completed
L02794,C10,5,39.8,2,0,1,Not Completed
L02795,C09,7,58.5,7,5,4,Completed
L02796,C06,7,60.9,2,2,4,Not Completed
L02797,C07,6,59.5,3,4,1,Completed
L02798,C04,5,64.4,1,2,3,Not Completed
L02799,C07,4,38.2,0,2,0,Completed
L02800,C08,1,38.1,2,4,1,Completed
L02801,C10,4,100.0,3,4,3,Completed
L02802,C05,3,24.7,2,0,3,Not Completed
L02803,C01,9,73.8,5,3,4,Completed
L02804,C06,1,100.0,4,5,4,Completed
L02805,C02,1,35.4,3,2,2,Not Completed
L02806,C03,7,68.4,3,2,5,Completed
L02807,C04,4,52.5,2,6,0,Not Completed
L02808,C08,7,37.1,6,2,3,Not Completed
L02809,C02,5,23.4,3,1,6,Completed
L02810,C02,2,42.6,1,1,1,Not Completed
L02811,C01,3,27.1,3,1,0,Not Completed
L02812,C09,3,36.6,0,2,1,Not Completed
L02813,C07,3,26.4,0,1,2,Completed
L02814,C01,6,56.0,2,0,5,Completed
L02815,C01,3,30.5,2,3,0,Not Completed
L02816,C06,6,46.7,7,2,1,Completed
L02817,C03,3,89.2,5,5,6,Completed
L02818,C06,5,52.2,2,1,8,Not Completed
L02819,C05,5,29.4,3,0,0,Completed
L02820,C10,6,100.0,8,1,3,Completed
L02821,C03,8,84.5,1,5,1,Completed
L02822,C07,4,48.1,2,0,3,Not Completed
L02823,C01,5,67.0,1,1,6,Completed
L02824,C10,4,33.5,1,0,2,Not Completed
L02825,C10,4,70.9,3,2,2,Completed
L02826,C08,5,90.9,4,3,3,Completed
L02827,C05,3,55.6,6,3,2,Completed
L02828,C03,3,56.7,7,4,0,Not Completed
L02829,C09,4,50.5,2,1,2,Completed
L02830,C08,4,77.1,4,8,2,Completed
L02831,C03,3,79.1,0,0,3,Completed
L02832,C05,2,48.4,3,1,3,Not Completed
L02833,C05,3,15.2,2,0,2,Completed
L02834,C09,3,16.5,0,1,0,Not Completed
L02835,C07,6,97.3,3,2,4,Completed
L02836,C07,6,68.4,2,3,4,Completed
L02837,C07,3,49.9,1,2,3,Completed
L02838,C03,7,54.9,5,1,2,Completed
L02839,C04,3,36.1,2,2,2,Completed
L02840,C01,5,49.1,1,1,3,Completed
L02841,C08,1,21.0,1,0,1,Not Completed
L02842,C05,4,64.1,6,3,1,Completed
L02843,C05,5,76.1,5,4,4,Completed
L02844,C03,4,28.7,0,1,2,Not Completed
L02845,C02,3,0.3,0,0,0,Not Completed
L02846,C06,6,68.8,1,2,5,Completed
L02847,C03,4,44.6,4,4,3,Not Completed
L02848,C01,3,34.4,0,2,1,Not Completed
L02849,C08,7,76.5,5,4,4,Completed
L02850,C04,7,43.5,8,4,2,Completed
L02851,C04,3,46.2,1,4,3,Not Completed
L02852,C05,6,53.8,1,6,5,Completed
L02853,C09,6,81.5,3,5,2,Completed
L02854,C04,3,51.8,6,2,3,Not Completed
L02855,C08,9,56.8,2,4,5,Completed
L02856,C10,3,25.7,3,0,2,Not Completed
L02857,C07,3,31.1,1,1,1,Completed
L02858,C05,8,55.1,2,2,3,Completed
L02859,C08,2,75.7,3,3,5,Completed
L02860,C05,8,47.0,2,4,2,Completed
L02861,C05,1,22.2,1,0,0,Not Completed
L02862,C06,5,65.0,4,2,2,Completed
L02863,C04,3,42.2,3,2,1,Not Completed
L02864,C02,4,78.9,4,1,7,Completed
L02865,C05,3,24.5,1,1,1,Not Completed
L02866,C02,5,32.4,1,2,1,Completed
L02867,C05,9,61.1,4,4,2,Completed
L02868,C06,1,22.1,1,0,0,Completed
L02869,C10,2,35.7,1,3,1,Not Completed
L02870,C01,7,80.6,9,6,7,Completed
L02871,C07,5,44.3,2,4,1,Not Completed
L02872,C05,8,64.0,1,2,3,Completed
L02873,C01,3,51.2,2,0,2,Not Completed
L02874,C03,2,44.5,2,1,1,Not Completed
L02875,C02,4,30.8,3,3,2,Not Completed
L02876,C03,1,35.6,1,3,4,Completed
L02877,C03,5,55.7,5,1,0,Completed
L02878,C05,5,53.8,3,2,2,Not Completed
L02879,C06,1,13.3,2,0,0,Completed
L02880,C01,1,28.8,1,0,2,Not Completed
L02881,C02,4,52.1,4,4,3,Not Completed
L02882,C01,5,49.0,4,2,2,Completed
L02883,C06,7,90.8,5,5,5,Completed
L02884,C04,8,88.8,5,8,3,Completed
L02885,C06,8,77.4,4,0,7,Completed
L02886,C03,5,49.2,0,0,3,Completed
L02887,C01,9,100.0,7,4,4,Completed
L02888,C10,7,86.8,4,6,3,Completed
L02889,C02,6,68.6,1,5,2,Completed
L02890,C02,4,33.3,2,0,1,Not Completed
L02891,C02,8,50.6,0,1,1,Completed
L02892,C10,9,60.9,5,2,5,Completed
L02893,C07,9,56.4,3,1,3,Completed
L02894,C07,4,34.9,1,4,2,Not Completed
L02895,C10,2,41.7,0,2,1,Not Completed
L02896,C01,12,94.4,5,1,2,Completed
L02897,C10,10,68.5,1,3,5,Completed
L02898,C02,6,44.9,4,1,3,Not Completed
L02899,C07,1,56.0,3,2,2,Not Completed
L02900,C05,5,47.1,2,4,3,Completed
L02901,C04,5,61.1,0,7,1,Completed
L02902,C10,11,100.0,5,4,5,Completed
L02903,C02,6,39.5,0,1,0,Not Completed
L02904,C10,3,68.4,2,3,4,Completed
L02905,C04,2,32.9,3,3,2,Completed
L02906,C07,8,35.0,3,0,0,Not Completed
L02907,C10,6,43.5,1,5,2,Not Completed
L02908,C01,8,77.8,7,4,2,Completed
L02909,C10,6,71.3,2,2,7,Completed
L02910,C06,8,86.2,1,5,4,Completed
L02911,C08,7,55.7,5,5,0,Completed
L02912,C02,3,30.8,5,0,0,Not Completed
L02913,C06,2,39.4,0,2,1,Not Completed
L02914,C07,7,73.3,3,2,3,Not Completed
L02915,C05,5,91.0,4,4,1,Completed
L02916,C02,7,45.4,5,1,2,Completed
L02917,C03,12,70.5,6,2,2,Completed
L02918,C09,3,37.3,3,6,3,Completed
L02919,C01,2,12.5,1,0,1,Not Completed
L02920,C08,1,37.0,5,1,1,Not Completed
L02921,C10,4,41.4,5,0,0,Not Completed
L02922,C01,5,76.5,6,4,3,Completed
L02923,C02,8,50.1,4,1,1,Not Completed
L02924,C07,9,62.7,4,4,4,Completed
L02925,C01,5,41.5,3,5,2,Completed
L02926,C06,4,30.7,3,1,1,Completed
L02927,C07,2,65.3,4,3,5,Completed
L02928,C06,11,77.2,5,5,3,Completed
L02929,C04,8,90.1,5,5,6,Completed
L02930,C07,10,71.6,4,5,0,Completed
L02931,C06,4,38.9,0,1,0,Not Completed
L02932,C02,8,56.5,2,1,2,Not Completed
L02933,C06,5,80.2,3,5,3,Completed
L02934,C09,6,34.1,3,3,0,Not Completed
L02935,C07,9,73.6,3,3,2,Completed
L02936,C05,2,72.2,5,1,4,Not Completed
L02937,C04,9,46.5,0,0,1,Not Completed
L02938,C01,6,83.6,3,2,8,Completed
L02939,C03,1,67.9,4,2,2,Completed
L02940,C01,6,28.8,0,2,5,Completed
L02941,C10,6,63.8,3,1,4,Completed
L02942,C03,9,67.1,3,3,4,Completed
L02943,C09,5,54.9,3,4,3,Completed
L02944,C02,15,73.7,3,2,5,Completed
L02945,C03,5,49.7,6,3,3,Not Completed
L02946,C05,6,67.8,2,3,2,Completed
L02947,C04,3,60.4,4,2,2,Not Completed
L02948,C08,9,56.7,4,3,2,Completed
L02949,C10,3,37.7,3,2,2,Not Completed
L02950,C09,14,68.2,1,5,2,Completed
L02951,C02,4,11.2,0,0,0,Completed
L02952,C08,5,93.9,4,1,9,Completed
L02953,C02,0,55.8,4,3,2,Not Completed
L02954,C10,5,92.1,7,4,5,Completed
L02955,C05,7,73.0,5,6,2,Completed
L02956,C04,8,89.3,3,1,2,Completed
L02957,C02,9,76.9,6,2,3,Completed
L02958,C01,2,32.0,2,2,2,Not Completed
L02959,C03,4,47.6,3,2,1,Completed
L02960,C10,6,11.7,1,0,0,Not Completed
L02961,C08,2,32.9,3,1,0,Not Completed
L02962,C10,10,87.1,7,6,5,Completed
L02963,C02,7,56.9,6,7,2,Completed
L02964,C06,1,19.8,3,0,1,Not Completed
L02965,C03,8,34.6,2,1,3,Completed
L02966,C06,12,60.7,4,7,4,Completed
L02967,C04,5,72.3,3,3,3,Completed
L02968,C03,5,79.5,2,7,4,Completed
L02969,C06,5,16.8,2,5,1,Not Completed
L02970,C02,2,57.9,8,2,2,Not Completed
L02971,C05,8,69.0,4,4,4,Completed
L02972,C07,3,39.1,2,1,4,Not Completed
L02973,C02,5,81.6,1,3,4,Completed
L02974,C10,6,34.7,1,4,3,Not Completed
L02975,C05,5,54.1,4,5,4,Completed
L02976,C09,6,90.9,4,4,5,Completed
L02977,C07,4,43.8,5,3,1,Completed
L02978,C08,6,93.4,5,0,2,Completed
L02979,C08,2,4.9,2,0,2,Not Completed
L02980,C09,8,81.6,2,8,2,Completed
L02981,C07,3,51.2,6,4,5,Not Completed
L02982,C03,7,43.2,3,0,2,Not Completed
L02983,C01,1,72.4,4,2,5,Completed
L02984,C07,7,64.2,3,2,4,Completed
L02985,C01,11,91.8,4,2,3,Completed
L02986,C03,6,39.9,2,2,3,Completed
L02987,C01,5,61.6,1,2,1,Not Completed
L02988,C06,2,65.4,5,3,4,Not Completed
L02989,C02,9,57.6,5,2,1,Completed
L02990,C07,4,72.7,3,3,1,Not Completed
L02991,C08,7,43.3,6,3,2,Completed
L02992,C09,3,27.9,1,1,1,Not Completed
L02993,C04,1,73.3,0,2,5,Completed
L02994,C06,1,23.5,1,0,0,Not Completed
L02995,C06,5,75.8,1,3,2,Completed
L02996,C05,4,32.7,3,2,2,Completed
L02997,C07,6,56.0,4,2,3,Completed
L02998,C03,0,35.5,0,3,1,Not Completed
L02999,C10,10,100.0,4,1,4,Completed
L03000,C01,8,92.6,4,2,3,Completed
L03001,C09,6,63.1,2,3,1,Not Completed
L03002,C06,3,22.9,4,1,2,Not Completed
L03003,C03,4,68.1,5,1,2,Completed
L03004,C08,5,42.8,0,1,1,Completed
L03005,C01,4,51.6,5,3,3,Completed
L03006,C08,4,21.6,4,0,4,Not Completed
L03007,C06,1,50.4,3,1,4,Completed
L03008,C02,2,26.4,2,4,2,Not Completed
L03009,C01,4,21.6,2,0,1,Not Completed
L03010,C08,2,36.5,0,2,2,Not Completed
L03011,C03,4,50.5,0,2,3,Not Completed
L03012,C09,3,37.0,2,0,3,Completed
L03013,C08,5,58.5,4,1,2,Completed
L03014,C07,3,69.8,7,3,4,Completed
L03015,C03,3,36.0,2,6,0,Not Completed
L03016,C08,2,34.5,1,3,1,Not Completed
L03017,C10,6,57.7,3,1,5,Not Completed
L03018,C01,6,61.2,2,1,2,Not Completed
L03019,C04,4,19.5,1,3,1,Not Completed
L03020,C03,3,22.0,0,1,0,Not Completed
L03021,C04,7,71.6,7,3,5,Completed
L03022,C08,8,40.1,2,3,3,Completed
L03023,C05,4,77.1,4,2,1,Not Completed
L03024,C06,8,43.2,3,3,1,Completed
L03025,C04,1,89.5,2,3,4,Completed
L03026,C02,3,54.9,0,3,4,Completed
L03027,C03,15,76.1,4,2,4,Completed
L03028,C09,7,42.2,1,0,1,Completed
L03029,C07,7,78.4,3,2,1,Completed
L03030,C04,7,53.1,2,5,2,Completed
L03031,C08,5,58.4,7,3,2,Completed
L03032,C01,7,35.6,2,4,1,Completed
L03033,C03,7,89.5,8,3,5,Completed
L03034,C03,8,89.4,3,8,3,Completed
L03035,C10,4,72.9,2,6,4,Completed
L03036,C08,3,31.9,1,1,3,Not Completed
L03037,C07,1,19.8,1,3,0,Completed
L03038,C01,5,71.4,1,2,4,Completed
L03039,C02,9,78.3,5,2,3,Completed
L03040,C07,10,70.8,3,5,3,Completed
L03041,C04,4,73.7,0,2,1,Completed
L03042,C10,7,51.3,1,3,7,Not Completed
L03043,C08,4,53.6,1,3,3,Completed
L03044,C05,9,50.9,5,3,4,Completed
L03045,C08,6,57.0,8,1,0,Completed
L03046,C10,4,42.3,4,1,1,Completed
L03047,C05,4,56.8,3,3,6,Not Completed
L03048,C07,2,36.1,1,2,0,Not Completed
L03049,C10,4,16.6,1,0,0,Not Completed
L03050,C03,5,42.3,1,3,3,Not Completed
L03051,C09,4,47.7,3,4,3,Completed
L03052,C01,8,41.7,3,1,3,Completed
L03053,C07,8,74.8,5,3,2,Completed
L03054,C08,3,84.6,6,1,3,Completed
L03055,C07,9,81.9,4,5,6,Completed
L03056,C05,8,61.7,2,2,2,Completed
L03057,C07,8,73.9,1,3,2,Completed
L03058,C02,6,73.8,2,2,3,Not Completed
L03059,C03,9,63.1,2,2,6,Completed
L03060,C03,5,79.1,5,4,5,Completed
L03061,C06,8,27.2,0,2,2,Completed
L03062,C05,5,25.8,1,1,2,Not Completed
L03063,C03,7,60.6,6,1,3,Completed
L03064,C09,3,67.8,6,4,5,Completed
L03065,C04,6,68.9,1,5,2,Completed
L03066,C05,5,45.2,2,1,3,Completed
L03067,C05,5,19.6,4,1,1,Not Completed
L03068,C02,6,48.6,3,3,2,Completed
L03069,C08,6,78.6,7,2,6,Completed
L03070,C05,3,68.2,4,4,3,Completed
L03071,C01,0,34.5,2,2,0,Completed
L03072,C10,7,76.7,6,2,1,Completed
L03073,C09,7,45.5,2,1,3,Completed
L03074,C08,6,83.7,8,4,4,Completed
L03075,C09,2,69.1,3,5,2,Completed
L03076,C10,0,26.7,3,2,2,Not Completed
L03077,C04,5,83.4,3,4,3,Completed
L03078,C07,3,28.8,4,4,1,Completed
L03079,C07,4,42.6,2,1,3,Not Completed
L03080,C03,5,40.5,3,1,1,Completed
L03081,C03,4,48.5,2,2,2,Not Completed
L03082,C02,8,42.2,6,3,3,Not Completed
L03083,C07,10,77.8,6,2,2,Completed
L03084,C08,8,39.1,0,4,2,Completed
L03085,C08,11,77.7,1,3,3,Completed
L03086,C04,4,12.7,2,1,1,Not Completed
L03087,C02,8,57.2,6,4,3,Completed
L03088,C05,6,43.5,3,1,4,Not Completed
L03089,C06,7,42.8,0,1,1,Not Completed
L03090,C10,6,60.8,6,2,4,Not Completed
L03091,C09,4,50.8,3,2,2,Not Completed
L03092,C10,5,24.8,3,2,0,Not Completed
L03093,C09,5,12.7,0,1,1,Not Completed
L03094,C10,6,94.6,4,5,7,Completed
L03095,C05,2,58.6,0,3,2,Not Completed
L03096,C01,6,28.2,5,4,1,Completed
L03097,C01,5,71.9,4,2,0,Completed
L03098,C04,0,49.2,0,0,5,Completed
L03099,C03,3,35.9,4,1,1,Not Completed
L03100,C02,7,65.0,5,5,6,Not Completed
L03101,C10,7,66.0,0,4,0,Completed
L03102,C02,9,91.7,4,2,3,Completed
L03103,C10,2,34.2,4,2,3,Not Completed
L03104,C08,6,72.5,3,3,7,Completed
L03105,C07,7,51.2,4,0,3,Completed
L03106,C07,3,82.8,1,2,2,Not Completed
L03107,C04,5,29.9,0,0,1,Not Completed
L03108,C07,9,100.0,4,3,1,Completed
L03109,C02,4,53.5,3,1,1,Completed
L03110,C10,1,48.3,4,4,1,Completed
L03111,C04,1,99.6,0,2,4,Completed
L03112,C03,4,43.4,2,4,2,Not Completed
L03113,C08,4,24.8,2,1,1,Completed
L03114,C07,7,58.5,6,1,4,Completed
L03115,C05,4,70.7,1,0,0,Not Completed
L03116,C07,6,55.0,3,2,3,Completed
L03117,C02,4,34.1,2,1,2,Completed
L03118,C07,9,78.9,5,1,2,Not Completed
L03119,C03,7,49.3,4,1,4,Completed
L03120,C03,5,51.6,1,1,4,Not Completed
L03121,C02,2,62.0,4,3,2,Completed
L03122,C04,5,61.5,5,4,1,Completed
L03123,C04,4,56.1,2,1,1,Completed
L03124,C05,7,37.5,3,1,5,Completed
L03125,C02,1,34.0,6,1,2,Not Completed
L03126,C02,5,30.7,2,0,0,Not Completed
L03127,C06,6,59.2,10,3,3,Completed
L03128,C02,7,44.5,2,1,1,Not Completed
L03129,C07,1,39.3,3,0,3,Completed
L03130,C10,8,55.5,3,6,4,Completed
L03131,C05,2,13.5,0,2,0,Not Completed
L03132,C10,2,20.8,1,2,0,Not Completed
L03133,C01,6,77.9,6,1,3,Completed
L03134,C01,3,58.5,4,1,3,Not Completed
L03135,C08,5,46.5,5,1,2,Completed
L03136,C08,1,12.9,0,1,2,Not Completed
L03137,C09,8,81.2,1,2,4,Completed
L03138,C01,12,76.2,3,1,3,Completed
L03139,C08,5,59.2,4,4,3,Completed
L03140,C04,3,79.6,4,2,4,Completed
L03141,C04,2,37.3,1,2,2,Not Completed
L03142,C02,3,45.1,0,1,1,Completed
L03143,C10,5,54.6,4,4,3,Completed
L03144,C01,3,44.4,2,0,3,Completed
L03145,C09,5,61.6,5,4,2,Not Completed
L03146,C07,8,57.0,4,4,3,Completed
L03147,C08,5,43.3,0,5,0,Completed
L03148,C08,8,90.6,5,2,9,Completed
L03149,C09,5,67.9,7,6,2,Completed
L03150,C02,8,48.2,5,2,1,Completed
L03151,C01,4,44.7,4,1,0,Not Completed
L03152,C06,3,49.8,4,3,5,Completed
L03153,C04,6,57.7,5,3,2,Completed
L03154,C02,4,69.1,4,2,2,Completed
L03155,C02,2,45.4,2,4,2,Not Completed
L03156,C04,3,38.0,1,0,0,Not Completed
L03157,C01,4,26.3,1,1,4,Not Completed
L03158,C01,3,25.8,0,1,0,Not Completed
L03159,C10,7,55.2,2,5,2,Completed
L03160,C04,1,48.6,1,3,4,Completed
L03161,C10,9,93.5,6,3,5,Completed
L03162,C10,9,75.9,5,2,2,Completed
L03163,C02,1,62.1,2,2,5,Completed
L03164,C08,8,19.7,3,0,0,Not Completed
L03165,C07,2,21.3,0,1,1,Not Completed
L03166,C07,3,81.6,4,4,1,Completed
L03167,C01,5,45.6,3,2,0,Not Completed
L03168,C02,8,37.8,9,4,2,Completed
L03169,C01,7,71.5,2,2,1,Completed
L03170,C07,5,57.0,5,4,5,Not Completed
L03171,C10,6,54.1,3,3,3,Completed
L03172,C07,7,34.6,3,3,1,Completed
L03173,C08,9,46.2,3,0,1,Completed
L03174,C10,5,29.1,2,1,5,Not Completed
L03175,C07,5,46.6,3,1,1,Completed
L03176,C01,8,53.4,4,2,4,Not Completed
L03177,C09,3,41.7,2,4,2,Completed
L03178,C04,4,41.9,2,1,4,Completed
L03179,C01,2,13.1,1,0,0,Completed
L03180,C05,12,82.6,1,2,2,Completed
L03181,C10,5,64.1,3,1,3,Not Completed
L03182,C03,6,46.8,4,3,0,Completed
L03183,C05,7,45.3,5,0,1,Completed
L03184,C02,5,71.3,4,5,2,Not Completed
L03185,C01,6,55.7,2,4,1,Completed
L03186,C01,9,52.3,4,2,5,Not Completed
L03187,C08,4,49.1,4,4,1,Not Completed
L03188,C09,4,56.6,6,4,2,Not Completed
L03189,C02,5,40.5,3,1,1,Completed
L03190,C03,12,100.0,6,8,3,Completed
L03191,C02,2,46.8,0,1,0,Not Completed
L03192,C01,2,38.1,0,2,3,Not Completed
L03193,C06,2,29.3,1,2,0,Not Completed
L03194,C07,7,70.0,2,4,3,Completed
L03195,C07,1,71.2,1,2,2,Not Completed
L03196,C04,5,56.5,4,0,5,Completed
L03197,C06,11,55.4,4,1,3,Completed
L03198,C01,9,57.2,7,2,2,Completed
L03199,C02,7,46.9,4,1,2,Completed
L03200,C10,7,91.8,2,4,2,Completed
L03201,C08,7,34.3,1,3,1,Not Completed
L03202,C10,10,78.9,1,1,5,Completed
L03203,C10,3,50.4,4,2,3,Completed
L03204,C07,9,94.8,6,2,2,Completed
L03205,C10,11,75.2,3,3,3,Completed
L03206,C05,7,41.9,2,4,1,Completed
L03207,C01,0,18.2,0,2,1,Not Completed
L03208,C01,1,34.1,2,1,0,Not Completed
L03209,C02,1,57.3,2,0,0,Not Completed
L03210,C01,6,83.9,2,4,1,Completed
L03211,C04,8,76.4,3,1,3,Not Completed
L03212,C08,2,55.2,3,2,0,Not Completed
L03213,C08,6,38.4,2,1,1,Not Completed
L03214,C06,4,48.9,6,1,4,Completed
L03215,C02,5,39.4,4,0,3,Completed
L03216,C08,5,76.3,4,1,3,Not Completed
L03217,C04,2,36.0,1,1,2,Not Completed
L03218,C01,3,54.8,2,0,2,Completed
L03219,C03,4,4.0,3,0,0,Not Completed
L03220,C04,0,31.6,3,4,3,Not Completed
L03221,C03,6,86.8,3,2,1,Not Completed
L03222,C09,1,29.7,1,0,1,Not Completed
L03223,C08,2,56.3,5,2,2,Completed
L03224,C07,2,54.5,4,1,1,Not Completed
L03225,C02,9,72.3,2,4,4,Completed
L03226,C08,5,89.3,4,1,2,Completed
L03227,C07,4,91.7,1,3,9,Completed
L03228,C02,4,47.3,3,1,5,Not Completed
L03229,C07,7,39.4,3,2,0,Not Completed
L03230,C05,3,57.4,5,2,4,Completed
L03231,C05,6,34.5,3,3,1,Not Completed
L03232,C02,5,36.0,2,2,3,Not Completed
L03233,C05,9,79.0,10,3,4,Completed
L03234,C01,8,62.4,8,2,4,Completed
L03235,C02,5,47.6,1,2,1,Not Completed
L03236,C02,8,73.3,1,0,5,Completed
L03237,C10,3,57.9,2,3,3,Completed
L03238,C03,7,35.7,2,0,1,Completed
L03239,C04,9,85.7,2,4,5,Completed
L03240,C04,4,55.3,6,2,4,Completed
L03241,C09,3,50.9,1,1,0,Not Completed
L03242,C06,3,18.8,0,0,0,Not Completed
L03243,C10,2,58.5,4,1,1,Not Completed
L03244,C03,4,49.2,5,3,1,Completed
L03245,C02,7,89.9,2,3,5,Completed
L03246,C06,3,49.4,5,6,1,Completed
L03247,C04,7,68.6,3,3,2,Not Completed
L03248,C08,8,62.6,4,2,6,Completed
L03249,C09,2,51.2,1,5,4,Not Completed
L03250,C05,6,43.8,1,2,2,Not Completed
L03251,C10,2,17.0,1,0,1,Not Completed
L03252,C06,7,37.0,1,4,2,Completed
L03253,C03,8,71.3,4,1,0,Completed
L03254,C05,3,24.2,2,3,0,Not Completed
L03255,C01,4,36.6,3,0,1,Not Completed
L03256,C08,2,41.7,1,2,0,Completed
L03257,C02,7,61.6,3,5,7,Completed
L03258,C04,5,56.8,5,3,4,Not Completed
L03259,C06,6,35.1,4,2,1,Completed
L03260,C01,9,31.0,2,0,0,Not Completed
L03261,C01,7,65.1,1,5,4,Completed
L03262,C07,7,68.6,3,5,3,Completed
L03263,C01,7,83.2,6,4,4,Completed
L03264,C05,14,99.1,5,5,2,Completed
L03265,C04,3,44.5,0,1,1,Not Completed
L03266,C03,6,66.2,3,1,1,Completed
L03267,C02,7,60.2,2,1,1,Completed
L03268,C08,4,58.0,4,1,4,Completed
L03269,C10,10,43.7,2,2,0,Not Completed
L03270,C02,5,40.3,3,1,3,Completed
L03271,C10,9,46.3,3,4,3,Completed
L03272,C06,5,51.8,1,4,2,Completed
L03273,C07,8,50.1,0,6,0,Completed
L03274,C08,7,83.1,2,2,7,Completed
L03275,C08,4,64.0,3,1,3,Completed
L03276,C09,5,40.7,4,1,2,Completed
L03277,C05,9,32.2,4,0,1,Not Completed
L03278,C06,5,52.1,2,4,3,Completed
L03279,C04,3,42.8,3,3,3,Not Completed
L03280,C02,6,77.8,7,3,4,Completed
L03281,C07,6,83.0,4,6,3,Completed
L03282,C01,6,54.9,3,0,3,Not Completed
L03283,C03,5,53.3,2,3,4,Completed
L03284,C01,2,33.7,4,3,1,Completed
L03285,C02,4,27.4,0,3,3,Not Completed
L03286,C07,5,46.5,0,4,4,Not Completed
L03287,C07,6,60.0,3,2,2,Completed
L03288,C05,7,43.7,4,2,1,Completed
L03289,C01,9,80.1,3,1,3,Not Completed
L03290,C05,9,54.6,3,4,4,Completed
L03291,C04,5,64.3,5,5,0,Completed
L03292,C08,0,38.9,5,0,1,Not Completed
L03293,C06,7,12.5,2,4,1,Completed
L03294,C05,7,62.4,4,1,3,Completed
L03295,C05,4,49.3,1,2,3,Not Completed
L03296,C10,7,87.5,5,1,5,Completed
L03297,C08,7,67.1,6,2,1,Completed
L03298,C05,5,40.0,3,1,2,Not Completed
L03299,C05,10,56.1,5,3,3,Completed
L03300,C01,9,69.9,4,3,2,Completed
L03301,C10,3,9.3,2,2,2,Completed
L03302,C04,5,72.6,3,1,2,Completed
L03303,C03,10,73.9,4,1,6,Completed
L03304,C10,1,35.4,0,0,3,Not Completed
L03305,C08,4,42.2,2,2,2,Completed
L03306,C01,12,93.9,3,8,4,Completed
L03307,C01,4,62.3,3,3,2,Completed
L03308,C01,4,59.9,8,1,0,Not Completed
L03309,C06,4,57.0,2,0,1,Not Completed
L03310,C01,6,64.6,5,5,1,Completed
L03311,C10,2,25.5,1,0,1,Not Completed
L03312,C10,5,65.5,4,0,3,Not Completed
L03313,C06,6,46.7,4,2,1,Completed
L03314,C07,2,71.6,6,0,0,Completed
L03315,C03,1,60.5,2,4,5,Completed
L03316,C01,5,47.0,4,0,2,Completed
L03317,C08,9,73.5,4,1,3,Completed
L03318,C02,2,40.4,3,0,0,Not Completed
L03319,C01,2,38.7,3,2,1,Not Completed
L03320,C04,5,65.0,3,4,2,Completed
L03321,C01,5,71.2,3,4,1,Not Completed
L03322,C05,3,46.7,3,1,1,Completed
L03323,C08,5,74.5,5,3,2,Completed
L03324,C08,6,54.7,2,1,2,Not Completed
L03325,C07,6,49.3,1,2,1,Completed
L03326,C09,6,49.4,3,2,2,Completed
L03327,C05,2,24.8,2,0,1,Not Completed
L03328,C09,7,84.6,4,7,4,Completed
L03329,C05,4,50.0,2,3,0,Not Completed
L03330,C03,6,70.4,9,5,3,Completed
L03331,C10,5,42.2,2,0,2,Not Completed
L03332,C03,2,43.1,2,1,0,Not Completed
L03333,C01,6,84.3,4,2,4,Completed
L03334,C03,6,30.6,5,1,4,Completed
L03335,C04,4,32.4,3,2,3,Not Completed
L03336,C04,3,54.7,2,3,1,Completed
L03337,C06,5,87.1,7,3,11,Completed
L03338,C09,0,43.8,4,0,1,Not Completed
L03339,C03,8,50.6,1,0,2,Completed
L03340,C06,4,23.0,2,1,2,Completed
L03341,C04,4,24.6,0,0,1,Not Completed
L03342,C09,4,36.4,2,1,1,Not Completed
L03343,C02,2,37.6,1,1,2,Not Completed
L03344,C02,4,72.3,2,2,4,Not Completed
L03345,C05,3,48.1,3,3,1,Completed
L03346,C07,3,56.1,2,1,3,Not Completed
L03347,C08,8,53.2,0,2,1,Not Completed
L03348,C06,5,78.2,2,4,7,Completed
L03349,C08,8,73.1,2,3,1,Completed
L03350,C04,3,29.8,2,0,0,Not Completed
L03351,C01,6,83.2,9,4,3,Completed
L03352,C02,2,42.1,1,3,3,Not Completed
L03353,C01,6,38.5,2,1,1,Completed
L03354,C04,2,26.4,0,3,3,Not Completed
L03355,C05,11,76.3,2,5,5,Not Completed
L03356,C04,8,45.9,5,3,3,Completed
L03357,C06,6,56.7,1,2,4,Completed
L03358,C05,5,38.3,3,6,2,Completed
L03359,C07,6,81.1,0,1,4,Completed
L03360,C07,8,94.0,8,4,2,Completed
L03361,C04,9,54.9,5,3,3,Completed
L03362,C04,5,33.0,0,2,2,Not Completed
L03363,C06,2,45.8,1,0,0,Not Completed
L03364,C06,3,54.5,1,1,3,Completed
L03365,C04,5,58.7,0,2,1,Completed
L03366,C04,3,41.1,5,2,1,Not Completed
L03367,C07,4,38.1,1,4,1,Completed
L03368,C07,5,39.8,6,5,3,Completed
L03369,C02,0,40.0,3,2,0,Completed
L03370,C05,3,48.5,0,2,1,Completed
L03371,C09,2,24.0,2,3,1,Not Completed
L03372,C01,5,56.8,1,4,1,Not Completed
L03373,C09,3,25.5,2,1,1,Not Completed
L03374,C02,2,25.8,1,2,2,Completed
L03375,C05,2,34.6,0,2,0,Completed
L03376,C05,6,81.1,6,5,4,Completed
L03377,C01,6,49.4,4,2,4,Not Completed
L03378,C10,2,0.5,3,1,0,Completed
L03379,C05,6,81.5,7,4,3,Completed
L03380,C10,8,75.9,5,1,1,Completed
L03381,C03,4,43.1,1,5,4,Not Completed
L03382,C09,3,45.0,6,3,2,Completed
L03383,C10,4,87.8,4,6,4,Completed
L03384,C06,6,49.3,1,2,2,Not Completed
L03385,C02,4,89.6,2,1,3,Completed
L03386,C07,4,90.4,3,8,4,Completed
L03387,C06,8,64.6,5,1,3,Completed
L03388,C10,5,66.2,2,2,3,Completed
L03389,C05,5,21.5,1,1,0,Not Completed
L03390,C03,1,66.9,3,0,1,Not Completed
L03391,C02,7,65.2,3,5,3,Completed
L03392,C07,1,51.9,3,3,2,Completed
L03393,C10,3,39.8,1,2,3,Not Completed
L03394,C01,1,33.2,0,1,0,Not Completed
L03395,C08,7,88.2,3,2,3,Completed
L03396,C10,4,59.5,2,1,2,Not Completed
L03397,C01,13,69.7,3,3,2,Completed
L03398,C02,9,38.4,0,3,0,Completed
L03399,C07,13,40.6,3,4,4,Completed
L03400,C07,7,55.1,6,6,6,Completed
L03401,C01,0,22.7,1,0,1,Not Completed
L03402,C09,5,78.3,2,3,6,Completed
L03403,C06,8,35.4,1,5,1,Not Completed
L03404,C10,7,61.2,6,4,3,Completed
L03405,C09,6,27.5,8,1,0,Completed
L03406,C09,13,65.2,3,2,5,Completed
L03407,C05,7,90.3,8,5,5,Completed
L03408,C03,7,74.3,5,3,7,Completed
L03409,C05,6,72.8,6,2,1,Completed
L03410,C02,5,32.7,3,1,0,Completed
L03411,C07,10,57.1,4,3,1,Not Completed
L03412,C02,3,60.2,5,5,0,Completed
L03413,C05,7,52.9,4,2,1,Completed
L03414,C01,5,22.7,4,3,3,Completed
L03415,C03,3,40.4,1,1,2,Not Completed
L03416,C03,7,68.5,7,1,4,Not Completed
L03417,C07,4,42.5,1,1,3,Completed
L03418,C08,1,9.3,1,2,1,Not Completed
L03419,C01,4,66.0,3,1,7,Completed
L03420,C09,7,73.2,7,1,3,Completed
L03421,C09,11,48.9,1,2,4,Completed
L03422,C04,8,88.3,4,7,7,Completed
L03423,C07,3,56.7,3,3,2,Completed
L03424,C05,0,21.0,0,0,1,Not Completed
L03425,C02,6,48.3,5,5,4,Completed
L03426,C06,5,40.7,2,1,0,Completed
L03427,C01,7,67.3,0,2,4,Completed
L03428,C09,7,40.4,0,0,1,Not Completed
L03429,C10,10,48.7,4,3,0,Completed
L03430,C09,4,39.5,3,4,0,Completed
L03431,C06,0,19.3,2,0,0,Completed
L03432,C06,3,29.2,2,0,3,Completed
L03433,C10,3,65.4,2,3,0,Not Completed
L03434,C03,7,29.4,3,4,2,Completed
L03435,C01,5,68.5,0,4,4,Not Completed
L03436,C06,7,62.3,2,5,4,Completed
L03437,C04,4,72.3,5,2,4,Completed
L03438,C04,3,31.2,3,3,0,Completed
L03439,C01,3,40.6,2,4,1,Completed
L03440,C06,4,34.4,2,4,5,Completed
L03441,C03,13,93.2,6,8,5,Completed
L03442,C02,1,41.9,1,2,2,Not Completed
L03443,C01,8,50.4,6,0,5,Completed
L03444,C04,6,46.1,3,2,2,Completed
L03445,C09,4,35.0,4,3,1,Completed
L03446,C04,5,56.2,4,3,2,Completed
L03447,C07,6,69.3,3,4,1,Completed
L03448,C08,6,76.4,4,8,4,Completed
L03449,C04,4,54.4,3,3,2,Not Completed
L03450,C09,9,60.2,3,3,6,Completed
L03451,C07,2,35.7,3,2,3,Not Completed
L03452,C06,3,28.0,1,2,3,Not Completed
L03453,C01,2,39.5,6,0,4,Not Completed
L03454,C01,13,61.3,4,1,3,Completed
L03455,C10,4,70.1,1,4,5,Completed
L03456,C08,3,36.7,2,3,3,Completed
L03457,C10,3,15.6,1,0,0,Not Completed
L03458,C10,2,35.1,0,2,0,Not Completed
L03459,C01,4,78.8,3,2,3,Not Completed
L03460,C08,5,64.1,3,4,3,Not Completed
L03461,C05,1,40.6,1,2,1,Completed
L03462,C08,5,65.5,5,1,3,Completed
L03463,C01,8,54.4,4,3,2,Completed
L03464,C03,7,47.0,5,2,3,Completed
L03465,C08,6,42.2,1,0,0,Completed
L03466,C08,3,61.6,1,4,2,Completed
L03467,C07,2,35.5,3,1,1,Not Completed
L03468,C04,3,3.5,3,1,0,Not Completed
L03469,C04,3,38.5,1,3,1,Not Completed
L03470,C10,7,75.4,3,1,5,Not Completed
L03471,C05,3,70.5,7,5,0,Completed
L03472,C05,4,46.3,4,1,2,Completed
L03473,C06,2,82.7,4,4,3,Completed
L03474,C05,7,72.0,0,5,2,Completed
L03475,C06,4,28.7,4,2,1,Completed
L03476,C05,6,74.5,8,1,3,Not Completed
L03477,C09,9,45.2,3,4,6,Completed
L03478,C10,4,57.8,1,4,2,Not Completed
L03479,C10,5,45.6,1,7,3,Completed
L03480,C06,8,83.2,6,6,1,Completed
L03481,C05,8,85.3,8,4,2,Completed
L03482,C08,9,71.7,5,8,2,Completed
L03483,C09,7,60.7,5,4,0,Not Completed
L03484,C06,2,36.6,3,1,2,Completed
L03485,C07,7,70.4,4,4,2,Completed
L03486,C08,4,35.2,5,5,4,Completed
L03487,C07,6,75.0,6,5,3,Not Completed
L03488,C08,6,79.9,4,2,2,Completed
L03489,C02,1,65.3,4,1,1,Not Completed
L03490,C05,4,37.5,2,1,0,Not Completed
L03491,C06,4,68.3,4,1,2,Not Completed
L03492,C01,6,65.7,5,3,1,Completed
L03493,C09,3,81.8,5,5,5,Completed
L03494,C07,5,36.5,1,4,3,Completed
L03495,C02,4,41.6,5,3,2,Completed
L03496,C09,3,59.8,6,3,4,Not Completed
L03497,C08,5,44.9,4,0,5,Completed
L03498,C08,3,41.5,1,0,0,Not Completed
L03499,C04,3,39.6,1,1,2,Not Completed
L03500,C09,5,54.9,2,0,0,Not Completed
L03501,C05,9,66.1,5,4,5,Completed
L03502,C06,10,82.3,8,1,3,Completed
L03503,C01,2,33.9,4,1,5,Completed
L03504,C07,7,79.7,2,1,3,Completed
L03505,C08,4,55.0,3,1,4,Completed
L03506,C06,5,33.5,2,0,1,Completed
L03507,C05,11,70.0,3,2,4,Completed
L03508,C08,7,55.6,2,1,2,Completed
L03509,C07,8,82.9,3,5,1,Completed
L03510,C03,3,65.7,5,1,1,Completed
L03511,C10,9,72.8,6,4,2,Completed
L03512,C08,6,61.2,3,2,4,Completed
L03513,C10,9,89.5,8,4,3,Completed
L03514,C10,5,41.0,3,2,0,Completed
L03515,C10,2,84.6,3,0,1,Completed
L03516,C08,4,81.4,3,5,3,Completed
L03517,C07,2,36.8,3,4,0,Not Completed
L03518,C02,4,45.1,1,3,6,Completed
L03519,C06,6,40.8,3,1,0,Completed
L03520,C08,7,49.8,2,2,1,Completed
L03521,C06,9,89.6,6,1,5,Completed
L03522,C09,4,47.5,3,2,5,Completed
L03523,C02,6,44.6,3,2,6,Completed
L03524,C04,2,23.7,2,0,0,Not Completed
L03525,C05,9,77.2,2,5,2,Completed
L03526,C05,9,73.4,2,4,4,Completed
L03527,C02,3,45.4,4,5,3,Completed
L03528,C02,6,31.3,1,1,0,Not Completed
L03529,C09,12,55.2,3,1,6,Not Completed
L03530,C05,5,65.0,7,3,4,Completed
L03531,C01,5,42.9,2,4,1,Not Completed
L03532,C01,8,61.3,5,2,3,Completed
L03533,C05,8,53.0,4,0,2,Completed
L03534,C02,6,77.9,5,3,0,Completed
L03535,C08,5,96.7,5,5,3,Completed
L03536,C08,2,82.0,4,2,5,Completed
L03537,C03,4,34.0,1,1,1,Not Completed
L03538,C06,3,62.8,4,2,2,Completed
L03539,C02,3,37.5,3,3,4,Completed
L03540,C04,3,39.5,1,2,3,Completed
L03541,C09,6,43.7,3,4,1,Not Completed
L03542,C06,3,39.5,1,0,0,Not Completed
L03543,C09,4,63.2,7,3,1,Completed
L03544,C03,4,63.3,6,1,2,Completed
L03545,C04,2,34.5,3,0,0,Not Completed
L03546,C05,5,64.0,3,1,2,Completed
L03547,C05,5,16.2,2,1,1,Completed
L03548,C10,6,51.3,4,3,1,Not Completed
L03549,C02,3,43.1,6,5,7,Completed
L03550,C09,1,41.5,2,0,1,Not Completed
L03551,C09,10,65.3,5,0,4,Not Completed
L03552,C06,3,20.2,5,0,0,Not Completed
L03553,C04,8,58.5,5,2,3,Not Completed
L03554,C05,7,58.5,1,5,2,Completed
L03555,C03,9,94.8,4,4,7,Completed
L03556,C08,9,60.3,3,5,4,Completed
L03557,C05,2,24.1,2,1,0,Not Completed
L03558,C10,5,53.8,6,3,2,Completed
L03559,C07,7,53.0,2,1,1,Completed
L03560,C05,9,61.7,5,3,2,Completed
L03561,C08,5,34.7,0,2,0,Completed
L03562,C05,6,58.0,2,0,0,Completed
L03563,C10,10,55.1,6,0,5,Completed
L03564,C02,12,86.9,3,3,7,Completed
L03565,C10,5,13.5,2,1,0,Not Completed
L03566,C09,9,70.0,2,5,1,Completed
L03567,C09,7,97.0,4,3,3,Completed
L03568,C05,7,39.9,2,2,6,Completed
L03569,C09,7,60.7,4,1,2,Completed
L03570,C04,6,78.5,2,5,4,Completed
L03571,C08,2,17.1,0,5,0,Completed
L03572,C02,5,89.2,5,2,3,Not Completed
L03573,C04,3,47.0,3,1,4,Not Completed
L03574,C05,9,85.9,7,2,10,Completed
L03575,C04,9,82.9,7,3,4,Completed
L03576,C04,5,59.8,2,3,2,Completed
L03577,C09,3,34.7,0,0,1,Not Completed
L03578,C03,5,49.1,5,3,4,Not Completed
L03579,C08,4,35.6,3,1,0,Not Completed
L03580,C01,3,59.8,0,5,4,Completed
L03581,C08,4,39.4,2,2,1,Not Completed
L03582,C08,9,57.1,2,3,3,Completed
L03583,C05,8,63.5,3,4,2,Completed
L03584,C08,5,75.9,5,3,5,Completed
L03585,C10,6,76.1,5,8,4,Completed
L03586,C08,5,58.6,5,0,0,Not Completed
L03587,C04,1,29.7,0,0,0,Not Completed
L03588,C05,4,49.3,0,2,1,Not Completed
L03589,C08,4,48.2,3,2,1,Not Completed
L03590,C03,3,25.6,2,0,0,Not Completed
L03591,C08,1,34.7,1,1,4,Not Completed
L03592,C04,2,17.9,1,0,0,Not Completed
L03593,C08,0,24.7,4,1,2,Not Completed
L03594,C01,4,63.0,4,1,2,Not Completed
L03595,C01,5,72.0,5,3,2,Completed
L03596,C10,7,79.8,10,1,2,Completed
L03597,C09,5,73.7,4,6,5,Completed
L03598,C09,8,55.3,10,3,5,Completed
L03599,C10,5,84.6,3,5,6,Completed
L03600,C05,4,15.5,3,2,1,Not Completed
L03601,C03,1,27.6,1,0,1,Not Completed
L03602,C02,9,85.0,6,1,5,Completed
L03603,C05,3,38.2,1,0,1,Not Completed
L03604,C03,10,65.3,8,1,1,Completed
L03605,C10,9,65.5,3,1,0,Completed
L03606,C01,2,58.4,4,0,1,Completed
L03607,C02,3,35.6,1,0,2,Not Completed
L03608,C03,3,54.8,3,2,1,Not Completed
L03609,C02,2,14.9,5,1,0,Completed
L03610,C03,12,90.9,6,2,3,Completed
L03611,C07,2,30.3,3,1,2,Completed
L03612,C04,10,80.5,9,1,3,Completed
L03613,C07,7,100.0,3,2,4,Completed
L03614,C09,8,61.9,2,3,2,Completed
L03615,C07,3,23.8,1,1,1,Not Completed
L03616,C07,2,20.8,3,2,3,Not Completed
L03617,C04,5,44.0,2,0,1,Completed
L03618,C02,2,82.0,5,2,5,Completed
L03619,C04,6,60.1,0,0,2,Completed
L03620,C10,2,17.5,0,2,1,Not Completed
L03621,C07,4,51.6,1,2,1,Completed
L03622,C03,6,34.8,8,4,1,Not Completed
L03623,C05,4,57.7,3,2,4,Completed
L03624,C09,7,84.1,6,1,4,Completed
L03625,C07,12,72.3,5,2,1,Completed
L03626,C06,2,52.2,3,1,3,Not Completed
L03627,C09,10,66.1,5,8,3,Completed
L03628,C07,4,45.9,5,2,2,Completed
L03629,C07,9,80.0,3,4,6,Completed
L03630,C02,4,43.0,3,4,6,Completed
L03631,C02,2,64.8,1,0,2,Completed
L03632,C10,3,33.1,5,0,0,Completed
L03633,C06,4,73.5,9,6,6,Completed
L03634,C05,6,70.6,4,2,4,Completed
L03635,C06,2,44.8,0,1,0,Not Completed
L03636,C01,4,62.3,4,4,3,Completed
L03637,C09,1,22.5,1,0,0,Not Completed
L03638,C03,6,63.6,3,4,3,Completed
L03639,C08,5,71.3,2,5,3,Completed
L03640,C06,7,42.2,3,1,4,Completed
L03641,C03,8,51.5,5,2,0,Completed
L03642,C01,8,57.0,2,3,2,Completed
L03643,C09,6,79.7,4,4,2,Completed
L03644,C02,10,71.8,4,5,5,Completed
L03645,C01,5,78.5,1,4,5,Completed
L03646,C08,3,55.4,3,2,1,Not Completed
L03647,C04,6,68.2,1,4,2,Not Completed
L03648,C04,6,93.3,5,4,5,Completed
L03649,C03,6,42.8,0,1,3,Not Completed
L03650,C09,6,39.3,2,3,6,Completed
L03651,C03,7,41.2,1,1,1,Completed
L03652,C03,2,49.2,3,1,2,Not Completed
L03653,C04,2,58.7,2,3,2,Not Completed
L03654,C02,3,38.6,1,2,2,Not Completed
L03655,C04,5,29.2,3,1,3,Not Completed
L03656,C01,8,71.5,2,2,6,Completed
L03657,C02,5,50.1,2,4,3,Completed
L03658,C05,5,50.9,4,4,3,Not Completed
L03659,C09,3,13.2,0,0,2,Not Completed
L03660,C01,9,55.0,3,1,3,Completed
L03661,C03,3,3.5,1,0,0,Not Completed
L03662,C10,4,71.2,7,5,2,Completed
L03663,C09,4,43.8,0,1,1,Not Completed
L03664,C07,5,30.9,1,0,1,Not Completed
L03665,C03,6,78.1,3,5,2,Completed
L03666,C05,2,73.3,1,2,2,Not Completed
L03667,C03,4,83.6,5,7,5,Completed
L03668,C02,8,75.4,3,2,1,Not Completed
L03669,C04,3,6.2,0,1,0,Not Completed
L03670,C06,8,65.6,4,1,2,Not Completed
L03671,C04,5,32.8,1,0,0,Not Completed
L03672,C07,4,57.6,3,2,4,Completed
L03673,C03,3,55.6,3,2,0,Completed
L03674,C04,2,52.7,4,1,5,Completed
L03675,C08,10,90.5,5,1,7,Completed
L03676,C09,7,40.9,1,2,4,Completed
L03677,C04,1,9.4,3,1,0,Not Completed
L03678,C06,2,27.8,3,0,0,Not Completed
L03679,C03,4,14.0,0,1,1,Not Completed
L03680,C01,4,70.8,2,2,3,Not Completed
L03681,C08,2,33.3,0,1,1,Not Completed
L03682,C02,2,52.7,1,5,1,Not Completed
L03683,C05,6,56.5,3,5,5,Completed
L03684,C05,5,35.2,1,1,1,Not Completed
L03685,C02,6,54.2,4,0,6,Not Completed
L03686,C01,3,11.0,1,1,3,Not Completed
L03687,C04,2,34.3,1,0,1,Completed
L03688,C10,3,40.1,1,1,2,Not Completed
L03689,C07,9,76.1,3,3,3,Completed
L03690,C04,2,56.9,2,0,3,Completed
L03691,C01,9,74.2,9,6,0,Completed
L03692,C07,9,67.5,3,2,6,Completed
L03693,C01,4,63.9,6,2,0,Not Completed
L03694,C06,9,83.2,8,5,3,Completed
L03695,C08,4,53.7,1,3,1,Not Completed
L03696,C05,0,43.2,1,2,2,Not Completed
L03697,C03,4,45.6,3,5,2,Not Completed
L03698,C01,5,47.8,5,0,4,Completed
L03699,C01,5,34.6,0,3,0,Completed
L03700,C05,6,52.2,2,3,0,Completed
L03701,C09,11,54.3,5,2,5,Completed
L03702,C03,5,91.1,2,4,2,Completed
L03703,C06,1,36.6,5,1,0,Not Completed
L03704,C07,3,41.6,1,1,2,Not Completed
L03705,C01,5,62.1,5,4,4,Completed
L03706,C02,5,65.7,0,4,0,Completed
L03707,C04,3,18.8,3,0,0,Completed
L03708,C07,3,69.2,1,3,4,Completed
L03709,C05,3,53.4,1,3,4,Completed
L03710,C08,1,51.2,3,2,5,Completed
L03711,C09,6,60.0,3,4,1,Completed
L03712,C08,5,36.0,4,2,3,Not Completed
L03713,C10,10,50.6,3,1,2,Completed
L03714,C08,1,63.1,3,3,2,Completed
L03715,C09,11,74.8,3,7,4,Completed
L03716,C09,7,60.8,1,3,3,Not Completed
L03717,C08,7,66.8,7,2,1,Completed
L03718,C08,4,80.7,1,1,3,Completed
L03719,C10,8,58.4,5,4,1,Not Completed
L03720,C05,7,70.9,3,4,2,Completed
L03721,C07,8,48.8,1,1,3,Completed
L03722,C05,7,59.7,5,3,2,Completed
L03723,C09,6,52.6,6,4,4,Completed
L03724,C05,5,50.2,3,2,4,Completed
L03725,C09,7,71.2,1,4,5,Completed
L03726,C08,3,42.4,3,3,0,Not Completed
L03727,C10,1,32.7,1,3,0,Not Completed
L03728,C03,6,70.5,6,2,4,Completed
L03729,C08,5,47.0,1,5,3,Completed
L03730,C08,13,72.6,5,1,5,Completed
L03731,C10,12,67.3,3,2,2,Completed
L03732,C10,7,30.4,2,2,0,Completed
L03733,C06,5,36.2,3,3,2,Completed
L03734,C06,3,90.1,3,3,3,Completed
L03735,C02,6,51.1,3,6,2,Completed
L03736,C10,3,40.3,2,3,2,Completed
L03737,C03,4,62.4,2,3,2,Completed
L03738,C08,5,86.8,3,3,9,Completed
L03739,C08,7,83.4,3,6,1,Completed
L03740,C05,3,41.6,3,3,3,Completed
L03741,C03,0,34.0,2,1,1,Not Completed
L03742,C02,9,66.2,4,4,6,Completed
L03743,C09,8,82.2,2,4,4,Completed
L03744,C05,9,80.7,7,6,3,Completed
L03745,C01,8,70.1,5,2,1,Completed
L03746,C08,2,39.1,0,0,1,Not Completed
L03747,C03,1,31.2,1,2,1,Not Completed
L03748,C09,2,8.7,1,0,0,Not Completed
L03749,C04,4,31.3,3,3,1,Completed
L03750,C02,10,81.9,10,1,1,Completed
L03751,C01,5,41.6,1,5,2,Completed
L03752,C05,6,67.8,5,4,4,Completed
L03753,C05,4,33.8,3,2,0,Not Completed
L03754,C08,3,75.1,5,3,4,Completed
L03755,C05,5,34.7,3,3,1,Completed
L03756,C04,10,82.9,3,3,4,Completed
L03757,C03,3,92.1,5,3,2,Completed
L03758,C03,7,45.4,0,2,2,Completed
L03759,C10,0,47.3,1,2,0,Completed
L03760,C02,9,64.1,7,7,2,Completed
L03761,C10,10,83.9,2,4,1,Completed
L03762,C04,5,42.1,3,1,2,Not Completed
L03763,C01,7,72.9,6,2,2,Completed
L03764,C03,5,56.8,2,1,1,Not Completed
L03765,C01,12,43.8,3,3,0,Completed
L03766,C08,5,95.9,0,4,7,Completed
L03767,C05,11,56.7,4,1,3,Completed
L03768,C04,2,86.7,3,4,4,Completed
L03769,C07,7,100.0,1,1,5,Completed
L03770,C07,14,76.6,7,1,3,Completed
L03771,C10,8,85.1,6,5,6,Completed
L03772,C10,6,25.7,0,1,0,Not Completed
L03773,C07,5,50.9,4,1,1,Completed
L03774,C09,2,35.4,0,7,2,Completed
L03775,C08,7,59.4,3,0,0,Not Completed
L03776,C05,4,60.1,0,2,2,Completed
L03777,C08,6,89.2,4,6,5,Completed
L03778,C01,11,57.7,6,5,4,Completed
L03779,C08,14,70.7,2,6,2,Completed
L03780,C10,7,55.4,3,1,3,Completed
L03781,C01,5,40.9,4,1,4,Not Completed
L03782,C09,7,35.9,2,2,2,Completed
L03783,C10,2,45.2,3,2,2,Not Completed
L03784,C03,5,55.6,2,2,5,Completed
L03785,C06,6,68.8,5,1,5,Not Completed
L03786,C10,4,48.3,5,0,6,Completed
L03787,C10,6,50.9,0,0,1,Not Completed
L03788,C02,3,58.2,5,5,2,Completed
L03789,C04,7,75.2,2,2,2,Not Completed
L03790,C07,5,49.7,3,2,2,Not Completed
L03791,C03,2,52.5,1,0,3,Not Completed
L03792,C04,2,31.2,1,0,0,Not Completed
L03793,C01,4,45.9,2,3,0,Not Completed
L03794,C02,3,66.4,5,1,4,Completed
L03795,C06,2,53.4,3,2,1,Not Completed
L03796,C07,7,44.2,5,4,4,Completed
L03797,C07,3,34.1,1,2,0,Not Completed
L03798,C08,7,33.4,2,3,1,Completed
L03799,C05,6,68.6,4,3,1,Completed
L03800,C03,2,22.7,1,1,2,Not Completed
L03801,C01,1,28.9,1,2,1,Not Completed
L03802,C02,1,63.5,2,3,1,Completed
L03803,C04,9,43.2,4,3,1,Completed
L03804,C02,6,64.7,5,3,4,Completed
L03805,C01,4,78.7,7,2,5,Not Completed
L03806,C02,11,76.2,0,1,2,Not Completed
L03807,C07,10,83.5,3,7,5,Completed
L03808,C07,3,33.3,3,2,1,Not Completed
L03809,C10,4,66.0,7,4,0,Completed
L03810,C08,3,50.5,2,0,2,Not Completed
L03811,C06,4,55.8,1,2,2,Completed
L03812,C02,3,38.1,3,4,1,Completed
L03813,C06,8,81.3,5,1,2,Completed
L03814,C01,7,91.4,5,1,11,Completed
L03815,C05,7,60.7,5,4,3,Completed
L03816,C04,8,70.7,4,5,4,Completed
L03817,C05,1,20.1,1,1,0,Not Completed
L03818,C03,4,59.4,4,3,5,Completed
L03819,C07,4,58.0,4,3,0,Completed
L03820,C09,7,91.7,9,0,1,Completed
L03821,C08,4,19.2,3,2,2,Completed
L03822,C07,8,67.8,1,1,6,Completed
L03823,C06,5,79.8,8,3,1,Completed
L03824,C01,8,82.8,5,3,4,Completed
L03825,C08,8,92.8,6,7,5,Completed
L03826,C06,3,52.8,1,4,3,Completed
L03827,C03,3,49.2,0,4,3,Not Completed
L03828,C04,7,53.4,5,4,3,Completed
L03829,C10,8,48.6,1,2,1,Completed
L03830,C07,7,91.1,2,3,4,Completed
L03831,C05,11,78.1,5,8,1,Completed
L03832,C07,5,92.2,2,2,2,Not Completed
L03833,C05,3,65.4,4,3,3,Completed
L03834,C05,3,26.9,0,3,1,Not Completed
L03835,C03,1,31.4,1,1,1,Not Completed
L03836,C05,6,83.0,1,0,1,Completed
L03837,C07,7,65.2,5,2,8,Completed
L03838,C01,5,41.3,3,1,2,Not Completed
L03839,C08,7,91.6,4,3,4,Completed
L03840,C03,3,32.9,4,0,0,Completed
L03841,C07,3,42.1,3,3,3,Not Completed
L03842,C07,5,80.6,4,4,2,Completed
L03843,C07,5,30.7,2,3,3,Not Completed
L03844,C07,1,21.5,2,0,2,Not Completed
L03845,C10,10,100.0,3,5,5,Completed
L03846,C05,2,9.1,1,0,0,Not Completed
L03847,C08,7,71.8,3,5,4,Completed
L03848,C08,10,57.7,5,5,4,Completed
L03849,C03,7,57.1,4,3,2,Completed
L03850,C03,7,77.9,6,5,3,Completed
L03851,C05,5,54.5,4,3,0,Completed
L03852,C03,9,96.1,1,2,5,Completed
L03853,C04,6,37.5,0,2,3,Completed
L03854,C04,3,67.1,4,1,2,Completed
L03855,C07,5,65.4,3,5,1,Completed
L03856,C03,3,52.4,5,2,3,Completed
L03857,C08,4,69.3,3,3,4,Completed
L03858,C05,1,55.7,2,2,0,Not Completed
L03859,C08,7,62.6,1,1,2,Completed
L03860,C01,9,67.0,2,3,4,Completed
L03861,C05,3,93.1,2,3,1,Completed
L03862,C01,4,23.5,2,0,3,Completed
L03863,C07,3,56.8,2,5,0,Not Completed
L03864,C04,3,39.2,5,2,3,Completed
L03865,C10,5,29.0,0,4,1,Completed
L03866,C04,5,42.6,1,1,2,Completed
L03867,C06,2,51.2,2,0,3,Completed
L03868,C03,7,82.3,4,4,5,Completed
L03869,C07,12,94.2,5,2,2,Completed
L03870,C05,1,22.3,4,1,3,Completed
L03871,C04,2,34.1,2,1,1,Not Completed
L03872,C02,3,54.1,2,2,1,Completed
L03873,C02,2,64.2,8,4,4,Not Completed
L03874,C02,9,57.7,1,3,3,Completed
L03875,C10,5,48.6,0,3,6,Not Completed
L03876,C05,4,62.8,5,6,3,Completed
L03877,C01,7,50.6,5,4,5,Completed
L03878,C10,4,48.4,3,2,2,Not Completed
L03879,C01,0,32.6,3,1,2,Not Completed
L03880,C05,9,45.2,6,1,4,Completed
L03881,C08,3,67.3,3,3,2,Completed
L03882,C10,6,74.9,2,2,1,Completed
L03883,C08,8,56.9,4,4,3,Completed
L03884,C05,5,28.8,0,2,0,Not Completed
L03885,C10,9,60.7,3,0,2,Completed
L03886,C01,2,29.6,0,0,1,Not Completed
L03887,C10,9,80.6,5,2,2,Completed
L03888,C09,5,85.2,6,4,5,Completed
L03889,C10,7,67.0,5,7,3,Completed
L03890,C03,1,9.2,1,0,0,Not Completed
L03891,C02,6,73.9,5,1,3,Completed
L03892,C07,6,75.5,6,2,1,Completed
L03893,C05,4,54.4,3,2,3,Not Completed
L03894,C06,4,43.8,9,4,3,Not Completed
L03895,C10,3,10.8,1,0,0,Not Completed
L03896,C07,4,77.6,4,6,6,Completed
L03897,C04,4,58.0,0,6,1,Not Completed
L03898,C05,1,51.6,1,1,4,Not Completed
L03899,C02,3,58.4,3,1,0,Completed
L03900,C02,5,37.9,1,1,4,Completed
L03901,C02,7,69.6,1,4,2,Completed
L03902,C09,5,43.8,0,3,1,Not Completed
L03903,C08,6,63.5,4,3,3,Completed
L03904,C06,7,73.0,4,3,6,Completed
L03905,C04,6,66.1,4,1,4,Completed
L03906,C07,8,66.7,2,4,2,Completed
L03907,C09,8,83.4,8,5,7,Completed
L03908,C09,6,73.3,7,0,5,Completed
L03909,C06,5,90.0,3,3,1,Completed
L03910,C09,3,21.6,1,0,2,Not Completed
L03911,C05,2,24.9,1,0,0,Not Completed
L03912,C05,7,41.6,2,1,2,Not Completed
L03913,C09,4,47.3,1,5,2,Not Completed
L03914,C04,12,79.0,3,6,6,Completed
L03915,C04,4,41.8,0,2,4,Not Completed
L03916,C04,2,48.3,3,2,2,Completed
L03917,C05,3,68.7,5,3,1,Completed
L03918,C06,2,55.9,0,4,1,Not Completed
L03919,C07,5,74.8,8,2,4,Completed
L03920,C05,5,99.1,7,8,3,Not Completed
L03921,C03,4,46.5,2,2,3,Completed
L03922,C09,4,40.3,6,1,5,Completed
L03923,C04,6,35.0,1,0,0,Not Completed
L03924,C10,5,34.3,1,4,0,Completed
L03925,C02,3,25.7,1,3,0,Not Completed
L03926,C06,5,59.8,1,5,5,Completed
L03927,C06,2,66.2,2,3,3,Not Completed
L03928,C09,2,42.1,0,1,0,Not Completed
L03929,C02,3,67.0,1,4,0,Not Completed
L03930,C10,8,73.6,2,3,4,Completed
L03931,C06,10,100.0,5,3,3,Not Completed
L03932,C06,2,63.4,7,3,1,Completed
L03933,C05,2,56.7,4,2,1,Not Completed
L03934,C01,4,61.5,4,1,8,Completed
L03935,C05,5,53.1,1,2,1,Completed
L03936,C03,5,51.6,4,6,2,Completed
L03937,C04,5,73.9,8,6,4,Not Completed
L03938,C07,8,64.1,6,5,4,Completed
L03939,C05,9,67.6,2,1,5,Completed
L03940,C01,3,33.3,3,1,1,Not Completed
L03941,C01,6,55.4,6,2,3,Completed
L03942,C02,15,67.2,3,6,4,Completed
L03943,C02,7,67.5,2,3,1,Completed
L03944,C07,5,53.0,2,2,2,Completed
L03945,C02,8,63.8,5,2,5,Completed
L03946,C09,6,48.8,3,0,4,Completed
L03947,C02,1,23.3,1,2,1,Not Completed
L03948,C01,5,69.3,1,3,2,Completed
L03949,C09,7,61.4,5,3,4,Completed
L03950,C03,5,55.7,3,2,4,Completed
L03951,C05,3,74.9,8,4,4,Completed
L03952,C10,5,35.1,3,6,0,Completed
L03953,C10,8,58.6,0,5,2,Not Completed
L03954,C08,7,98.9,6,3,7,Completed
L03955,C01,2,31.0,2,1,4,Not Completed
L03956,C06,2,52.8,3,0,2,Not Completed
L03957,C10,9,56.4,5,2,4,Completed
L03958,C10,3,17.9,6,1,1,Not Completed
L03959,C02,1,21.1,0,0,0,Not Completed
L03960,C04,10,53.1,5,2,2,Completed
L03961,C04,5,100.0,6,3,5,Completed
L03962,C02,3,55.8,2,1,4,Not Completed
L03963,C07,3,53.4,2,0,3,Not Completed
L03964,C03,3,28.1,4,1,2,Not Completed
L03965,C04,6,59.6,4,6,5,Completed
L03966,C01,4,45.3,2,2,2,Completed
L03967,C05,3,36.6,1,3,4,Completed
L03968,C02,1,19.1,2,1,2,Not Completed
L03969,C05,8,88.0,5,4,3,Completed
L03970,C02,2,29.0,1,5,3,Not Completed
L03971,C10,1,10.5,2,0,0,Not Completed
L03972,C02,3,69.7,7,3,1,Completed
L03973,C06,8,58.6,3,2,5,Completed
L03974,C02,5,69.1,5,4,4,Completed
L03975,C01,7,44.4,1,0,0,Not Completed
L03976,C02,1,86.6,6,5,4,Completed
L03977,C01,6,54.6,10,3,2,Completed
L03978,C02,8,93.2,4,1,5,Completed
L03979,C05,13,65.3,3,4,4,Completed
L03980,C07,3,16.2,2,0,1,Not Completed
L03981,C01,5,76.6,6,3,5,Completed
L03982,C05,3,54.0,3,2,2,Not Completed
L03983,C06,6,83.9,5,5,5,Completed
L03984,C03,5,59.1,2,3,4,Completed
L03985,C04,7,56.8,5,3,4,Completed
L03986,C01,3,36.7,2,4,1,Not Completed
L03987,C03,7,86.9,7,5,4,Completed
L03988,C05,3,54.8,4,1,5,Completed
L03989,C10,2,26.8,5,1,3,Not Completed
L03990,C10,1,53.4,7,3,1,Completed
L03991,C10,4,68.4,3,3,4,Completed
L03992,C05,9,62.1,5,3,2,Completed
L03993,C01,2,47.6,0,0,0,Completed
L03994,C04,4,43.0,0,2,0,Not Completed
L03995,C03,6,48.1,4,0,1,Completed
L03996,C01,6,38.5,3,2,1,Completed
L03997,C01,1,26.2,2,0,1,Not Completed
L03998,C05,9,70.0,6,2,3,Completed
L03999,C04,7,25.1,3,3,1,Not Completed
L04000,C02,8,57.2,4,1,2,Completed
L04001,C08,5,44.5,2,4,5,Completed
L04002,C04,4,80.6,1,3,1,Completed
L04003,C09,1,21.5,1,0,2,Completed
L04004,C03,3,59.1,2,0,2,Not Completed
L04005,C06,8,75.5,5,4,4,Completed
L04006,C02,9,66.4,3,3,3,Completed
L04007,C05,3,44.2,1,0,0,Completed
L04008,C02,7,61.3,0,3,3,Completed
L04009,C02,3,42.8,1,2,1,Not Completed
L04010,C07,7,38.2,3,2,1,Completed
L04011,C03,5,59.6,3,3,3,Not Completed
L04012,C02,5,30.0,2,3,4,Completed
L04013,C10,6,63.1,8,4,4,Completed
L04014,C01,1,8.5,0,1,1,Not Completed
L04015,C06,5,67.7,2,2,5,Not Completed
L04016,C06,7,33.1,2,3,0,Completed
L04017,C03,7,58.9,1,4,5,Completed
L04018,C05,4,73.1,2,1,2,Completed
L04019,C01,3,24.6,0,2,0,Not Completed
L04020,C08,8,49.0,5,7,3,Completed
L04021,C03,12,90.6,7,1,3,Completed
L04022,C02,5,52.1,2,2,1,Completed
L04023,C04,12,66.8,4,1,0,Completed
L04024,C10,8,39.2,4,1,1,Completed
L04025,C08,2,30.3,1,0,3,Not Completed
L04026,C10,4,59.6,4,3,4,Completed
L04027,C07,4,45.9,2,2,1,Completed
L04028,C07,6,48.3,1,6,1,Not Completed
L04029,C05,7,75.1,4,1,5,Completed
L04030,C10,9,65.3,4,3,4,Completed
L04031,C05,4,59.5,5,3,3,Completed
L04032,C04,5,54.6,4,6,4,Completed
L04033,C07,2,42.9,1,3,2,Completed
L04034,C06,3,67.7,6,3,2,Not Completed
L04035,C02,5,37.9,1,1,0,Not Completed
L04036,C04,3,51.2,2,3,2,Completed
L04037,C04,6,64.5,1,1,1,Not Completed
L04038,C09,7,70.6,2,2,2,Completed
L04039,C04,8,82.8,3,3,2,Completed
L04040,C09,3,47.4,5,3,3,Not Completed
L04041,C05,4,61.1,5,6,2,Completed
L04042,C08,14,79.3,1,1,2,Completed
L04043,C02,2,61.3,2,3,4,Not Completed
L04044,C10,7,71.9,5,5,1,Completed
L04045,C05,5,92.4,3,8,1,Completed
L04046,C03,4,71.4,3,4,5,Completed
L04047,C03,6,64.0,0,2,2,Completed
L04048,C03,7,76.1,7,1,4,Completed
L04049,C04,5,88.7,3,1,5,Completed
L04050,C08,9,47.0,6,1,2,Completed
L04051,C10,4,54.8,2,3,1,Completed
L04052,C07,8,78.4,6,3,5,Completed
L04053,C06,2,24.9,0,0,1,Not Completed
L04054,C05,7,62.2,4,5,2,Completed
L04055,C09,4,70.6,9,3,1,Completed
L04056,C09,5,42.6,3,1,2,Completed
L04057,C03,4,50.9,2,5,1,Completed
L04058,C10,4,18.5,6,1,1,Not Completed
L04059,C04,5,70.4,4,3,1,Completed
L04060,C08,3,39.5,1,3,5,Completed
L04061,C10,4,31.9,2,3,1,Not Completed
L04062,C08,7,66.9,3,2,5,Completed
L04063,C02,7,37.6,4,4,5,Completed
L04064,C06,6,98.3,8,3,4,Completed
L04065,C02,4,43.9,2,2,2,Not Completed
L04066,C08,10,85.7,2,2,6,Completed
L04067,C03,7,59.9,8,1,1,Completed
L04068,C07,5,67.9,1,4,2,Completed
L04069,C10,6,74.0,3,1,3,Not Completed
L04070,C02,4,42.8,2,2,1,Not Completed
L04071,C04,7,61.8,5,4,1,Completed
L04072,C07,2,47.7,2,2,0,Not Completed
L04073,C05,1,19.6,1,2,0,Completed
L04074,C02,3,41.1,3,1,0,Not Completed
L04075,C01,6,48.9,1,3,2,Not Completed
L04076,C05,7,69.5,1,7,6,Completed
L04077,C07,3,59.4,2,1,3,Not Completed
L04078,C06,6,64.9,3,5,3,Completed
L04079,C02,5,72.5,2,1,1,Completed
L04080,C05,4,45.7,6,1,4,Completed
L04081,C04,7,51.2,2,2,1,Completed
L04082,C03,8,78.2,10,3,0,Completed
L04083,C08,7,67.1,5,0,1,Not Completed
L04084,C04,2,36.0,2,2,1,Not Completed
L04085,C06,9,100.0,3,4,3,Not Completed
L04086,C10,5,15.6,1,2,3,Not Completed
L04087,C06,8,15.7,1,1,1,Completed
L04088,C07,7,48.1,1,2,6,Completed
L04089,C01,5,29.5,1,0,1,Not Completed
L04090,C02,12,68.6,5,2,3,Completed
L04091,C02,5,56.9,4,4,5,Not Completed
L04092,C08,5,46.5,0,2,2,Completed
L04093,C09,5,59.2,2,3,0,Completed
L04094,C02,0,13.6,2,1,1,Not Completed
L04095,C03,2,90.1,4,3,3,Completed
L04096,C04,3,70.3,3,3,1,Not Completed
L04097,C06,4,23.9,1,0,3,Not Completed
L04098,C07,4,65.8,4,4,1,Completed
L04099,C07,4,62.7,3,3,3,Completed
L04100,C10,5,52.5,2,3,2,Completed
L04101,C03,4,24.2,1,1,2,Not Completed
L04102,C07,0,34.4,0,1,1,Completed
L04103,C06,6,31.1,1,1,3,Not Completed
L04104,C04,3,48.2,1,1,2,Completed
L04105,C10,11,31.8,1,4,2,Completed
L04106,C01,3,41.6,2,2,1,Not Completed
L04107,C08,9,60.5,2,0,5,Completed
L04108,C08,3,37.1,0,2,0,Completed
L04109,C10,7,54.1,4,2,3,Completed
L04110,C05,1,20.8,0,1,3,Not Completed
L04111,C04,5,60.8,4,2,1,Not Completed
L04112,C09,0,60.3,3,3,1,Not Completed
L04113,C08,4,28.9,2,1,0,Completed
L04114,C05,5,43.2,4,2,1,Not Completed
L04115,C08,8,73.8,4,1,3,Completed
L04116,C03,8,63.6,1,3,0,Completed
L04117,C06,5,45.1,2,3,2,Completed
L04118,C09,4,47.0,0,3,3,Completed
L04119,C04,7,65.4,3,6,4,Completed
L04120,C05,7,71.4,3,1,1,Completed
L04121,C10,7,71.4,3,2,5,Completed
L04122,C08,6,46.1,3,1,4,Completed
L04123,C09,3,48.9,1,1,3,Completed
L04124,C04,8,64.2,6,3,1,Completed
L04125,C10,6,37.0,1,3,2,Not Completed
L04126,C02,3,62.7,1,5,6,Completed
L04127,C05,2,0.0,1,0,0,Not Completed
L04128,C05,5,78.8,8,5,3,Completed
L04129,C08,8,55.2,2,2,4,Completed
L04130,C10,5,62.2,3,4,1,Completed
L04131,C08,2,2.7,0,2,1,Completed
L04132,C07,4,81.6,2,2,2,Completed
L04133,C05,3,44.9,0,1,0,Completed
L04134,C05,2,52.5,3,3,1,Not Completed
L04135,C05,5,58.7,3,1,3,Completed
L04136,C01,4,62.7,2,0,2,Not Completed
L04137,C05,9,66.5,1,2,2,Completed
L04138,C09,13,73.6,7,4,4,Completed
L04139,C08,6,38.7,1,2,2,Completed
L04140,C08,5,51.9,2,4,3,Completed
L04141,C04,11,71.0,6,6,2,Completed
L04142,C06,3,51.2,5,3,2,Completed
L04143,C01,5,56.6,4,2,1,Not Completed
L04144,C04,5,86.7,7,8,2,Completed
L04145,C05,2,72.8,1,1,4,Completed
L04146,C03,8,67.1,5,2,1,Completed
L04147,C01,2,52.5,3,0,4,Completed
L04148,C07,4,35.2,3,2,2,Completed
L04149,C05,8,48.5,2,1,1,Completed
L04150,C05,5,84.8,2,3,5,Completed
L04151,C03,4,48.0,1,2,3,Not Completed
L04152,C06,5,60.2,3,3,2,Completed
L04153,C05,8,52.1,5,2,2,Completed
L04154,C05,5,62.1,3,2,3,Completed
L04155,C06,11,73.4,2,4,2,Completed
L04156,C01,2,65.3,5,4,4,Completed
L04157,C10,4,44.3,2,1,3,Not Completed
L04158,C01,8,85.9,10,5,6,Completed
L04159,C05,1,37.9,0,3,1,Not Completed
L04160,C02,4,58.2,5,4,4,Completed
L04161,C06,5,98.8,3,6,3,Completed
L04162,C03,2,49.1,0,4,3,Completed
L04163,C09,2,50.7,10,3,7,Not Completed
L04164,C04,4,50.4,6,1,3,Completed
L04165,C07,4,44.7,0,2,3,Completed
L04166,C03,1,36.0,5,0,1,Not Completed
L04167,C01,2,26.4,3,0,1,Not Completed
L04168,C05,4,47.3,3,1,2,Not Completed
L04169,C06,4,55.4,3,3,4,Completed
L04170,C05,6,68.2,6,1,1,Completed
L04171,C10,1,27.2,0,1,0,Not Completed
L04172,C08,4,64.6,4,2,2,Completed
L04173,C10,3,51.2,3,1,1,Not Completed
L04174,C03,1,15.6,1,1,0,Completed
L04175,C08,7,62.2,6,1,4,Completed
L04176,C06,9,43.3,3,1,1,Completed
L04177,C07,7,71.5,3,0,5,Completed
L04178,C10,9,50.8,5,1,0,Completed
L04179,C07,8,57.7,4,5,2,Completed
L04180,C09,5,52.9,1,4,1,Completed
L04181,C08,8,73.0,3,3,2,Completed
L04182,C02,1,33.7,1,0,2,Not Completed
L04183,C07,11,87.7,4,3,2,Completed
L04184,C05,3,72.1,4,2,3,Completed
L04185,C10,6,24.9,0,1,2,Not Completed
L04186,C08,2,35.0,1,1,2,Not Completed
L04187,C02,9,61.1,5,1,3,Completed
L04188,C02,6,58.2,3,2,2,Completed
L04189,C01,9,41.2,1,1,4,Not Completed
L04190,C05,1,28.8,0,1,0,Not Completed
L04191,C01,6,80.2,2,6,6,Not Completed
L04192,C08,1,38.9,0,2,0,Not Completed
L04193,C06,1,17.1,2,0,1,Not Completed
L04194,C09,1,28.8,0,2,1,Not Completed
L04195,C03,2,34.3,1,0,0,Completed
L04196,C05,7,82.0,6,2,5,Completed
L04197,C02,5,58.0,3,5,2,Completed
L04198,C09,5,14.6,0,1,1,Not Completed
L04199,C02,5,65.8,6,3,4,Completed
L04200,C02,1,20.7,1,1,4,Completed
L04201,C02,2,32.2,1,2,1,Not Completed
L04202,C08,7,95.4,7,3,5,Completed
L04203,C02,8,38.0,3,2,4,Completed
L04204,C07,4,51.2,3,4,4,Completed
L04205,C08,5,49.3,3,1,1,Not Completed
L04206,C08,6,80.6,4,4,1,Completed
L04207,C02,7,46.2,0,2,1,Not Completed
L04208,C01,6,68.3,0,0,4,Completed
L04209,C05,7,77.1,4,4,6,Completed
L04210,C02,2,19.7,1,1,1,Not Completed
L04211,C07,3,37.9,3,0,2,Not Completed
L04212,C04,7,86.2,4,3,2,Completed
L04213,C05,6,51.2,2,5,2,Completed
L04214,C02,2,21.9,0,1,2,Not Completed
L04215,C06,5,68.1,0,4,2,Completed
L04216,C02,5,44.0,2,2,3,Completed
L04217,C07,3,52.5,3,1,2,Not Completed
L04218,C01,1,26.8,1,0,0,Completed
L04219,C10,11,100.0,3,5,8,Completed
L04220,C07,5,24.9,2,0,1,Not Completed
L04221,C02,6,66.0,2,6,4,Completed
L04222,C01,7,78.9,10,5,2,Completed
L04223,C04,4,44.1,1,1,4,Completed
L04224,C02,2,25.7,2,1,0,Not Completed
L04225,C03,6,73.1,3,2,3,Completed
L04226,C09,2,12.9,1,0,2,Not Completed
L04227,C07,2,32.1,4,2,1,Completed
L04228,C02,2,19.6,0,0,4,Not Completed
L04229,C06,6,30.4,3,1,2,Completed
L04230,C03,4,28.9,1,0,1,Not Completed
L04231,C10,8,100.0,4,3,3,Completed
L04232,C01,3,57.4,5,4,1,Completed
L04233,C08,3,55.2,2,3,3,Not Completed
L04234,C08,2,39.7,3,0,2,Not Completed
L04235,C01,12,97.4,3,4,4,Completed
L04236,C02,2,28.1,0,1,0,Not Completed
L04237,C04,4,56.3,3,3,2,Completed
L04238,C09,3,76.2,4,4,2,Completed
L04239,C06,5,71.3,6,2,5,Completed
L04240,C07,2,65.2,2,2,5,Completed
L04241,C08,0,20.2,2,0,0,Not Completed
L04242,C09,3,68.8,3,3,5,Not Completed
L04243,C05,3,41.0,1,0,4,Not Completed
L04244,C05,1,25.4,0,1,0,Not Completed
L04245,C08,3,25.9,3,3,2,Not Completed
L04246,C03,4,92.5,7,3,3,Completed
L04247,C09,2,41.1,4,0,2,Not Completed
L04248,C01,5,68.1,3,2,5,Not Completed
L04249,C02,6,73.9,4,3,4,Completed
L04250,C08,5,79.4,1,4,4,Completed
L04251,C04,7,66.3,5,4,8,Completed
L04252,C02,6,63.8,3,2,8,Completed
L04253,C02,10,64.7,6,3,2,Completed
L04254,C06,5,59.8,4,6,0,Completed
L04255,C09,8,72.1,7,4,4,Completed
L04256,C01,6,69.4,5,2,1,Completed
L04257,C01,9,92.0,5,3,5,Completed
L04258,C05,6,50.0,1,1,4,Completed
L04259,C10,9,58.9,3,4,4,Completed
L04260,C03,2,50.9,4,5,2,Completed
L04261,C10,6,31.4,3,3,2,Not Completed
L04262,C09,4,66.7,2,3,2,Completed
L04263,C03,6,43.2,4,0,4,Completed
L04264,C09,1,44.6,3,0,2,Completed
L04265,C07,10,65.6,6,2,6,Completed
L04266,C05,1,43.4,3,1,2,Not Completed
L04267,C05,3,47.5,5,3,3,Completed
L04268,C09,8,63.5,2,2,2,Completed
L04269,C08,6,49.4,1,2,5,Completed
L04270,C08,6,45.4,2,0,0,Not Completed
L04271,C10,5,42.5,4,1,1,Completed
L04272,C05,7,100.0,4,6,2,Completed
L04273,C08,2,48.4,2,1,4,Completed
L04274,C09,3,63.0,4,5,5,Completed
L04275,C03,2,40.8,0,0,2,Not Completed
L04276,C01,7,55.8,5,1,3,Completed
L04277,C05,1,1.9,0,1,1,Not Completed
L04278,C09,3,100.0,6,4,3,Completed
L04279,C03,0,41.4,2,2,2,Not Completed
L04280,C08,8,79.8,5,6,2,Completed
L04281,C01,3,73.6,5,8,0,Completed
L04282,C04,0,29.4,1,1,0,Not Completed
L04283,C07,9,94.1,5,5,5,Completed
L04284,C02,4,11.1,1,1,0,Not Completed
L04285,C09,3,67.5,5,2,5,Completed
L04286,C02,8,48.6,4,3,5,Not Completed
L04287,C10,6,60.2,3,2,0,Not Completed
L04288,C03,2,44.5,1,1,3,Not Completed
L04289,C10,12,84.6,4,1,4,Completed
L04290,C07,9,80.4,9,1,6,Completed
L04291,C01,4,62.9,7,1,1,Completed
L04292,C01,5,71.2,5,3,0,Completed
L04293,C01,0,21.4,1,2,0,Not Completed
L04294,C06,6,54.6,2,4,4,Completed
L04295,C08,9,71.0,4,2,1,Completed
L04296,C05,7,50.2,3,2,0,Completed
L04297,C05,2,23.8,1,3,1,Not Completed
L04298,C06,5,27.5,0,3,2,Completed
L04299,C06,6,17.0,2,3,1,Not Completed
L04300,C07,1,67.4,4,1,2,Completed
L04301,C05,7,48.7,3,1,0,Completed
L04302,C08,5,62.7,5,4,1,Completed
L04303,C10,4,53.7,2,4,1,Completed
L04304,C04,4,49.0,4,2,2,Completed
L04305,C01,7,26.4,1,1,1,Completed
L04306,C02,5,65.5,3,1,3,Not Completed
L04307,C06,5,55.1,4,5,2,Completed
L04308,C04,10,49.8,2,3,1,Completed
L04309,C10,7,32.3,4,1,3,Completed
L04310,C07,10,92.5,0,4,3,Completed
L04311,C06,3,22.8,2,5,2,Completed
L04312,C08,8,80.6,2,2,4,Not Completed
L04313,C03,6,87.2,1,2,5,Completed
L04314,C09,7,45.5,6,1,2,Completed
L04315,C01,4,56.1,4,7,3,Completed
L04316,C07,6,78.7,6,2,3,Completed
L04317,C10,9,86.8,2,2,5,Completed
L04318,C08,8,62.0,3,4,0,Completed
L04319,C09,8,100.0,4,5,7,Completed
L04320,C04,2,60.4,3,2,2,Completed
L04321,C09,1,45.4,1,0,0,Not Completed
L04322,C06,6,30.4,2,4,0,Not Completed
L04323,C07,8,78.5,2,2,1,Completed
L04324,C01,6,63.9,2,3,4,Completed
L04325,C02,7,100.0,6,1,3,Completed
L04326,C06,3,53.3,3,1,7,Completed
L04327,C01,7,82.5,2,3,3,Completed
L04328,C08,9,65.9,2,2,3,Completed
L04329,C09,11,74.6,1,2,4,Completed
L04330,C10,0,33.4,1,2,0,Not Completed
L04331,C02,5,76.9,2,2,5,Completed
L04332,C10,4,27.8,1,3,3,Not Completed
L04333,C01,9,83.4,5,4,1,Completed
L04334,C05,1,49.3,3,3,2,Completed
L04335,C09,10,75.8,4,3,3,Completed
L04336,C01,4,67.4,3,1,3,Completed
L04337,C01,4,58.0,3,2,1,Completed
L04338,C01,3,56.9,3,4,3,Completed
L04339,C05,0,58.4,1,2,5,Not Completed
L04340,C09,4,51.3,1,2,2,Completed
L04341,C02,8,31.1,3,1,3,Not Completed
L04342,C02,4,21.1,1,0,1,Not Completed
L04343,C06,2,38.9,3,2,4,Not Completed
L04344,C03,2,34.4,4,1,1,Not Completed
L04345,C08,7,44.5,1,1,1,Completed
L04346,C10,1,75.4,2,1,1,Not Completed
L04347,C08,7,75.3,5,5,7,Completed
L04348,C09,6,47.3,1,1,2,Completed
L04349,C05,9,71.9,4,4,5,Completed
L04350,C09,3,61.9,2,4,1,Not Completed
L04351,C02,4,30.5,4,0,1,Completed
L04352,C01,5,54.6,2,5,2,Not Completed
L04353,C07,2,39.2,3,5,4,Not Completed
L04354,C01,7,94.5,2,2,1,Completed
L04355,C09,5,51.9,7,5,1,Not Completed
L04356,C07,1,17.2,1,2,1,Not Completed
L04357,C10,8,80.0,4,1,2,Not Completed
L04358,C04,2,18.5,3,0,0,Not Completed
L04359,C05,2,40.5,6,2,1,Completed
L04360,C08,7,27.6,2,2,1,Completed
L04361,C03,4,51.2,7,3,2,Completed
L04362,C06,8,63.9,9,0,4,Completed
L04363,C07,4,0.0,0,1,0,Not Completed
L04364,C10,6,76.6,2,1,1,Completed
L04365,C08,3,63.1,2,0,0,Not Completed
L04366,C02,5,37.8,1,1,1,Completed
L04367,C05,3,72.4,4,3,2,Completed
L04368,C06,3,40.3,3,0,2,Not Completed
L04369,C02,10,53.1,2,5,2,Completed
L04370,C05,7,73.7,4,3,1,Completed
L04371,C03,7,60.8,4,0,4,Completed
L04372,C02,7,46.1,3,0,7,Completed
L04373,C05,2,23.9,1,0,2,Completed
L04374,C02,11,71.4,10,4,2,Completed
L04375,C06,7,62.3,2,1,6,Not Completed
L04376,C02,5,31.5,1,0,2,Completed
L04377,C08,4,74.7,5,3,2,Completed
L04378,C02,9,52.1,6,2,1,Completed
L04379,C09,2,48.4,6,0,7,Completed
L04380,C01,7,51.1,5,1,5,Completed
L04381,C06,5,45.0,4,0,1,Completed
L04382,C04,6,60.5,6,2,3,Completed
L04383,C03,2,53.5,5,4,1,Completed
L04384,C05,2,16.9,2,0,1,Not Completed
L04385,C09,11,66.0,3,0,2,Not Completed
L04386,C10,2,16.1,0,0,2,Not Completed
L04387,C04,4,22.8,2,2,0,Not Completed
L04388,C02,6,47.9,9,0,3,Completed
L04389,C08,7,59.6,2,1,7,Completed
L04390,C06,4,66.0,2,2,1,Completed
L04391,C02,7,55.0,3,4,1,Completed
L04392,C08,3,57.9,4,3,4,Completed
L04393,C05,7,79.6,2,3,4,Completed
L04394,C07,10,34.1,1,3,2,Not Completed
L04395,C04,12,61.3,2,7,7,Completed
L04396,C05,2,28.6,3,1,3,Completed
L04397,C02,9,62.6,6,4,3,Completed
L04398,C08,5,41.1,0,1,1,Completed
L04399,C02,7,54.9,4,3,3,Completed
L04400,C08,1,18.1,0,3,0,Completed
L04401,C08,3,40.8,5,2,0,Completed
L04402,C08,2,41.8,5,1,2,Not Completed
L04403,C01,3,50.3,5,4,2,Not Completed
L04404,C03,8,78.0,4,4,3,Completed
L04405,C05,9,89.5,6,5,5,Completed
L04406,C06,3,49.7,6,1,6,Completed
L04407,C10,9,62.5,2,5,1,Completed
L04408,C04,8,57.1,8,3,5,Completed
L04409,C09,6,62.8,3,6,1,Completed
L04410,C02,7,85.0,3,4,5,Completed
L04411,C04,5,63.7,3,4,2,Completed
L04412,C01,7,83.7,5,3,1,Completed
L04413,C08,4,69.1,2,1,4,Completed
L04414,C02,4,22.6,1,3,1,Not Completed
L04415,C03,7,78.0,5,8,6,Completed
L04416,C08,3,37.9,0,1,3,Not Completed
L04417,C06,7,50.1,4,3,3,Completed
L04418,C01,3,32.3,2,4,0,Completed
L04419,C01,10,58.6,0,3,5,Not Completed
L04420,C05,6,64.0,6,1,3,Completed
L04421,C04,10,64.4,6,3,1,Completed
L04422,C02,2,43.7,1,2,1,Not Completed
L04423,C07,6,78.5,4,3,3,Completed
L04424,C03,7,39.0,6,2,1,Not Completed
L04425,C06,3,40.0,2,0,1,Not Completed
L04426,C04,7,64.2,3,0,1,Completed
L04427,C02,5,79.6,3,3,4,Completed
L04428,C02,9,76.7,4,2,3,Not Completed
L04429,C03,4,44.3,3,4,1,Not Completed
L04430,C01,8,75.2,4,3,5,Completed
L04431,C04,4,35.0,0,1,2,Completed
L04432,C10,5,54.6,2,0,1,Not Completed
L04433,C09,3,43.4,0,1,0,Not Completed
L04434,C04,7,60.9,1,2,1,Completed
L04435,C06,2,39.1,0,2,2,Completed
L04436,C06,5,65.8,3,3,3,Not Completed
L04437,C09,11,88.5,2,4,2,Completed
L04438,C03,4,74.9,3,3,7,Completed
L04439,C03,2,48.7,6,1,3,Completed
L04440,C04,5,61.3,3,1,3,Not Completed
L04441,C01,4,47.3,3,2,1,Completed
L04442,C04,3,39.8,1,1,2,Completed
L04443,C09,3,56.5,3,1,4,Completed
L04444,C10,5,67.6,4,1,2,Completed
L04445,C02,5,64.9,2,3,1,Completed
L04446,C05,5,26.4,4,0,1,Not Completed
L04447,C04,9,92.0,3,0,2,Completed
L04448,C05,5,67.3,5,1,1,Completed
L04449,C06,5,59.6,1,0,3,Not Completed
L04450,C01,3,68.3,8,4,4,Completed
L04451,C09,3,58.8,5,0,3,Not Completed
L04452,C10,7,40.9,3,4,2,Completed
L04453,C07,7,33.0,3,0,2,Completed
L04454,C07,3,47.1,1,4,2,Not Completed
L04455,C06,2,25.7,3,2,0,Not Completed
L04456,C04,4,57.3,5,3,4,Completed
L04457,C02,6,61.5,5,1,2,Not Completed
L04458,C06,6,79.9,4,2,3,Completed
L04459,C01,5,37.9,1,0,0,Not Completed
L04460,C09,0,54.9,0,1,1,Not Completed
L04461,C05,4,72.0,1,2,3,Completed
L04462,C05,2,32.4,0,1,3,Not Completed
L04463,C04,5,36.2,2,0,3,Not Completed
L04464,C10,9,58.6,4,4,5,Completed
L04465,C02,4,58.7,5,3,1,Completed
L04466,C02,8,58.1,3,2,2,Completed
L04467,C02,5,45.2,2,2,5,Not Completed
L04468,C07,7,68.5,2,6,3,Completed
L04469,C10,3,53.7,2,1,0,Not Completed
L04470,C03,9,84.5,5,4,5,Completed
L04471,C10,1,14.1,3,2,1,Not Completed
L04472,C03,9,69.2,5,3,4,Completed
L04473,C07,6,92.8,3,3,3,Not Completed
L04474,C01,5,47.8,0,1,1,Not Completed
L04475,C05,10,59.9,2,2,2,Completed
L04476,C07,3,19.4,1,1,2,Not Completed
L04477,C06,7,46.0,3,1,4,Completed
L04478,C03,6,77.7,3,2,3,Completed
L04479,C09,6,71.9,1,5,3,Completed
L04480,C10,8,81.0,3,2,4,Not Completed
L04481,C05,5,50.3,3,7,5,Completed
L04482,C07,1,28.9,2,1,1,Not Completed
L04483,C08,2,65.7,3,5,1,Completed
L04484,C03,0,16.3,1,3,1,Completed
L04485,C09,7,88.5,5,1,5,Completed
L04486,C03,9,77.8,5,1,1,Completed
L04487,C08,2,48.2,4,4,3,Completed
L04488,C02,10,82.5,3,4,5,Completed
L04489,C03,2,68.4,5,1,3,Not Completed
L04490,C06,1,20.7,3,1,2,Not Completed
L04491,C06,9,67.1,1,1,4,Completed
L04492,C09,4,50.6,1,1,1,Completed
L04493,C10,7,39.5,1,1,3,Completed
L04494,C02,3,44.1,3,2,1,Not Completed
L04495,C03,3,37.8,2,0,1,Not Completed
L04496,C04,5,37.6,3,2,2,Not Completed
L04497,C05,5,37.4,5,3,1,Not Completed
L04498,C05,7,85.4,3,5,2,Completed
L04499,C09,10,81.5,4,6,3,Completed
L04500,C08,1,68.2,4,4,1,Not Completed
L04501,C01,8,74.7,6,3,3,Not Completed
L04502,C05,3,45.2,1,1,0,Not Completed
L04503,C07,8,73.2,2,3,1,Completed
L04504,C05,9,76.3,4,7,1,Completed
L04505,C02,12,83.9,3,3,4,Completed
L04506,C04,7,41.6,3,2,3,Not Completed
L04507,C05,1,59.1,2,3,2,Completed
L04508,C02,8,55.2,2,5,0,Completed
L04509,C08,3,48.7,3,4,3,Completed
L04510,C04,10,91.9,5,7,4,Completed
L04511,C06,5,55.6,2,1,2,Not Completed
L04512,C05,2,78.1,4,5,3,Completed
L04513,C09,5,25.9,5,1,1,Not Completed
L04514,C02,1,49.8,2,3,1,Completed
L04515,C02,8,72.5,5,4,2,Completed
L04516,C04,11,67.5,8,4,5,Completed
L04517,C05,7,69.7,5,3,5,Completed
L04518,C03,2,46.1,3,6,1,Completed
L04519,C08,10,76.1,1,4,8,Completed
L04520,C03,2,39.0,3,1,1,Not Completed
L04521,C01,7,62.2,1,2,3,Completed
L04522,C05,6,92.2,3,7,2,Completed
L04523,C08,2,56.2,5,2,1,Not Completed
L04524,C09,1,22.6,1,0,1,Not Completed
L04525,C08,5,37.0,3,0,2,Not Completed
L04526,C06,6,31.7,3,1,1,Not Completed
L04527,C08,3,18.1,3,1,0,Not Completed
L04528,C07,10,57.1,0,1,2,Not Completed
L04529,C03,9,79.7,2,5,5,Completed
L04530,C06,5,54.0,2,1,1,Not Completed
L04531,C08,7,54.1,2,4,2,Completed
L04532,C04,6,74.3,3,0,4,Completed
L04533,C07,5,45.4,4,6,2,Completed
L04534,C05,6,51.2,4,1,4,Completed
L04535,C05,9,60.4,4,2,3,Completed
L04536,C01,5,54.6,4,4,2,Completed
L04537,C07,8,57.5,3,1,1,Completed
L04538,C09,3,64.2,2,1,2,Not Completed
L04539,C02,6,50.6,0,0,3,Not Completed
L04540,C04,9,68.2,0,2,3,Completed
L04541,C01,9,51.4,3,2,2,Completed
L04542,C01,8,100.0,6,3,1,Completed
L04543,C10,8,45.1,2,4,1,Not Completed
L04544,C05,9,68.7,1,4,3,Completed
L04545,C04,1,39.1,2,1,2,Not Completed
L04546,C03,6,52.9,1,2,4,Completed
L04547,C10,5,39.8,3,1,1,Not Completed
L04548,C03,8,73.2,4,5,5,Completed
L04549,C08,8,72.2,3,6,3,Completed
L04550,C03,4,41.5,0,1,0,Not Completed
L04551,C01,10,89.2,8,8,2,Completed
L04552,C07,7,49.5,0,1,2,Not Completed
L04553,C01,5,24.3,4,1,2,Not Completed
L04554,C07,2,25.8,2,0,1,Not Completed
L04555,C03,10,86.5,10,2,8,Completed
L04556,C08,8,70.8,4,2,5,Completed
L04557,C08,2,22.5,3,2,0,Not Completed
L04558,C08,3,46.6,4,1,1,Not Completed
L04559,C01,9,57.4,6,2,7,Completed
L04560,C08,4,19.4,1,0,1,Not Completed
L04561,C10,6,64.6,3,3,7,Completed
L04562,C03,3,41.9,3,2,2,Not Completed
L04563,C03,5,73.8,3,1,1,Completed
L04564,C09,8,62.9,2,8,4,Completed
L04565,C02,5,23.3,0,1,0,Not Completed
L04566,C07,8,51.6,1,1,1,Completed
L04567,C08,5,61.0,4,2,3,Completed
L04568,C01,6,54.0,1,1,0,Completed
L04569,C06,4,13.0,0,1,0,Not Completed
L04570,C06,3,61.6,1,1,1,Not Completed
L04571,C04,7,75.2,5,7,1,Completed
L04572,C09,7,87.7,5,5,4,Completed
L04573,C02,5,44.4,2,1,0,Not Completed
L04574,C04,5,54.7,5,5,2,Completed
L04575,C09,4,72.9,4,1,4,Completed
L04576,C02,5,76.3,5,3,2,Completed
L04577,C09,2,35.7,4,0,2,Not Completed
L04578,C01,4,62.4,5,5,2,Completed
L04579,C05,4,64.6,6,0,3,Not Completed
L04580,C01,2,27.5,2,2,2,Not Completed
L04581,C07,3,61.0,4,4,5,Completed
L04582,C08,12,68.4,2,3,3,Completed
L04583,C09,7,50.1,0,3,3,Completed
L04584,C10,3,24.8,3,0,1,Not Completed
L04585,C07,5,58.5,6,4,3,Completed
L04586,C08,14,23.5,2,1,2,Not Completed
L04587,C05,7,43.5,3,3,1,Completed
L04588,C10,10,55.6,1,1,1,Completed
L04589,C07,10,82.9,4,2,6,Completed
L04590,C09,1,49.5,1,2,4,Completed
L04591,C03,5,22.1,0,2,0,Not Completed
L04592,C05,5,58.2,4,5,2,Completed
L04593,C08,2,41.0,1,0,2,Not Completed
L04594,C02,3,52.1,3,0,0,Completed
L04595,C03,4,56.2,2,2,4,Completed
L04596,C10,5,64.4,5,0,1,Not Completed
L04597,C05,8,87.1,3,2,3,Completed
L04598,C02,5,61.6,1,3,4,Completed
L04599,C04,12,73.9,5,5,3,Completed
L04600,C04,2,63.6,4,5,0,Not Completed
L04601,C07,4,49.6,9,4,3,Completed
L04602,C10,6,75.7,6,3,4,Completed
L04603,C10,1,33.3,1,2,1,Not Completed
L04604,C07,0,25.7,2,0,1,Not Completed
L04605,C07,2,63.7,4,0,6,Completed
L04606,C04,5,26.5,3,0,0,Completed
L04607,C09,12,72.6,4,2,5,Completed
L04608,C03,6,63.1,2,4,5,Completed
L04609,C02,4,50.8,1,1,2,Not Completed
L04610,C10,7,89.0,3,3,3,Completed
L04611,C09,6,36.0,0,2,1,Completed
L04612,C04,1,36.1,1,1,1,Completed
L04613,C07,4,60.7,3,1,2,Completed
L04614,C05,9,43.6,3,1,1,Not Completed
L04615,C04,8,75.8,2,4,8,Completed
L04616,C03,1,53.0,2,3,3,Not Completed
L04617,C02,2,13.9,0,0,1,Not Completed
L04618,C06,5,29.6,3,1,1,Not Completed
L04619,C05,10,74.5,3,2,3,Completed
L04620,C05,3,37.1,4,2,0,Completed
L04621,C03,8,38.6,2,2,4,Completed
L04622,C10,2,13.2,1,1,0,Not Completed
L04623,C07,0,31.8,1,0,2,Not Completed
L04624,C09,8,70.1,0,1,2,Not Completed
L04625,C02,7,39.8,4,0,0,Completed
L04626,C07,3,46.5,2,3,0,Not Completed
L04627,C09,8,61.0,4,0,2,Completed
L04628,C04,5,22.1,3,0,0,Not Completed
L04629,C02,5,58.8,3,2,6,Completed
L04630,C03,7,63.0,5,4,3,Completed
L04631,C03,6,40.1,3,1,4,Not Completed
L04632,C05,9,42.5,2,1,1,Completed
L04633,C04,2,28.6,1,3,0,Not Completed
L04634,C03,5,66.7,2,3,3,Completed
L04635,C07,4,14.8,2,0,0,Completed
L04636,C01,3,27.1,4,0,1,Completed
L04637,C04,8,61.9,6,3,1,Completed
L04638,C07,6,74.2,2,4,3,Completed
L04639,C02,6,57.4,5,1,3,Not Completed
L04640,C03,8,72.6,0,5,0,Completed
L04641,C02,2,53.7,3,1,0,Completed
L04642,C01,3,39.1,1,1,0,Not Completed
L04643,C05,3,72.7,4,2,2,Completed
L04644,C01,5,72.8,2,3,4,Not Completed
L04645,C03,6,58.3,6,3,1,Completed
L04646,C10,7,76.2,2,5,3,Completed
L04647,C10,9,100.0,10,2,7,Completed
L04648,C03,2,46.9,0,2,3,Not Completed
L04649,C04,3,40.9,4,2,0,Completed
L04650,C05,2,48.2,3,2,2,Not Completed
L04651,C09,4,46.5,2,2,4,Not Completed
L04652,C08,6,80.5,4,2,1,Completed
L04653,C02,2,20.2,3,0,0,Not Completed
L04654,C02,3,16.3,0,2,0,Not Completed
L04655,C05,4,53.8,3,0,1,Not Completed
L04656,C09,9,51.9,3,0,3,Not Completed
L04657,C09,9,75.6,5,2,2,Completed
L04658,C02,6,57.9,3,2,2,Completed
L04659,C06,3,84.6,6,3,8,Completed
L04660,C02,4,60.0,2,2,2,Completed
L04661,C07,8,81.6,4,4,2,Completed
L04662,C10,8,78.2,0,5,3,Completed
L04663,C05,9,82.6,6,5,3,Completed
L04664,C01,0,44.3,3,2,0,Not Completed
L04665,C06,5,63.6,3,2,6,Completed
L04666,C05,9,59.5,4,1,2,Completed
L04667,C09,6,67.7,3,1,2,Completed
L04668,C04,5,54.6,3,2,2,Completed
L04669,C09,5,58.8,1,5,5,Completed
L04670,C03,4,51.9,3,3,1,Completed
L04671,C02,4,68.5,5,1,5,Completed
L04672,C04,5,51.7,0,3,1,Completed
L04673,C01,10,45.3,3,3,1,Completed
L04674,C03,5,45.3,2,3,4,Completed
L04675,C07,4,51.8,1,3,2,Completed
L04676,C02,5,70.5,2,3,3,Completed
L04677,C02,6,59.8,2,1,5,Completed
L04678,C02,3,14.2,2,1,1,Not Completed
L04679,C01,3,58.3,6,1,0,Completed
L04680,C09,4,90.1,6,5,1,Completed
L04681,C10,14,65.1,4,2,3,Completed
L04682,C01,4,26.8,1,3,1,Completed
L04683,C08,12,84.3,5,5,3,Completed
L04684,C08,3,83.6,4,0,4,Completed
L04685,C10,2,24.5,0,1,2,Completed
L04686,C04,5,30.9,2,2,1,Completed
L04687,C03,2,46.8,5,3,4,Completed
L04688,C05,1,22.6,0,1,3,Completed
L04689,C09,7,69.5,4,1,1,Completed
L04690,C08,8,90.2,3,0,7,Completed
L04691,C05,7,34.1,2,3,2,Completed
L04692,C03,2,43.5,2,0,1,Not Completed
L04693,C08,4,58.0,3,4,3,Completed
L04694,C09,4,75.1,5,5,0,Not Completed
L04695,C04,5,43.7,7,4,5,Completed
L04696,C07,6,75.4,4,1,2,Completed
L04697,C05,8,41.1,6,5,6,Completed
L04698,C05,13,67.8,7,1,5,Completed
L04699,C06,11,75.6,7,2,6,Completed
L04700,C08,5,82.7,2,8,5,Completed
L04701,C10,11,56.3,5,5,3,Completed
L04702,C05,3,78.5,5,4,6,Completed
L04703,C04,8,44.5,3,4,1,Not Completed
L04704,C04,7,57.8,1,2,3,Not Completed
L04705,C02,4,50.9,2,3,1,Completed
L04706,C03,10,73.7,6,3,2,Completed
L04707,C01,9,75.6,5,3,4,Completed
L04708,C05,6,55.9,6,8,5,Completed
L04709,C02,10,86.7,6,4,4,Completed
L04710,C04,4,33.1,3,2,0,Not Completed
L04711,C08,13,78.5,2,7,5,Completed
L04712,C03,7,60.8,4,2,3,Completed
L04713,C07,7,24.2,1,3,1,Completed
L04714,C10,8,94.5,6,3,6,Completed
L04715,C06,2,51.4,0,1,2,Not Completed
L04716,C02,4,41.9,1,2,2,Not Completed
L04717,C04,2,82.6,3,3,5,Completed
L04718,C06,5,53.0,2,0,3,Not Completed
L04719,C05,4,56.5,3,2,2,Not Completed
L04720,C02,0,27.2,2,1,1,Completed
L04721,C05,3,41.2,3,4,1,Not Completed
L04722,C06,2,49.9,3,0,3,Not Completed
L04723,C03,1,35.1,2,1,1,Not Completed
L04724,C07,4,62.4,3,4,6,Completed
L04725,C01,7,72.2,4,3,4,Completed
L04726,C04,6,69.1,5,2,3,Not Completed
L04727,C08,9,65.6,2,3,1,Not Completed
L04728,C03,5,58.6,7,3,2,Completed
L04729,C07,10,77.5,3,5,6,Completed
L04730,C05,4,54.7,1,4,2,Completed
L04731,C04,3,57.7,1,4,1,Completed
L04732,C10,5,42.4,1,2,1,Completed
L04733,C04,4,30.0,7,1,2,Not Completed
L04734,C03,1,74.3,3,2,8,Completed
L04735,C10,0,43.9,2,1,4,Completed
L04736,C08,2,50.1,3,2,1,Completed
L04737,C07,5,55.4,6,1,3,Not Completed
L04738,C01,10,79.6,3,4,3,Completed
L04739,C02,5,65.7,5,5,2,Not Completed
L04740,C07,1,48.7,2,2,2,Not Completed
L04741,C02,5,77.6,6,4,8,Completed
L04742,C03,6,57.9,3,2,4,Not Completed
L04743,C08,3,48.2,1,1,0,Not Completed
L04744,C03,7,67.8,5,4,2,Completed
L04745,C01,5,48.1,9,3,1,Not Completed
L04746,C01,7,58.2,5,3,5,Not Completed
L04747,C05,8,48.4,4,4,2,Completed
L04748,C07,8,55.8,4,0,3,Completed
L04749,C09,5,99.6,6,1,3,Completed
L04750,C02,2,50.2,4,2,3,Not Completed
L04751,C02,3,65.4,3,2,3,Completed
L04752,C06,6,17.1,2,0,1,Completed
L04753,C04,5,75.2,9,4,6,Completed
L04754,C05,2,24.0,2,1,1,Not Completed
L04755,C10,5,62.5,2,2,0,Not Completed
L04756,C06,4,46.6,2,2,2,Completed
L04757,C05,5,81.3,4,2,3,Completed
L04758,C10,4,41.3,1,2,0,Not Completed
L04759,C01,6,50.2,3,3,1,Completed
L04760,C10,4,76.5,1,1,1,Not Completed
L04761,C05,3,63.9,5,4,4,Completed
L04762,C05,5,32.4,2,1,1,Completed
L04763,C10,5,68.8,1,4,4,Completed
L04764,C05,2,43.1,3,1,2,Not Completed
L04765,C05,2,35.7,3,0,0,Completed
L04766,C03,7,69.9,4,2,2,Not Completed
L04767,C07,6,85.9,3,4,5,Completed
L04768,C06,2,44.1,2,1,6,Not Completed
L04769,C03,4,32.2,4,1,2,Completed
L04770,C08,8,43.5,5,2,0,Completed
L04771,C07,6,52.2,3,1,3,Not Completed
L04772,C04,9,80.1,7,1,4,Completed
L04773,C01,6,39.2,5,1,0,Completed
L04774,C05,1,47.3,1,1,3,Not Completed
L04775,C01,1,28.7,1,0,0,Completed
L04776,C01,3,65.4,3,3,2,Not Completed
L04777,C05,5,80.2,3,5,2,Not Completed
L04778,C01,5,37.1,1,2,3,Not Completed
L04779,C03,3,32.6,0,2,0,Not Completed
L04780,C07,8,60.0,1,3,3,Completed
L04781,C04,2,35.1,2,0,3,Completed
L04782,C10,12,69.8,3,4,4,Completed
L04783,C10,3,59.5,6,3,5,Completed
L04784,C06,12,80.9,5,2,7,Completed
L04785,C10,5,59.0,2,1,1,Completed
L04786,C09,1,32.1,0,0,2,Not Completed
L04787,C04,5,82.2,8,1,5,Completed
L04788,C08,2,48.6,2,2,3,Completed
L04789,C02,1,39.8,2,2,2,Not Completed
L04790,C07,3,57.3,4,3,2,Completed
L04791,C05,9,71.9,4,7,3,Completed
L04792,C01,1,31.8,0,1,2,Not Completed
L04793,C03,8,82.1,8,4,1,Completed
L04794,C10,8,57.7,6,3,3,Not Completed
L04795,C04,5,68.1,4,3,3,Not Completed
L04796,C02,2,19.5,3,2,0,Not Completed
L04797,C02,6,22.6,3,3,2,Completed
L04798,C05,3,31.9,1,1,2,Completed
L04799,C09,5,29.6,1,2,2,Completed
L04800,C08,6,71.4,3,2,0,Completed
L04801,C05,2,46.5,0,2,1,Completed
L04802,C02,2,40.1,0,2,2,Not Completed
L04803,C01,3,32.9,3,2,8,Completed
L04804,C05,4,33.6,5,6,1,Not Completed
L04805,C09,10,71.5,5,4,3,Completed
L04806,C08,5,54.3,0,0,4,Completed
L04807,C05,2,12.9,3,3,1,Not Completed
L04808,C06,11,99.1,2,1,3,Completed
L04809,C05,9,70.7,4,3,5,Completed
L04810,C06,5,50.5,3,3,2,Completed
L04811,C05,3,48.6,4,2,0,Completed
L04812,C07,6,60.6,7,0,3,Completed
L04813,C05,2,32.3,2,0,3,Completed
L04814,C10,5,65.2,4,5,2,Completed
L04815,C05,3,31.3,3,1,2,Not Completed
L04816,C01,6,73.6,3,1,5,Completed
L04817,C03,4,34.4,2,0,2,Not Completed
L04818,C05,1,8.0,1,2,0,Not Completed
L04819,C06,5,38.3,2,2,2,Completed
L04820,C06,3,62.3,0,1,1,Not Completed
L04821,C08,3,53.9,2,3,2,Not Completed
L04822,C03,3,36.9,4,4,0,Completed
L04823,C07,2,34.6,4,1,5,Not Completed
L04824,C08,9,37.9,1,4,3,Completed
L04825,C05,8,33.4,3,6,2,Not Completed
L04826,C05,2,13.3,1,0,2,Not Completed
L04827,C02,3,65.6,5,0,1,Completed
L04828,C05,5,51.1,7,3,0,Completed
L04829,C08,8,45.4,5,0,2,Not Completed
L04830,C10,4,44.0,1,3,1,Not Completed
L04831,C06,3,19.9,0,0,1,Not Completed
L04832,C03,6,36.1,3,0,0,Completed
L04833,C07,6,42.5,2,1,2,Completed
L04834,C08,4,47.8,2,2,2,Not Completed
L04835,C04,6,89.5,6,5,8,Completed
L04836,C09,8,68.1,6,6,6,Completed
L04837,C01,3,25.6,1,0,0,Not Completed
L04838,C01,4,62.5,1,2,1,Completed
L04839,C02,3,56.4,3,2,2,Not Completed
L04840,C02,1,27.3,2,0,0,Completed
L04841,C09,4,55.7,2,4,5,Not Completed
L04842,C05,4,38.7,5,4,1,Not Completed
L04843,C03,10,80.4,2,4,5,Completed
L04844,C05,9,100.0,7,3,5,Completed
L04845,C04,4,72.4,7,3,3,Completed
L04846,C04,5,33.7,1,1,4,Not Completed
L04847,C02,4,13.1,2,0,1,Not Completed
L04848,C07,7,94.7,4,7,5,Not Completed
L04849,C02,3,39.7,3,1,1,Completed
L04850,C08,0,27.2,1,1,1,Completed
L04851,C02,8,78.5,5,7,7,Completed
L04852,C08,7,69.1,3,8,2,Completed
L04853,C08,8,59.6,3,4,0,Not Completed
L04854,C02,2,56.2,3,1,2,Not Completed
L04855,C01,5,60.7,3,1,5,Not Completed
L04856,C10,7,63.6,1,0,1,Completed
L04857,C05,4,52.1,5,4,1,Not Completed
L04858,C07,2,23.0,1,1,1,Not Completed
L04859,C01,8,82.3,3,5,5,Completed
L04860,C03,6,67.4,3,1,3,Completed
L04861,C05,3,16.3,2,1,1,Not Completed
L04862,C09,9,78.8,7,4,2,Not Completed
L04863,C03,8,93.9,4,3,4,Completed
L04864,C08,3,54.4,2,5,0,Not Completed
L04865,C07,3,53.3,2,1,0,Completed
L04866,C02,8,54.7,3,2,5,Completed
L04867,C03,3,34.4,1,2,2,Not Completed
L04868,C03,8,76.4,4,6,4,Completed
L04869,C05,3,51.7,2,3,1,Completed
L04870,C07,11,91.4,6,2,2,Completed
L04871,C05,6,54.4,1,6,3,Completed
L04872,C03,12,96.9,6,1,3,Completed
L04873,C07,5,60.9,5,4,4,Completed
L04874,C06,3,79.2,1,7,4,Completed
L04875,C05,8,81.2,6,5,3,Completed
L04876,C06,5,61.6,4,0,3,Not Completed
L04877,C03,8,86.9,5,5,4,Completed
L04878,C07,3,12.2,0,2,0,Not Completed
L04879,C04,0,34.4,3,0,3,Not Completed
L04880,C04,3,51.3,1,3,2,Not Completed
L04881,C02,7,62.6,2,2,4,Completed
L04882,C06,4,72.0,5,5,2,Not Completed
L04883,C07,7,62.8,4,3,4,Completed
L04884,C04,3,33.1,2,0,0,Not Completed
L04885,C09,3,20.5,0,3,1,Completed
L04886,C09,7,91.6,4,1,4,Completed
L04887,C02,5,55.4,0,3,5,Completed
L04888,C07,6,24.0,3,1,4,Completed
L04889,C04,9,65.8,4,3,4,Completed
L04890,C10,7,69.0,4,1,4,Not Completed
L04891,C03,2,39.9,2,2,3,Not Completed
L04892,C03,11,46.3,7,3,1,Completed
L04893,C05,3,33.2,0,2,1,Not Completed
L04894,C03,4,35.5,7,5,1,Completed
L04895,C07,2,59.1,3,2,4,Completed
L04896,C05,7,67.1,4,3,6,Completed
L04897,C03,2,59.3,5,3,0,Completed
L04898,C05,2,43.9,2,3,1,Completed
L04899,C09,10,39.5,6,1,0,Completed
L04900,C08,4,76.7,5,1,0,Completed
L04901,C05,3,37.7,1,3,0,Completed
L04902,C03,5,44.2,2,1,0,Not Completed
L04903,C02,5,45.0,3,2,0,Not Completed
L04904,C09,9,85.5,4,8,2,Completed
L04905,C08,9,61.3,1,4,3,Completed
L04906,C06,9,53.3,5,4,2,Completed
L04907,C09,5,34.8,9,3,2,Not Completed
L04908,C02,2,50.7,2,2,1,Not Completed
L04909,C07,3,31.6,3,4,1,Not Completed
L04910,C03,3,58.8,6,6,0,Not Completed
L04911,C02,4,70.0,6,2,3,Not Completed
L04912,C05,4,45.5,0,2,1,Completed
L04913,C04,6,68.2,4,5,1,Completed
L04914,C10,2,32.4,2,2,0,Not Completed
L04915,C04,8,75.3,0,5,5,Completed
L04916,C09,1,33.4,0,2,0,Not Completed
L04917,C08,3,86.8,6,4,5,Completed
L04918,C07,4,48.4,2,2,3,Not Completed
L04919,C10,8,87.2,1,2,4,Not Completed
L04920,C05,3,93.6,2,3,2,Not Completed
L04921,C04,10,79.8,5,2,4,Completed
L04922,C02,4,65.7,10,3,3,Completed
L04923,C03,5,67.9,2,4,6,Not Completed
L04924,C09,12,91.3,6,2,2,Completed
L04925,C05,8,67.0,4,3,3,Completed
L04926,C04,3,38.4,4,2,2,Not Completed
L04927,C03,1,38.5,6,0,2,Not Completed
L04928,C05,6,76.1,3,1,3,Completed
L04929,C08,6,29.1,3,2,0,Not Completed
L04930,C03,6,40.1,4,1,2,Completed
L04931,C08,3,59.7,4,1,6,Not Completed
L04932,C07,9,100.0,5,4,2,Completed
L04933,C08,7,77.9,7,6,1,Completed
L04934,C03,3,63.7,3,4,3,Completed
L04935,C07,4,37.6,0,4,1,Completed
L04936,C02,11,96.3,6,5,3,Completed
L04937,C04,7,81.6,2,0,5,Completed
L04938,C08,6,53.8,4,0,1,Completed
L04939,C07,1,50.8,4,1,3,Not Completed
L04940,C02,3,48.4,7,1,2,Not Completed
L04941,C09,5,31.4,0,2,0,Not Completed
L04942,C01,6,72.9,4,3,2,Completed
L04943,C06,5,55.7,5,5,1,Completed
L04944,C10,4,54.7,1,4,0,Not Completed
L04945,C06,5,64.6,6,5,3,Completed
L04946,C08,7,62.4,3,2,6,Completed
L04947,C06,5,33.0,3,2,1,Completed
L04948,C08,2,37.9,0,1,1,Not Completed
L04949,C07,8,72.2,7,4,1,Completed
L04950,C07,5,28.1,2,1,0,Not Completed
L04951,C03,4,30.8,0,1,2,Completed
L04952,C08,3,89.4,5,3,5,Completed
L04953,C03,4,43.6,7,2,3,Completed
L04954,C10,5,30.5,5,2,4,Completed
L04955,C03,8,43.6,2,1,2,Not Completed
L04956,C03,8,66.9,5,1,5,Completed
L04957,C09,12,87.2,3,3,5,Completed
L04958,C03,6,64.5,3,1,2,Completed
L04959,C04,5,78.5,7,2,5,Completed
L04960,C08,10,60.7,3,7,4,Completed
L04961,C02,4,28.6,1,2,4,Not Completed
L04962,C02,2,46.1,0,0,0,Not Completed
L04963,C05,7,70.5,1,4,1,Completed
L04964,C03,5,72.8,5,6,6,Completed
L04965,C03,3,30.8,1,3,1,Not Completed
L04966,C01,3,27.3,1,1,0,Not Completed
L04967,C04,9,59.9,5,2,3,Completed
L04968,C04,3,34.7,1,1,0,Completed
L04969,C01,8,75.0,6,8,7,Completed
L04970,C07,5,55.5,6,3,5,Not Completed
L04971,C07,7,68.0,3,3,2,Completed
L04972,C01,8,50.2,2,1,3,Completed
L04973,C04,4,51.0,2,3,2,Completed
L04974,C09,4,35.3,3,3,3,Completed
L04975,C06,3,40.4,3,1,0,Completed
L04976,C05,7,91.2,3,1,3,Completed
L04977,C05,5,50.2,3,0,1,Completed
L04978,C02,9,74.4,3,1,4,Completed
L04979,C09,6,27.6,1,1,0,Not Completed
L04980,C10,8,88.7,7,5,6,Completed
L04981,C10,4,61.0,4,3,0,Completed
L04982,C03,4,48.0,6,1,0,Completed
L04983,C04,5,52.6,1,1,0,Not Completed
L04984,C02,4,49.6,8,1,5,Completed
L04985,C04,3,65.1,3,1,1,Completed
L04986,C04,3,31.3,3,1,0,Completed
L04987,C07,9,99.8,4,5,1,Completed
L04988,C02,8,92.6,5,4,6,Completed
L04989,C10,1,11.0,0,0,0,Not Completed
L04990,C02,9,78.2,1,0,2,Completed
L04991,C01,5,41.8,4,2,4,Completed
L04992,C09,1,65.8,2,1,1,Not Completed
L04993,C08,3,38.2,2,1,2,Completed
L04994,C04,0,33.3,5,1,2,Not Completed
L04995,C06,9,81.6,5,2,4,Completed
L04996,C03,4,45.3,2,6,0,Completed
L04997,C02,5,45.3,0,2,2,Not Completed
L04998,C05,3,45.2,0,0,1,Not Completed
L04999,C04,3,75.3,5,3,3,Completed
L05000,C07,7,57.2,1,5,3,Completed
L05001,C03,8,100.0,5,8,5,Completed
L05002,C07,6,44.6,3,3,2,Completed
L05003,C08,6,85.5,3,4,1,Completed
L05004,C02,4,65.1,3,2,3,Completed
L05005,C01,14,83.7,4,5,3,Completed
L05006,C05,11,60.6,2,1,4,Completed
L05007,C08,0,45.5,2,3,1,Completed
L05008,C07,1,20.9,1,1,1,Not Completed
L05009,C08,6,44.5,2,1,1,Completed
L05010,C05,3,24.2,2,0,2,Not Completed
L05011,C03,5,78.7,4,4,0,Completed
L05012,C06,4,87.7,1,5,3,Completed
L05013,C02,4,73.0,8,3,0,Completed
L05014,C08,2,39.0,1,0,1,Not Completed
L05015,C02,4,64.3,4,8,6,Completed
L05016,C03,1,67.1,3,1,3,Completed
L05017,C05,5,73.4,5,8,1,Completed
L05018,C05,8,56.2,2,5,1,Completed
L05019,C07,6,84.9,8,8,1,Completed
L05020,C05,9,72.8,4,1,3,Completed
L05021,C10,2,27.5,3,2,1,Completed
L05022,C09,8,84.8,2,6,6,Completed
L05023,C09,3,53.5,5,4,6,Not Completed
L05024,C07,5,37.8,1,0,3,Not Completed
L05025,C07,7,60.6,6,1,6,Completed
L05026,C07,12,74.6,5,2,2,Completed
L05027,C05,0,43.2,1,1,2,Completed
L05028,C04,5,61.1,5,1,2,Not Completed
L05029,C06,4,34.0,5,3,2,Completed
L05030,C01,5,81.0,1,2,5,Not Completed
L05031,C01,3,28.2,0,1,2,Not Completed
L05032,C09,12,78.9,9,4,5,Completed
L05033,C01,5,66.4,3,3,2,Completed
L05034,C06,4,53.5,2,4,3,Completed
L05035,C07,2,32.6,0,0,0,Not Completed
L05036,C02,5,90.7,1,2,0,Completed
L05037,C09,5,82.4,2,4,4,Completed
L05038,C02,3,33.4,3,1,3,Completed
L05039,C09,11,79.5,7,3,7,Completed
L05040,C08,6,54.4,3,6,2,Not Completed
L05041,C03,6,45.6,3,3,5,Completed
L05042,C02,7,41.8,0,1,2,Not Completed
L05043,C04,7,31.0,0,2,0,Not Completed
L05044,C04,6,41.0,3,0,1,Not Completed
L05045,C03,5,43.8,3,4,3,Completed
L05046,C10,4,72.0,4,0,3,Completed
L05047,C03,6,71.9,6,1,1,Completed
L05048,C09,10,81.6,5,1,4,Completed
L05049,C02,6,48.5,3,5,4,Completed
L05050,C10,4,38.4,1,0,1,Not Completed
L05051,C03,6,65.4,2,1,3,Not Completed
L05052,C05,7,47.5,2,1,2,Completed
L05053,C06,2,8.3,3,1,0,Not Completed
L05054,C02,3,59.6,3,1,3,Not Completed
L05055,C09,6,50.3,4,2,5,Completed
L05056,C03,5,23.8,2,2,4,Not Completed
L05057,C06,10,67.4,1,4,2,Completed
L05058,C06,1,21.3,2,0,0,Not Completed
L05059,C07,2,36.4,3,1,0,Not Completed
L05060,C01,1,65.7,6,1,5,Completed
L05061,C02,11,39.1,2,2,5,Completed
L05062,C02,4,14.8,0,1,1,Completed
L05063,C04,8,49.9,4,1,2,Completed
L05064,C02,7,76.4,9,6,2,Completed
L05065,C10,3,20.2,1,2,3,Not Completed
L05066,C05,10,67.4,2,4,4,Completed
L05067,C07,1,21.6,1,1,0,Not Completed
L05068,C04,3,45.2,2,0,0,Completed
L05069,C03,9,45.4,4,2,3,Completed
L05070,C05,8,65.7,3,5,4,Completed
L05071,C03,6,25.0,1,1,2,Completed
L05072,C04,5,52.5,2,4,4,Completed
L05073,C05,8,53.5,2,1,2,Not Completed
L05074,C05,5,52.3,1,1,1,Completed
L05075,C10,3,50.0,5,0,5,Completed
L05076,C03,6,36.9,3,3,3,Completed
L05077,C05,7,95.7,3,5,2,Completed
L05078,C02,5,54.7,0,2,2,Completed
L05079,C04,1,32.4,1,0,0,Completed
L05080,C08,2,17.0,0,3,4,Completed
L05081,C02,8,56.3,3,2,2,Completed
L05082,C06,7,67.3,4,1,2,Not Completed
L05083,C05,4,43.1,3,0,1,Completed
L05084,C01,6,64.3,2,4,4,Not Completed
L05085,C10,4,60.4,4,5,1,Completed
L05086,C05,5,63.6,8,5,3,Completed
L05087,C08,1,50.0,3,2,3,Not Completed
L05088,C05,10,72.8,4,2,4,Completed
L05089,C10,12,89.5,2,4,5,Completed
L05090,C03,3,43.0,7,1,1,Completed
L05091,C05,2,41.0,2,2,3,Not Completed
L05092,C08,5,28.6,2,1,1,Completed
L05093,C04,4,61.4,3,4,2,Not Completed
L05094,C04,1,22.3,1,1,1,Completed
L05095,C10,5,99.4,2,6,3,Completed
L05096,C06,11,67.3,0,2,5,Completed
L05097,C07,9,80.2,6,1,2,Completed
L05098,C07,10,71.0,4,8,9,Completed
L05099,C09,4,74.1,2,3,4,Completed
L05100,C09,7,55.5,5,3,5,Completed
L05101,C06,4,55.4,4,4,1,Completed
L05102,C03,5,83.4,2,5,4,Completed
L05103,C01,5,52.6,6,3,3,Completed
L05104,C07,6,67.5,3,5,3,Completed
L05105,C09,5,24.4,0,0,0,Not Completed
L05106,C05,5,61.9,3,0,5,Completed
L05107,C02,1,43.5,2,1,0,Not Completed
L05108,C03,0,46.9,1,0,2,Not Completed
L05109,C05,10,86.7,6,2,5,Completed
L05110,C09,5,80.0,3,1,2,Completed
L05111,C02,3,51.6,3,3,3,Completed
L05112,C07,3,55.5,5,3,6,Completed
L05113,C08,0,76.2,3,4,4,Completed
L05114,C10,7,63.0,3,6,0,Completed
L05115,C02,1,32.6,2,2,2,Not Completed
L05116,C10,9,71.7,4,2,1,Completed
L05117,C07,5,47.8,2,3,1,Not Completed
L05118,C08,4,76.1,1,8,3,Completed
L05119,C01,2,37.9,1,2,1,Not Completed
L05120,C05,3,42.8,0,3,1,Not Completed
L05121,C07,7,74.5,5,2,0,Completed
L05122,C04,10,53.7,2,5,0,Not Completed
L05123,C05,2,40.4,5,1,3,Completed
L05124,C06,4,66.0,4,2,2,Completed
L05125,C06,1,52.6,5,2,2,Completed
L05126,C01,9,71.2,3,8,1,Completed
L05127,C05,8,32.0,2,2,0,Not Completed
L05128,C03,7,37.7,5,3,0,Not Completed
L05129,C10,4,48.5,1,5,3,Not Completed
L05130,C10,2,46.7,1,4,4,Not Completed
L05131,C03,6,66.9,3,3,3,Completed
L05132,C02,8,55.2,3,0,4,Not Completed
L05133,C03,5,53.9,2,2,2,Completed
L05134,C05,4,75.1,3,5,5,Completed
L05135,C09,4,55.4,3,0,2,Completed
L05136,C05,6,89.3,7,2,5,Completed
L05137,C01,4,56.5,6,2,5,Completed
L05138,C01,5,65.1,4,3,2,Not Completed
L05139,C03,7,95.7,9,7,5,Completed
L05140,C09,7,96.5,3,4,6,Completed
L05141,C07,3,0.0,1,2,0,Not Completed
L05142,C06,6,62.4,2,3,1,Completed
L05143,C04,4,79.7,8,6,4,Completed
L05144,C10,1,8.7,1,0,1,Not Completed
L05145,C04,1,22.7,1,1,0,Not Completed
L05146,C09,3,26.2,3,0,3,Not Completed
L05147,C09,1,25.2,2,1,1,Not Completed
L05148,C05,10,65.8,2,2,4,Completed
L05149,C09,4,63.7,4,3,4,Completed
L05150,C03,4,86.0,3,3,6,Completed
L05151,C07,9,45.9,4,1,3,Completed
L05152,C01,3,19.2,1,0,1,Not Completed
L05153,C05,5,60.8,3,6,3,Completed
L05154,C03,5,53.4,4,6,1,Completed
L05155,C01,3,61.7,4,6,6,Completed
L05156,C01,14,82.4,8,3,1,Completed
L05157,C04,5,29.3,5,2,2,Completed
L05158,C06,3,42.7,2,1,1,Not Completed
L05159,C05,2,51.4,3,4,4,Completed
L05160,C04,6,63.8,4,1,1,Completed
L05161,C10,8,68.8,3,1,6,Completed
L05162,C10,4,43.7,1,1,3,Completed
L05163,C02,1,37.7,1,0,0,Not Completed
L05164,C05,3,68.7,5,2,0,Not Completed
L05165,C07,3,52.2,1,2,0,Not Completed
L05166,C08,3,44.1,1,0,6,Not Completed
L05167,C04,8,71.3,2,3,0,Completed
L05168,C08,6,65.9,2,2,2,Completed
L05169,C02,4,60.9,4,2,2,Completed
L05170,C04,6,65.4,3,4,2,Completed
L05171,C08,6,56.0,4,7,4,Not Completed
L05172,C07,5,34.8,2,1,2,Completed
L05173,C09,6,64.9,6,3,5,Completed
L05174,C01,5,33.7,6,2,2,Not Completed
L05175,C02,3,65.9,8,3,4,Not Completed
L05176,C01,8,92.9,5,6,5,Completed
L05177,C02,8,43.3,0,6,1,Not Completed
L05178,C01,7,80.9,1,3,1,Not Completed
L05179,C05,11,59.7,1,0,3,Completed
L05180,C06,13,67.8,2,2,3,Completed
L05181,C07,3,32.8,3,1,3,Not Completed
L05182,C04,2,19.4,1,0,1,Not Completed
L05183,C01,2,0.0,4,0,0,Completed
L05184,C07,7,76.5,1,2,1,Not Completed
L05185,C01,6,68.2,5,1,1,Completed
L05186,C09,2,31.9,0,1,0,Completed
L05187,C01,3,66.9,5,7,3,Not Completed
L05188,C06,8,79.7,6,5,3,Completed
L05189,C09,4,96.0,2,4,2,Completed
L05190,C06,5,40.1,3,1,1,Not Completed
L05191,C07,1,27.5,0,1,1,Not Completed
L05192,C07,5,54.6,1,4,1,Completed
L05193,C02,6,72.7,1,3,2,Completed
L05194,C07,9,80.5,5,6,4,Completed
L05195,C09,3,58.4,2,3,1,Not Completed
L05196,C10,6,46.3,6,4,3,Completed
L05197,C05,6,34.9,2,4,1,Completed
L05198,C04,8,55.1,5,4,6,Completed
L05199,C08,5,58.8,5,0,1,Completed
L05200,C06,3,56.8,4,0,3,Completed
L05201,C03,2,50.4,4,1,4,Completed
L05202,C02,5,37.9,1,1,0,Not Completed
L05203,C02,6,89.1,3,4,4,Not Completed
L05204,C05,7,50.3,4,1,1,Completed
L05205,C02,2,92.6,3,1,5,Completed
L05206,C01,9,67.1,2,2,7,Completed
L05207,C01,2,11.3,1,0,2,Not Completed
L05208,C10,8,78.6,4,6,6,Completed
L05209,C01,3,69.4,0,2,1,Not Completed
L05210,C01,7,81.0,7,5,5,Completed
L05211,C05,3,46.0,1,5,4,Completed
L05212,C03,9,85.4,4,2,3,Completed
L05213,C10,10,72.6,4,3,3,Completed
L05214,C10,3,49.1,4,1,4,Not Completed
L05215,C05,8,80.1,8,3,2,Completed
L05216,C05,4,100.0,3,6,4,Completed
L05217,C04,6,44.2,2,5,2,Not Completed
L05218,C01,7,50.7,7,1,3,Completed
L05219,C03,4,19.8,1,0,2,Not Completed
L05220,C02,7,45.1,3,3,2,Completed
L05221,C02,5,41.8,3,5,0,Not Completed
L05222,C06,8,68.1,6,3,4,Completed
L05223,C01,4,49.5,3,2,2,Not Completed
L05224,C02,5,46.4,5,1,1,Completed
L05225,C05,9,56.3,9,3,1,Completed
L05226,C05,5,91.7,5,4,5,Completed
L05227,C02,4,23.3,1,1,2,Not Completed
L05228,C01,6,70.3,3,0,0,Completed
L05229,C02,5,61.1,3,3,6,Completed
L05230,C03,3,76.5,2,1,6,Completed
L05231,C08,9,51.7,3,3,0,Completed
L05232,C10,10,66.9,1,2,5,Completed
L05233,C05,11,60.3,2,2,3,Completed
L05234,C05,5,44.5,1,0,1,Completed
L05235,C08,2,51.9,1,1,1,Not Completed
L05236,C07,1,14.1,2,0,0,Not Completed
L05237,C02,6,57.6,1,7,3,Completed
L05238,C02,5,46.9,4,2,3,Completed
L05239,C05,1,32.1,2,2,0,Not Completed
L05240,C06,7,69.1,4,7,2,Completed
L05241,C02,3,21.3,1,2,0,Not Completed
L05242,C03,2,28.9,2,0,4,Not Completed
L05243,C04,4,10.4,1,0,1,Not Completed
L05244,C03,5,62.3,2,3,2,Not Completed
L05245,C05,4,83.0,5,1,5,Completed
L05246,C07,5,79.3,3,2,6,Completed
L05247,C05,2,44.7,3,0,2,Not Completed
L05248,C02,6,76.4,1,6,2,Completed
L05249,C02,3,40.2,1,2,3,Completed
L05250,C09,3,17.2,5,3,0,Not Completed
L05251,C05,4,59.8,3,5,2,Not Completed
L05252,C01,9,74.6,3,3,2,Completed
L05253,C03,3,35.2,5,1,0,Not Completed
L05254,C08,3,44.3,3,1,2,Completed
L05255,C08,7,40.5,5,2,3,Not Completed
L05256,C09,4,47.7,5,0,2,Completed
L05257,C07,8,82.0,2,3,4,Completed
L05258,C05,5,56.1,2,0,4,Not Completed
L05259,C05,9,68.9,9,0,4,Completed
L05260,C02,5,70.6,3,3,1,Completed
L05261,C07,6,62.6,7,2,4,Not Completed
L05262,C06,9,68.5,7,0,6,Completed
L05263,C02,2,28.9,4,3,0,Completed
L05264,C09,1,39.5,0,1,1,Not Completed
L05265,C04,9,30.0,2,1,2,Completed
L05266,C01,7,70.4,6,5,4,Completed
L05267,C04,8,78.3,4,3,3,Completed
L05268,C09,2,74.9,3,3,1,Completed
L05269,C10,3,10.7,2,0,0,Not Completed
L05270,C05,3,57.4,2,6,1,Completed
L05271,C10,5,59.2,1,4,4,Completed
L05272,C09,2,58.4,0,1,0,Not Completed
L05273,C09,6,76.9,1,3,0,Completed
L05274,C09,5,41.0,2,1,2,Completed
L05275,C04,2,38.6,1,0,2,Not Completed
L05276,C08,8,76.7,4,7,0,Completed
L05277,C06,5,56.2,1,1,2,Completed
L05278,C08,6,73.8,7,1,2,Completed
L05279,C02,4,21.3,1,0,1,Completed
L05280,C08,2,48.7,2,3,0,Completed
L05281,C10,5,48.8,4,3,1,Completed
L05282,C04,4,52.5,4,6,3,Completed
L05283,C10,1,36.5,4,2,2,Not Completed
L05284,C04,5,48.0,4,3,3,Not Completed
L05285,C02,4,61.8,2,3,2,Completed
L05286,C02,0,33.2,0,3,3,Not Completed
L05287,C08,7,32.4,2,2,1,Completed
L05288,C06,4,35.2,3,2,1,Not Completed
L05289,C04,7,36.6,1,3,3,Not Completed
L05290,C07,4,67.8,7,3,1,Completed
L05291,C04,6,59.9,2,5,2,Not Completed
L05292,C05,4,57.0,4,3,4,Completed
L05293,C09,11,62.6,4,2,5,Completed
L05294,C07,6,81.1,6,3,5,Completed
L05295,C08,8,63.2,4,5,3,Completed
L05296,C06,7,57.0,2,2,3,Completed
L05297,C10,4,76.0,7,6,3,Not Completed
L05298,C03,9,37.9,3,2,4,Not Completed
L05299,C03,7,76.3,2,2,4,Completed
L05300,C01,2,26.2,0,1,0,Not Completed
L05301,C06,3,55.6,1,0,3,Completed
L05302,C07,7,43.0,2,2,1,Not Completed
L05303,C08,5,83.6,5,3,3,Completed
L05304,C04,3,53.2,1,2,2,Completed
L05305,C01,9,82.2,1,3,0,Completed
L05306,C07,11,63.5,4,3,2,Completed
L05307,C10,1,18.9,1,2,1,Not Completed
L05308,C03,8,58.7,3,4,0,Completed
L05309,C02,10,26.0,2,4,2,Completed
L05310,C03,12,75.1,6,0,3,Completed
L05311,C05,6,66.5,1,1,4,Not Completed
L05312,C03,5,62.2,2,1,4,Completed
L05313,C04,3,18.6,1,0,0,Not Completed
L05314,C07,8,70.0,2,3,3,Completed
L05315,C04,6,46.7,2,0,2,Completed
L05316,C04,3,59.2,4,4,3,Not Completed
L05317,C01,6,58.6,4,2,3,Completed
L05318,C10,5,54.8,1,0,1,Completed
L05319,C05,7,91.6,4,8,3,Completed
L05320,C04,2,64.5,6,5,4,Completed
L05321,C01,7,75.4,1,3,2,Completed
L05322,C07,3,29.9,5,1,2,Not Completed
L05323,C09,5,53.3,4,1,2,Completed
L05324,C01,3,30.4,1,0,1,Not Completed
L05325,C02,2,16.1,0,2,0,Not Completed
L05326,C02,7,62.3,5,2,2,Completed
L05327,C07,2,54.6,6,1,5,Not Completed
L05328,C10,3,64.8,3,3,2,Completed
L05329,C05,4,36.0,2,4,2,Completed
L05330,C04,1,36.5,2,0,0,Not Completed
L05331,C08,9,71.3,4,3,7,Completed
L05332,C08,3,43.9,3,2,1,Not Completed
L05333,C03,7,85.5,6,4,3,Completed
L05334,C02,8,99.1,9,7,4,Completed
L05335,C04,7,60.6,8,4,2,Completed
L05336,C08,4,72.7,1,6,3,Completed
L05337,C07,11,93.1,3,3,4,Completed
L05338,C07,5,76.0,6,5,7,Completed
L05339,C09,9,84.7,8,4,3,Completed
L05340,C03,6,79.7,3,4,6,Completed
L05341,C04,6,80.5,5,2,4,Completed
L05342,C01,2,47.5,4,1,3,Not Completed
L05343,C09,2,27.3,0,1,0,Not Completed
L05344,C06,2,43.2,2,2,2,Not Completed
L05345,C03,12,71.9,5,3,2,Completed
L05346,C01,5,38.3,4,3,1,Completed
L05347,C08,6,92.0,2,2,4,Completed
L05348,C08,3,21.6,1,2,0,Not Completed
L05349,C07,5,70.0,2,3,5,Completed
L05350,C02,4,39.2,7,1,2,Completed
L05351,C10,4,55.4,9,3,3,Completed
L05352,C08,4,36.8,2,2,2,Not Completed
L05353,C07,3,18.1,2,2,0,Not Completed
L05354,C07,6,45.5,1,0,4,Not Completed
L05355,C10,4,42.0,2,2,1,Not Completed
L05356,C10,4,29.8,2,0,1,Not Completed
L05357,C06,4,49.3,2,0,1,Not Completed
L05358,C05,4,68.1,3,4,1,Completed
L05359,C04,7,72.8,2,1,1,Completed
L05360,C09,3,42.0,3,2,1,Not Completed
L05361,C07,5,36.3,1,0,2,Completed
L05362,C01,3,39.7,2,3,1,Completed
L05363,C02,0,20.7,5,0,1,Completed
L05364,C10,3,36.4,1,1,0,Not Completed
L05365,C09,11,74.7,7,3,5,Completed
L05366,C10,3,67.3,2,1,4,Completed
L05367,C05,3,44.2,6,1,3,Not Completed
L05368,C08,3,64.5,6,2,3,Not Completed
L05369,C09,2,64.1,5,4,5,Completed
L05370,C04,2,32.1,2,0,1,Not Completed
L05371,C02,9,62.8,3,3,0,Completed
L05372,C10,3,27.7,2,0,2,Not Completed
L05373,C01,4,27.2,0,1,1,Not Completed
L05374,C06,2,24.2,0,1,1,Not Completed
L05375,C07,8,67.4,4,0,1,Completed
L05376,C07,6,59.1,6,3,2,Completed
L05377,C03,6,26.6,0,4,2,Not Completed
L05378,C08,10,79.9,2,1,4,Completed
L05379,C03,3,45.5,1,1,0,Completed
L05380,C09,10,52.9,3,3,5,Not Completed
L05381,C03,6,74.1,3,1,0,Completed
L05382,C07,3,78.6,3,3,1,Completed
L05383,C08,5,13.4,5,4,4,Completed
L05384,C02,5,75.8,6,1,3,Not Completed
L05385,C03,4,23.2,0,1,2,Not Completed
L05386,C08,5,15.2,5,3,1,Completed
L05387,C01,9,32.8,1,4,0,Completed
L05388,C02,7,66.6,4,2,4,Completed
L05389,C05,13,81.4,3,1,1,Not Completed
L05390,C10,4,75.5,6,1,6,Completed
L05391,C06,0,80.6,5,3,2,Completed
L05392,C04,5,81.2,5,4,1,Completed
L05393,C10,5,61.9,5,3,3,Completed
L05394,C05,3,35.4,1,2,1,Not Completed
L05395,C05,9,45.8,2,2,3,Not Completed
L05396,C05,2,18.7,0,2,0,Not Completed
L05397,C04,2,67.0,0,1,2,Not Completed
L05398,C04,7,49.1,3,1,2,Not Completed
L05399,C07,3,42.9,4,0,1,Completed
L05400,C01,6,86.7,6,0,3,Completed
L05401,C07,5,45.9,1,3,2,Not Completed
L05402,C02,11,73.1,3,2,4,Completed
L05403,C04,3,61.5,4,6,1,Completed
L05404,C02,4,27.1,4,2,2,Not Completed
L05405,C06,6,93.9,5,8,7,Completed
L05406,C08,2,41.5,2,1,1,Not Completed
L05407,C04,2,23.9,1,3,1,Completed
L05408,C02,4,72.4,3,5,2,Completed
L05409,C03,10,77.9,5,2,2,Completed
L05410,C09,7,65.1,3,3,7,Completed
L05411,C03,11,84.0,3,6,10,Completed
L05412,C08,2,54.2,4,1,4,Not Completed
L05413,C04,9,85.8,3,4,0,Completed
L05414,C02,11,38.0,4,2,3,Completed
L05415,C08,7,62.4,1,7,4,Completed
L05416,C05,3,79.9,6,4,5,Completed
L05417,C01,1,47.0,2,2,0,Not Completed
L05418,C10,9,78.3,4,6,1,Completed
L05419,C02,7,56.3,2,4,3,Completed
L05420,C04,7,78.3,6,5,0,Completed
L05421,C04,0,22.1,2,1,0,Not Completed
L05422,C05,6,63.5,5,4,4,Completed
L05423,C08,7,22.4,1,2,6,Completed
L05424,C01,9,58.7,5,3,2,Completed
L05425,C10,6,53.8,4,1,2,Completed
L05426,C07,10,68.4,3,2,1,Not Completed
L05427,C10,4,65.2,4,3,6,Completed
L05428,C09,3,67.2,7,1,2,Completed
L05429,C10,6,79.6,4,4,1,Completed
L05430,C07,5,48.6,3,3,3,Completed
L05431,C04,7,62.1,3,6,2,Not Completed
L05432,C05,4,16.0,1,1,0,Not Completed
L05433,C07,4,58.8,4,3,3,Completed
L05434,C05,4,33.7,3,5,3,Not Completed
L05435,C08,1,35.2,5,3,0,Not Completed
L05436,C01,7,41.4,1,4,3,Completed
L05437,C09,4,65.1,6,2,3,Completed
L05438,C02,2,22.6,2,1,0,Not Completed
L05439,C10,0,39.7,3,0,3,Not Completed
L05440,C02,3,62.1,3,2,0,Completed
L05441,C02,2,44.2,1,3,1,Not Completed
L05442,C09,9,100.0,7,6,1,Completed
L05443,C09,4,61.5,4,3,0,Completed
L05444,C08,5,32.5,7,6,1,Not Completed
L05445,C10,3,50.0,3,4,3,Completed
L05446,C03,1,37.8,1,1,0,Not Completed
L05447,C09,1,17.3,0,0,0,Not Completed
L05448,C04,4,40.3,3,0,1,Not Completed
L05449,C06,1,44.1,0,1,2,Not Completed
L05450,C05,7,57.6,5,1,5,Completed
L05451,C01,7,87.9,3,3,2,Completed
L05452,C06,3,85.5,7,5,3,Completed
L05453,C08,4,28.4,1,0,3,Completed
L05454,C02,2,21.0,0,0,1,Not Completed
L05455,C10,5,69.2,4,2,4,Completed
L05456,C06,10,51.2,7,4,2,Completed
L05457,C02,10,70.1,4,6,4,Completed
L05458,C07,11,100.0,4,8,2,Completed
L05459,C02,5,70.2,2,1,0,Not Completed
L05460,C01,4,33.3,3,1,0,Completed
L05461,C07,3,36.3,3,1,2,Not Completed
L05462,C02,6,57.8,0,3,4,Completed
L05463,C02,4,49.4,8,4,3,Completed
L05464,C08,7,51.2,6,1,0,Completed
L05465,C01,0,29.4,0,4,2,Not Completed
L05466,C08,2,36.1,5,3,2,Not Completed
L05467,C08,5,100.0,3,3,6,Completed
L05468,C02,12,92.3,6,4,0,Completed
L05469,C05,12,54.7,2,1,2,Completed
L05470,C01,11,61.7,4,2,3,Not Completed
L05471,C07,4,30.0,2,1,1,Not Completed
L05472,C01,12,76.0,5,3,3,Completed
L05473,C10,5,78.9,5,3,2,Completed
L05474,C02,3,61.9,2,1,3,Completed
L05475,C07,8,58.7,4,2,2,Completed
L05476,C02,3,43.4,2,3,0,Not Completed
L05477,C02,6,61.4,10,1,5,Not Completed
L05478,C05,6,28.1,0,2,2,Completed
L05479,C06,7,74.4,4,3,5,Completed
L05480,C10,4,91.5,8,3,5,Completed
L05481,C01,5,50.9,5,1,3,Completed
L05482,C01,9,68.3,1,1,3,Completed
L05483,C04,5,47.9,2,2,0,Not Completed
L05484,C04,5,62.4,8,1,3,Completed
L05485,C09,5,78.3,4,4,1,Completed
L05486,C10,6,77.9,5,1,2,Completed
L05487,C09,9,66.0,4,3,1,Completed
L05488,C02,4,58.9,1,3,7,Not Completed
L05489,C05,6,93.2,6,1,5,Completed
L05490,C08,8,92.8,8,3,6,Completed
L05491,C04,3,94.6,5,6,2,Completed
L05492,C07,4,47.5,5,2,1,Completed
L05493,C03,5,57.2,3,1,0,Completed
L05494,C04,5,76.6,2,3,2,Completed
L05495,C09,5,51.2,3,0,2,Completed
L05496,C03,3,28.3,2,1,0,Not Completed
L05497,C10,5,39.6,1,1,4,Not Completed
L05498,C04,6,54.1,2,1,2,Completed
L05499,C01,3,21.1,2,1,0,Not Completed
L05500,C03,6,55.9,2,1,3,Completed
L05501,C02,3,26.6,0,1,0,Completed
L05502,C05,4,50.8,2,3,1,Completed
L05503,C02,6,58.1,2,0,0,Completed
L05504,C07,4,47.7,2,4,3,Completed
L05505,C09,7,60.3,2,3,2,Not Completed
L05506,C04,9,80.6,4,3,6,Completed
L05507,C02,4,70.4,3,2,2,Completed
L05508,C05,6,48.2,2,1,1,Completed
L05509,C08,10,71.4,5,4,1,Completed
L05510,C06,6,55.6,3,3,2,Completed
L05511,C02,5,47.3,2,3,3,Completed
L05512,C06,2,58.1,4,2,4,Completed
L05513,C05,5,59.1,3,0,2,Not Completed
L05514,C04,4,64.2,5,4,3,Completed
L05515,C02,2,22.6,2,3,0,Not Completed
L05516,C10,4,58.5,3,3,5,Completed
L05517,C02,3,23.1,1,0,1,Completed
L05518,C02,4,38.3,0,4,2,Not Completed
L05519,C02,2,61.4,3,3,2,Not Completed
L05520,C06,5,76.8,7,5,2,Completed
L05521,C05,1,51.1,0,1,1,Not Completed
L05522,C03,6,34.8,1,2,3,Completed
L05523,C05,6,45.9,6,2,7,Completed
L05524,C07,8,25.2,1,0,0,Completed
L05525,C03,3,24.4,0,0,1,Not Completed
L05526,C10,5,34.3,1,0,1,Not Completed
L05527,C04,4,59.3,2,4,2,Completed
L05528,C02,3,67.5,5,1,3,Completed
L05529,C10,4,59.0,3,4,3,Completed
L05530,C09,2,23.3,0,2,1,Completed
L05531,C04,4,25.7,1,0,0,Not Completed
L05532,C09,11,83.0,7,4,3,Completed
L05533,C05,2,38.5,2,1,3,Not Completed
L05534,C04,5,14.6,1,0,0,Not Completed
L05535,C09,2,38.7,3,1,2,Not Completed
L05536,C08,9,73.5,2,2,3,Completed
L05537,C03,5,88.0,6,3,3,Completed
L05538,C07,7,61.7,5,2,2,Completed
L05539,C04,5,34.6,2,5,3,Completed
L05540,C01,10,57.9,1,8,0,Completed
L05541,C10,3,34.5,0,3,4,Not Completed
L05542,C06,2,25.7,1,0,1,Not Completed
L05543,C06,5,52.8,1,3,1,Completed
L05544,C06,6,54.3,5,5,2,Not Completed
L05545,C06,3,56.9,1,4,5,Completed
L05546,C03,1,26.2,4,0,2,Not Completed
L05547,C10,7,83.2,7,2,2,Completed
L05548,C07,5,78.0,5,1,5,Not Completed
L05549,C07,6,74.3,3,4,5,Completed
L05550,C05,5,34.1,2,0,2,Completed
L05551,C03,6,72.7,7,2,2,Completed
L05552,C01,5,87.4,5,4,4,Completed
L05553,C04,5,37.4,3,1,1,Completed
L05554,C02,7,95.2,9,5,2,Completed
L05555,C07,5,33.8,1,1,2,Not Completed
L05556,C09,3,36.8,4,3,1,Completed
L05557,C04,3,36.6,3,2,1,Not Completed
L05558,C04,6,5.1,2,1,0,Not Completed
L05559,C07,3,77.1,4,6,4,Completed
L05560,C02,3,38.8,3,0,1,Completed
L05561,C10,7,34.3,1,4,3,Completed
L05562,C04,0,36.2,0,2,1,Not Completed
L05563,C02,10,83.5,7,3,4,Completed
L05564,C02,4,73.3,5,4,5,Completed
L05565,C10,4,47.0,2,1,2,Not Completed
L05566,C03,2,14.3,1,1,0,Not Completed
L05567,C07,2,66.4,5,2,5,Completed
L05568,C02,10,71.4,5,5,7,Completed
L05569,C02,4,30.8,1,1,3,Completed
L05570,C09,8,69.2,5,3,9,Completed
L05571,C02,2,41.3,2,3,4,Not Completed
L05572,C01,4,83.2,5,5,7,Completed
L05573,C05,7,72.0,7,2,1,Completed
L05574,C09,4,46.2,4,1,1,Not Completed
L05575,C04,5,100.0,4,2,7,Completed
L05576,C02,3,8.0,0,2,1,Completed
L05577,C10,7,80.4,2,2,3,Completed
L05578,C07,6,58.3,3,2,1,Not Completed
L05579,C09,8,72.9,3,1,4,Completed
L05580,C08,9,53.1,3,1,3,Completed
L05581,C07,7,59.9,5,4,2,Completed
L05582,C04,0,48.4,2,2,2,Completed
L05583,C04,4,69.0,5,1,1,Not Completed
L05584,C08,4,66.9,1,3,2,Completed
L05585,C08,0,27.6,1,2,0,Not Completed
L05586,C10,7,74.8,6,1,4,Completed
L05587,C06,10,86.3,3,7,0,Completed
L05588,C03,6,65.7,3,2,4,Completed
L05589,C05,4,28.4,2,0,3,Completed
L05590,C07,9,34.4,4,3,3,Completed
L05591,C05,4,36.6,1,2,2,Not Completed
L05592,C08,1,35.0,1,0,0,Completed
L05593,C06,4,49.5,2,6,5,Completed
L05594,C01,6,52.3,3,1,1,Completed
L05595,C06,6,88.4,2,5,3,Completed
L05596,C07,9,58.6,6,2,7,Completed
L05597,C10,3,31.4,0,0,0,Not Completed
L05598,C05,9,80.1,8,4,7,Completed
L05599,C06,8,52.3,3,4,4,Completed
L05600,C05,6,58.3,1,3,1,Completed
L05601,C06,3,93.5,3,4,2,Completed
L05602,C01,4,29.4,5,1,0,Completed
L05603,C09,1,22.8,1,0,0,Not Completed
L05604,C10,1,63.2,2,4,1,Completed
L05605,C06,4,20.4,3,2,2,Not Completed
L05606,C06,8,59.3,3,2,2,Completed
L05607,C01,6,36.7,2,0,0,Not Completed
L05608,C06,8,59.1,7,2,8,Completed
L05609,C05,10,85.4,5,4,4,Completed
L05610,C08,7,68.2,4,3,1,Completed
L05611,C01,6,34.6,3,0,1,Not Completed
L05612,C08,3,30.2,1,5,1,Completed
L05613,C03,5,34.5,0,3,1,Not Completed
L05614,C07,12,67.2,7,7,6,Completed
L05615,C07,7,64.0,2,4,3,Completed
L05616,C03,10,87.8,0,1,4,Completed
L05617,C05,9,86.6,2,8,2,Completed
L05618,C09,5,46.4,2,2,3,Completed
L05619,C07,1,56.5,0,1,1,Not Completed
L05620,C01,3,76.0,4,6,3,Completed
L05621,C05,3,47.9,3,2,1,Not Completed
L05622,C04,6,35.0,4,0,0,Not Completed
L05623,C07,3,29.5,2,2,3,Not Completed
L05624,C07,5,60.5,4,4,4,Completed
L05625,C01,6,93.8,6,4,3,Completed
L05626,C07,5,16.9,1,0,0,Not Completed
L05627,C08,7,73.0,8,4,2,Completed
L05628,C08,6,71.6,3,5,3,Completed
L05629,C01,6,52.2,2,3,1,Completed
L05630,C04,2,67.9,4,3,4,Not Completed
L05631,C05,5,45.3,1,2,3,Not Completed
L05632,C02,4,30.3,2,3,0,Not Completed
L05633,C05,3,54.6,1,2,1,Not Completed
L05634,C01,7,61.1,3,1,1,Not Completed
L05635,C02,3,48.9,3,2,0,Completed
L05636,C07,5,33.8,5,0,0,Not Completed
L05637,C03,5,68.3,6,5,4,Completed
L05638,C08,7,72.3,4,3,4,Completed
L05639,C01,12,51.8,7,3,3,Completed
L05640,C06,6,67.3,4,2,1,Completed
L05641,C04,2,25.9,4,0,2,Not Completed
L05642,C08,0,33.7,2,2,3,Not Completed
L05643,C08,3,21.9,0,0,2,Not Completed
L05644,C04,5,60.8,3,2,2,Completed
L05645,C07,3,28.7,1,2,4,Completed
L05646,C03,4,53.5,3,4,3,Completed
L05647,C06,5,42.0,2,3,1,Not Completed
L05648,C01,7,75.1,1,3,4,Completed
L05649,C05,6,30.9,2,1,1,Not Completed
L05650,C02,8,51.3,4,1,1,Completed
L05651,C09,9,38.0,3,3,2,Completed
L05652,C05,8,60.4,1,2,1,Completed
L05653,C06,4,48.4,3,2,5,Completed
L05654,C04,8,98.2,6,4,2,Completed
L05655,C03,9,81.4,7,1,3,Completed
L05656,C02,4,84.6,7,1,8,Completed
L05657,C10,6,57.7,3,2,3,Completed
L05658,C08,6,70.8,2,3,0,Completed
L05659,C02,3,32.3,5,0,1,Not Completed
L05660,C08,7,70.6,2,1,4,Not Completed
L05661,C05,2,58.2,4,3,1,Not Completed
L05662,C01,12,56.1,3,0,9,Completed
L05663,C06,3,66.6,1,2,3,Completed
L05664,C02,7,47.7,7,3,3,Completed
L05665,C02,5,41.7,2,1,2,Completed
L05666,C07,5,40.5,3,1,2,Completed
L05667,C03,4,37.2,1,2,2,Completed
L05668,C09,5,50.5,2,1,3,Not Completed
L05669,C07,7,39.2,2,3,3,Completed
L05670,C09,13,85.0,2,2,3,Completed
L05671,C07,3,54.2,0,0,1,Not Completed
L05672,C09,6,100.0,4,5,4,Not Completed
L05673,C04,6,91.6,6,2,4,Completed
L05674,C06,7,56.9,5,2,2,Not Completed
L05675,C05,8,61.6,2,4,2,Not Completed
L05676,C10,13,100.0,4,1,2,Completed
L05677,C02,9,56.1,5,3,2,Completed
L05678,C06,3,69.8,4,5,3,Completed
L05679,C08,3,39.1,1,1,2,Not Completed
L05680,C04,5,65.7,4,4,5,Completed
L05681,C09,4,47.9,2,2,1,Not Completed
L05682,C04,5,33.0,1,0,3,Not Completed
L05683,C02,9,90.2,6,2,7,Completed
L05684,C06,6,98.5,5,6,2,Completed
L05685,C05,8,59.5,0,1,4,Completed
L05686,C01,1,45.4,2,2,1,Not Completed
L05687,C01,5,73.1,0,2,3,Completed
L05688,C02,5,96.0,3,3,3,Completed
L05689,C08,5,43.1,0,2,1,Completed
L05690,C09,8,57.9,6,2,1,Completed
L05691,C06,13,68.1,4,6,2,Completed
L05692,C02,7,49.7,0,2,3,Not Completed
L05693,C06,5,51.1,5,4,1,Completed
L05694,C09,3,39.1,2,1,2,Completed
L05695,C08,6,79.8,1,2,1,Not Completed
L05696,C03,5,59.1,4,0,0,Not Completed
L05697,C02,4,49.2,2,4,2,Completed
L05698,C10,7,40.4,3,2,2,Completed
L05699,C09,7,40.9,2,2,3,Completed
L05700,C01,5,77.1,3,0,5,Not Completed
L05701,C09,6,62.2,4,5,4,Completed
L05702,C01,3,15.8,0,5,1,Not Completed
L05703,C01,2,90.5,2,8,2,Not Completed
L05704,C08,4,9.6,1,3,1,Not Completed
L05705,C06,0,72.3,5,2,0,Not Completed
L05706,C05,7,52.6,2,2,2,Not Completed
L05707,C10,5,21.1,0,0,3,Completed
L05708,C09,5,43.4,3,2,2,Not Completed
L05709,C01,6,62.6,2,3,2,Completed
L05710,C07,1,39.3,2,0,2,Not Completed
L05711,C08,6,78.4,6,8,5,Completed
L05712,C06,4,40.7,1,1,1,Not Completed
L05713,C10,4,37.3,1,3,4,Completed
L05714,C07,8,62.7,2,2,1,Completed
L05715,C02,6,24.4,0,0,1,Completed
L05716,C02,8,79.6,8,4,6,Completed
L05717,C09,1,70.2,4,0,3,Completed
L05718,C10,6,74.2,4,6,1,Completed
L05719,C01,0,17.7,1,2,1,Not Completed
L05720,C02,7,28.7,4,0,3,Not Completed
L05721,C08,6,100.0,3,3,5,Completed
L05722,C01,6,27.8,1,0,3,Not Completed
L05723,C01,4,54.7,6,1,1,Not Completed
L05724,C09,5,34.0,1,4,1,Completed
L05725,C08,2,93.1,1,5,5,Completed
L05726,C09,10,80.9,8,1,4,Completed
L05727,C07,7,60.7,3,1,2,Not Completed
L05728,C04,2,87.2,1,2,2,Not Completed
L05729,C10,9,85.2,2,3,0,Completed
L05730,C03,2,27.3,0,0,2,Completed
L05731,C03,5,73.9,4,4,1,Completed
L05732,C09,4,48.1,3,2,4,Completed
L05733,C07,5,22.9,2,1,3,Not Completed
L05734,C09,5,80.1,3,2,3,Completed
L05735,C02,3,55.3,3,3,3,Completed
L05736,C10,6,53.1,5,3,2,Completed
L05737,C07,2,0.0,0,0,1,Not Completed
L05738,C07,4,52.8,3,1,6,Not Completed
L05739,C10,5,80.2,4,8,6,Completed
L05740,C04,7,52.6,3,2,5,Not Completed
L05741,C08,4,59.4,3,4,2,Completed
L05742,C07,6,10.0,3,2,3,Not Completed
L05743,C08,6,57.4,3,3,1,Completed
L05744,C09,1,17.8,1,1,1,Not Completed
L05745,C07,1,78.9,4,1,6,Completed
L05746,C01,7,59.7,3,2,1,Completed
L05747,C02,3,53.4,0,1,0,Not Completed
L05748,C10,10,100.0,1,5,4,Not Completed
L05749,C10,7,57.9,3,2,6,Completed
L05750,C10,5,79.6,5,6,6,Completed
L05751,C01,5,58.7,2,4,3,Completed
L05752,C04,2,35.0,2,2,0,Not Completed
L05753,C08,6,78.2,6,5,4,Completed
L05754,C08,2,52.8,4,0,3,Completed
L05755,C01,4,53.5,1,3,2,Not Completed
L05756,C07,8,55.5,8,1,3,Completed
L05757,C02,5,48.4,2,0,1,Completed
L05758,C05,6,34.3,3,2,4,Completed
L05759,C03,14,76.6,2,2,5,Completed
L05760,C01,4,41.3,2,1,2,Not Completed
L05761,C01,2,13.8,2,1,2,Not Completed
L05762,C10,5,66.6,2,5,3,Completed
L05763,C08,5,77.6,5,3,3,Completed
L05764,C10,7,60.6,3,0,1,Completed
L05765,C05,9,96.8,3,2,5,Completed
L05766,C05,3,47.9,2,2,6,Not Completed
L05767,C04,3,68.7,4,1,2,Not Completed
L05768,C07,2,15.4,3,0,2,Completed
L05769,C04,13,96.7,6,4,3,Completed
L05770,C08,5,88.3,5,3,5,Completed
L05771,C08,1,34.2,7,3,4,Not Completed
L05772,C09,4,62.4,3,2,5,Completed
L05773,C03,7,61.5,4,3,6,Completed
L05774,C06,6,54.5,2,5,4,Completed
L05775,C03,3,28.3,4,2,2,Not Completed
L05776,C01,15,86.3,6,1,2,Completed
L05777,C08,9,59.3,2,6,1,Completed
L05778,C06,6,53.2,2,3,2,Completed
L05779,C08,3,46.9,2,2,4,Not Completed
L05780,C01,6,83.4,6,5,4,Completed
L05781,C10,10,55.2,5,1,3,Completed
L05782,C10,8,74.9,3,4,4,Completed
L05783,C05,2,34.8,2,2,2,Completed
L05784,C09,1,17.1,1,0,3,Completed
L05785,C03,3,65.5,5,2,0,Not Completed
L05786,C08,5,74.6,4,4,6,Not Completed
L05787,C09,3,65.1,3,1,2,Completed
L05788,C09,3,36.9,0,2,1,Not Completed
L05789,C09,7,58.8,0,1,3,Completed
L05790,C05,9,81.2,3,4,3,Completed
L05791,C09,4,61.9,3,1,1,Completed
L05792,C07,10,63.1,4,3,1,Completed
L05793,C02,12,86.9,5,4,2,Completed
L05794,C02,2,22.5,0,0,0,Not Completed
L05795,C08,6,43.8,0,1,2,Not Completed
L05796,C07,8,34.1,0,1,3,Completed
L05797,C05,7,53.2,1,3,1,Completed
L05798,C10,6,46.2,5,1,0,Completed
L05799,C07,4,36.0,5,1,3,Not Completed
L05800,C04,7,80.3,8,2,1,Not Completed
L05801,C05,6,58.6,5,2,3,Not Completed
L05802,C07,6,82.7,2,7,2,Completed
L05803,C08,9,63.4,3,2,2,Completed
L05804,C06,4,58.2,1,2,3,Completed
L05805,C05,5,86.8,4,6,5,Completed
L05806,C08,6,79.5,6,3,5,Completed
L05807,C08,3,88.1,5,2,3,Completed
L05808,C09,5,100.0,3,6,4,Completed
L05809,C01,5,77.3,3,5,1,Completed
L05810,C08,6,68.4,5,6,2,Completed
L05811,C05,1,53.3,2,0,1,Completed
L05812,C01,3,12.9,4,0,3,Not Completed
L05813,C07,3,36.0,2,1,1,Completed
L05814,C08,5,90.5,2,5,4,Completed
L05815,C06,11,70.5,0,3,4,Completed
L05816,C08,4,63.5,3,3,2,Completed
L05817,C04,3,47.0,1,4,2,Completed
L05818,C02,3,20.6,1,3,2,Completed
L05819,C04,5,86.6,3,2,2,Completed
L05820,C05,7,46.2,0,1,1,Completed
L05821,C07,5,42.0,3,3,2,Not Completed
L05822,C09,6,30.1,1,2,1,Not Completed
L05823,C08,4,58.4,9,3,1,Completed
L05824,C02,1,48.0,2,3,0,Completed
L05825,C04,4,62.9,5,2,3,Completed
L05826,C02,5,65.7,1,2,0,Completed
L05827,C07,4,40.5,2,2,1,Not Completed
L05828,C03,8,63.1,5,3,1,Completed
L05829,C06,1,22.8,1,2,2,Not Completed
L05830,C08,9,88.5,6,4,3,Completed
L05831,C07,1,61.0,3,2,4,Completed
L05832,C03,3,50.9,5,1,3,Not Completed
L05833,C04,4,60.3,6,6,1,Completed
L05834,C07,2,21.0,2,4,0,Not Completed
L05835,C06,6,47.2,5,1,0,Completed
L05836,C01,4,36.1,1,1,1,Not Completed
L05837,C09,2,37.4,1,0,1,Not Completed
L05838,C05,5,36.1,4,1,1,Completed
L05839,C05,3,31.3,3,2,2,Not Completed
L05840,C02,7,56.0,4,1,3,Completed
L05841,C04,6,62.9,4,4,3,Completed
L05842,C04,5,55.6,5,0,3,Completed
L05843,C03,8,59.9,4,7,1,Completed
L05844,C06,10,57.3,4,3,3,Completed
L05845,C05,9,77.0,2,4,5,Not Completed
L05846,C09,1,23.5,1,3,1,Not Completed
L05847,C10,3,65.5,7,4,3,Not Completed
L05848,C03,4,66.2,4,4,1,Completed
L05849,C02,9,37.4,4,2,3,Completed
L05850,C08,4,58.1,7,4,1,Not Completed
L05851,C10,4,53.8,4,4,1,Completed
L05852,C09,0,9.3,2,0,2,Not Completed
L05853,C01,11,79.4,3,5,1,Completed
L05854,C03,7,63.2,2,3,1,Not Completed
L05855,C01,8,50.2,2,5,3,Completed
L05856,C09,4,60.6,1,3,3,Not Completed
L05857,C06,6,47.8,1,1,2,Not Completed
L05858,C05,8,81.7,4,7,3,Completed
L05859,C06,6,54.7,8,2,0,Not Completed
L05860,C03,7,50.0,6,3,1,Completed
L05861,C07,4,23.4,0,0,2,Not Completed
L05862,C01,3,57.7,4,1,4,Completed
L05863,C07,1,51.7,2,1,0,Not Completed
L05864,C08,3,94.1,6,5,3,Completed
L05865,C07,4,80.5,3,3,2,Not Completed
L05866,C04,6,40.4,1,2,0,Not Completed
L05867,C09,3,59.0,2,2,2,Completed
L05868,C08,4,27.0,1,0,1,Completed
L05869,C02,4,26.5,5,0,2,Completed
L05870,C02,6,80.7,5,4,2,Completed
L05871,C07,3,23.2,0,1,0,Not Completed
L05872,C03,4,48.4,3,2,4,Not Completed
L05873,C02,4,41.3,3,2,4,Not Completed
L05874,C02,7,76.0,2,3,2,Completed
L05875,C02,2,31.6,2,2,1,Completed
L05876,C05,13,91.6,4,3,4,Completed
L05877,C07,2,63.9,3,4,4,Completed
L05878,C02,1,38.5,2,1,0,Not Completed
L05879,C08,2,0.0,1,1,0,Not Completed
L05880,C03,7,74.3,5,2,1,Completed
L05881,C04,3,63.1,5,2,2,Completed
L05882,C03,3,26.7,2,0,0,Not Completed
L05883,C08,10,70.0,2,5,12,Completed
L05884,C10,4,57.4,1,2,4,Completed
L05885,C05,5,59.0,3,3,1,Completed
L05886,C01,3,20.9,0,2,2,Not Completed
L05887,C03,7,61.3,2,0,0,Not Completed
L05888,C02,7,70.1,2,3,6,Completed
L05889,C09,6,67.7,8,2,1,Completed
L05890,C01,8,71.4,2,3,1,Completed
L05891,C10,4,77.5,6,3,2,Completed
L05892,C06,3,53.8,4,2,3,Not Completed
L05893,C05,4,45.4,2,3,1,Not Completed
L05894,C09,2,33.1,0,2,3,Not Completed
L05895,C01,4,31.9,0,1,0,Not Completed
L05896,C08,7,72.2,1,6,2,Completed
L05897,C02,2,30.7,4,3,1,Not Completed
L05898,C09,3,34.6,2,2,1,Not Completed
L05899,C06,8,100.0,6,4,5,Completed
L05900,C01,5,49.6,5,2,1,Completed
L05901,C09,5,84.9,1,1,4,Not Completed
L05902,C01,8,55.1,3,3,3,Not Completed
L05903,C02,0,27.2,0,1,1,Not Completed
L05904,C08,2,14.2,2,1,2,Not Completed
L05905,C05,3,80.8,3,5,1,Completed
L05906,C09,0,42.0,2,1,1,Completed
L05907,C07,4,23.9,2,1,1,Not Completed
L05908,C07,6,47.4,1,3,6,Completed
L05909,C03,4,71.0,1,4,4,Not Completed
L05910,C02,3,49.7,4,2,4,Completed
L05911,C10,4,18.4,2,3,1,Not Completed
L05912,C02,2,42.1,2,1,1,Not Completed
L05913,C06,3,10.9,2,2,1,Completed
L05914,C03,8,97.1,6,5,6,Completed
L05915,C03,2,54.6,6,2,3,Not Completed
L05916,C06,2,18.7,1,0,1,Completed
L05917,C08,3,76.3,6,3,5,Completed
L05918,C08,0,34.0,3,2,0,Not Completed
L05919,C09,4,74.0,3,4,2,Completed
L05920,C03,4,71.1,0,2,2,Completed
L05921,C05,1,47.3,0,2,2,Not Completed
L05922,C01,3,55.3,4,4,2,Completed
L05923,C08,6,20.0,3,1,2,Not Completed
L05924,C04,11,70.1,3,4,6,Completed
L05925,C06,9,61.1,5,2,0,Completed
L05926,C02,2,30.8,2,0,2,Not Completed
L05927,C09,10,80.8,8,3,7,Completed
L05928,C09,4,56.7,1,1,3,Not Completed
L05929,C09,6,34.4,2,2,1,Not Completed
L05930,C01,7,58.1,4,1,2,Completed
L05931,C10,3,23.5,1,2,1,Not Completed
L05932,C03,2,55.8,1,0,3,Not Completed
L05933,C04,4,32.5,2,2,2,Not Completed
L05934,C03,5,62.1,1,1,3,Not Completed
L05935,C03,5,46.5,1,4,1,Not Completed
L05936,C06,8,59.5,4,2,2,Not Completed
L05937,C03,5,17.4,1,0,0,Completed
L05938,C04,2,54.2,2,4,1,Not Completed
L05939,C07,5,81.9,9,7,6,Completed
L05940,C09,5,63.9,1,3,1,Completed
L05941,C07,3,30.6,5,1,0,Completed
L05942,C06,2,23.9,3,0,0,Not Completed
L05943,C02,6,48.4,2,0,1,Not Completed
L05944,C09,3,70.8,5,4,5,Completed
L05945,C01,11,75.0,5,3,5,Completed
L05946,C03,4,95.0,1,5,4,Completed
L05947,C01,4,35.9,4,2,3,Not Completed
L05948,C07,1,31.0,2,0,2,Not Completed
L05949,C04,6,66.2,3,4,3,Not Completed
L05950,C07,1,28.4,2,0,0,Not Completed
L05951,C04,10,85.2,8,3,2,Completed
L05952,C05,7,86.3,8,3,3,Completed
L05953,C05,5,44.3,5,1,0,Not Completed
L05954,C01,3,64.4,1,1,1,Not Completed
L05955,C05,5,73.4,6,3,3,Not Completed
L05956,C07,0,61.8,1,3,4,Not Completed
L05957,C06,7,55.9,1,3,1,Not Completed
L05958,C01,4,30.9,4,0,1,Not Completed
L05959,C07,6,74.0,9,5,4,Completed
L05960,C04,5,79.7,3,5,8,Completed
L05961,C01,2,65.8,2,0,3,Not Completed
L05962,C02,2,74.9,4,5,1,Completed
L05963,C05,5,77.5,3,4,2,Completed
L05964,C04,5,54.8,3,5,6,Not Completed
L05965,C07,2,49.1,3,2,1,Completed
L05966,C03,3,17.2,2,2,1,Not Completed
L05967,C08,15,100.0,3,2,6,Completed
L05968,C03,3,34.0,3,1,3,Not Completed
L05969,C07,3,20.1,2,2,0,Not Completed
L05970,C08,1,74.6,9,5,5,Completed
L05971,C04,13,55.1,4,5,3,Completed
L05972,C01,2,35.4,3,0,2,Completed
L05973,C06,3,35.8,1,1,0,Not Completed
L05974,C10,8,79.4,10,1,4,Completed
L05975,C10,7,60.8,4,0,3,Completed
L05976,C03,5,19.1,1,1,3,Not Completed
L05977,C08,1,40.7,0,2,3,Not Completed
L05978,C04,4,50.9,3,5,4,Not Completed
L05979,C02,5,37.9,1,2,3,Completed
L05980,C07,1,48.8,2,0,0,Completed
L05981,C05,5,79.6,4,4,8,Completed
L05982,C06,4,50.9,3,3,0,Completed
L05983,C09,8,33.9,5,4,0,Completed
L05984,C04,6,55.7,2,3,1,Not Completed
L05985,C07,5,47.0,4,1,0,Not Completed
L05986,C04,7,56.1,1,2,0,Not Completed
L05987,C01,6,63.2,4,2,3,Completed
L05988,C04,5,56.6,3,4,1,Not Completed
L05989,C10,6,100.0,4,5,3,Completed
L05990,C05,7,68.8,2,4,2,Not Completed
L05991,C02,7,62.1,4,8,2,Not Completed
L05992,C07,7,72.3,2,2,1,Completed
L05993,C10,1,72.1,3,8,3,Completed
L05994,C10,6,59.7,3,2,6,Completed
L05995,C06,2,25.4,2,3,0,Not Completed
L05996,C04,15,92.6,8,2,2,Completed
L05997,C06,3,50.7,1,2,0,Not Completed
L05998,C09,2,47.4,2,2,2,Not Completed
L05999,C09,4,75.1,3,6,2,Completed
L06000,C09,8,73.5,8,1,3,Completed
L06001,C05,6,52.9,2,3,2,Completed
L06002,C02,7,60.1,3,2,0,Completed
L06003,C06,3,67.1,6,1,4,Completed
L06004,C02,4,35.9,4,2,3,Not Completed
L06005,C01,5,30.3,2,1,1,Not Completed
L06006,C05,5,59.8,5,3,3,Completed
L06007,C07,4,22.6,2,2,1,Completed
L06008,C09,5,46.6,1,2,1,Completed
L06009,C08,3,47.5,4,1,1,Not Completed
L06010,C09,1,45.8,4,4,4,Completed
L06011,C08,3,62.4,9,2,7,Completed
L06012,C08,4,78.0,3,1,2,Completed
L06013,C01,3,23.9,2,2,3,Not Completed
L06014,C07,3,44.6,1,6,3,Completed
L06015,C02,6,49.2,6,1,1,Not Completed
L06016,C01,4,15.8,1,1,0,Not Completed
L06017,C02,6,66.1,6,4,3,Completed
L06018,C09,5,67.8,5,1,4,Completed
L06019,C08,9,62.4,2,7,4,Completed
L06020,C10,6,92.8,3,2,3,Completed
L06021,C10,7,60.0,1,1,2,Completed
L06022,C09,4,37.5,5,1,0,Completed
L06023,C02,11,74.4,4,6,2,Completed
L06024,C09,3,41.3,1,0,2,Not Completed
L06025,C09,4,49.8,8,5,2,Completed
L06026,C09,2,35.2,1,2,1,Not Completed
L06027,C02,6,23.3,0,3,0,Completed
L06028,C02,7,69.2,4,3,4,Completed
L06029,C10,5,70.7,7,2,5,Completed
L06030,C02,9,48.9,0,2,3,Not Completed
L06031,C04,4,33.2,2,1,2,Completed
L06032,C05,8,79.6,5,7,5,Completed
L06033,C02,3,59.5,3,3,2,Completed
L06034,C01,0,25.9,1,3,1,Not Completed
L06035,C10,6,58.5,2,1,2,Completed
L06036,C09,1,50.7,2,1,2,Completed
L06037,C10,10,69.0,8,5,5,Completed
L06038,C03,3,23.5,3,0,0,Not Completed
L06039,C03,4,61.6,3,4,4,Not Completed
L06040,C05,5,37.9,0,4,1,Not Completed
L06041,C05,5,45.8,2,4,2,Completed
L06042,C01,6,78.5,3,2,0,Completed
L06043,C08,10,47.2,4,2,7,Completed
L06044,C10,2,60.1,3,2,5,Not Completed
L06045,C06,2,28.7,0,0,2,Not Completed
L06046,C04,8,90.1,4,4,1,Completed
L06047,C04,5,84.1,6,3,6,Not Completed
L06048,C01,7,67.3,1,3,3,Completed
L06049,C03,4,56.9,3,1,1,Not Completed
L06050,C05,7,36.6,1,1,5,Not Completed
L06051,C05,5,50.4,2,3,1,Not Completed
L06052,C06,8,52.7,4,1,0,Not Completed
L06053,C09,10,83.1,6,3,3,Completed
L06054,C03,4,48.7,3,2,3,Not Completed
L06055,C01,2,60.0,5,6,4,Completed
L06056,C01,15,79.2,4,5,0,Completed
L06057,C02,1,43.6,1,2,2,Not Completed
L06058,C06,3,17.7,0,2,0,Not Completed
L06059,C08,5,50.9,8,4,5,Completed
L06060,C09,2,42.3,2,2,3,Not Completed
L06061,C07,10,67.9,1,2,3,Completed
L06062,C05,5,50.7,3,2,2,Not Completed
L06063,C02,9,71.5,3,2,1,Completed
L06064,C05,4,57.8,6,1,4,Completed
L06065,C04,4,55.1,4,5,3,Completed
L06066,C09,11,69.9,4,3,3,Completed
L06067,C05,1,80.8,6,3,3,Completed
L06068,C03,4,37.8,1,2,2,Not Completed
L06069,C03,5,77.5,2,5,2,Completed
L06070,C02,0,26.6,0,1,1,Not Completed
L06071,C10,3,45.8,2,2,2,Completed
L06072,C01,3,66.4,4,3,4,Completed
L06073,C01,5,28.0,1,1,4,Completed
L06074,C02,9,59.4,1,2,1,Not Completed
L06075,C09,2,33.5,0,1,1,Not Completed
L06076,C06,3,25.9,4,2,1,Not Completed
L06077,C07,3,82.4,2,5,3,Completed
L06078,C04,10,79.4,10,3,4,Completed
L06079,C01,7,66.2,7,2,4,Not Completed
L06080,C09,8,69.5,1,1,0,Completed
L06081,C02,7,88.4,3,3,3,Not Completed
L06082,C01,3,47.6,8,1,6,Completed
L06083,C06,1,0.0,3,1,1,Not Completed
L06084,C01,9,81.0,3,3,3,Completed
L06085,C01,1,60.6,4,1,0,Completed
L06086,C08,8,57.3,5,0,6,Completed
L06087,C05,6,81.5,4,0,5,Completed
L06088,C03,4,63.3,3,2,4,Completed
L06089,C04,7,74.2,1,4,6,Completed
L06090,C08,7,38.3,3,4,2,Not Completed
L06091,C01,3,36.2,5,1,2,Not Completed
L06092,C02,2,13.2,3,1,0,Not Completed
L06093,C07,3,39.9,0,0,1,Not Completed
L06094,C07,3,46.6,1,3,3,Completed
L06095,C10,2,46.0,2,3,3,Not Completed
L06096,C04,3,59.4,1,2,4,Completed
L06097,C01,5,50.1,2,1,5,Completed
L06098,C06,7,70.4,5,5,1,Completed
L06099,C07,4,58.7,1,6,1,Not Completed
L06100,C02,2,37.5,1,0,2,Completed
L06101,C06,6,44.9,5,3,7,Completed
L06102,C02,6,41.6,0,1,2,Completed
L06103,C09,7,68.0,1,1,2,Not Completed
L06104,C09,5,58.1,1,5,2,Completed
L06105,C05,4,55.2,5,2,2,Completed
L06106,C10,1,62.2,5,3,1,Completed
L06107,C10,3,27.7,0,2,0,Not Completed
L06108,C02,8,69.2,7,4,8,Completed
L06109,C04,10,57.6,6,4,1,Completed
L06110,C07,8,79.8,3,4,3,Completed
L06111,C01,6,72.6,6,2,2,Completed
L06112,C04,5,53.1,4,4,3,Completed
L06113,C03,3,57.0,6,1,4,Not Completed
L06114,C10,2,31.1,2,2,1,Completed
L06115,C05,3,65.6,6,3,3,Completed
L06116,C08,5,38.5,1,3,2,Completed
L06117,C04,7,80.0,5,3,3,Completed
L06118,C02,4,47.8,3,2,1,Not Completed
L06119,C09,4,32.7,3,2,0,Completed
L06120,C01,3,43.2,2,6,3,Completed
L06121,C01,2,20.4,1,1,1,Not Completed
L06122,C04,3,25.6,1,0,3,Not Completed
L06123,C07,9,64.1,5,2,4,Completed
L06124,C04,5,45.6,4,3,3,Completed
L06125,C01,3,40.2,2,2,1,Not Completed
L06126,C04,9,68.9,4,6,5,Completed
L06127,C03,8,77.8,3,4,2,Completed
L06128,C01,3,42.6,0,2,2,Not Completed
L06129,C06,6,69.4,7,3,1,Completed
L06130,C02,3,16.9,1,1,1,Not Completed
L06131,C03,1,24.2,4,1,2,Not Completed
L06132,C07,4,63.9,2,2,2,Not Completed
L06133,C08,12,100.0,3,2,4,Not Completed
L06134,C03,3,27.9,3,3,2,Completed
L06135,C04,3,55.0,2,2,1,Completed
L06136,C03,5,41.2,3,2,2,Not Completed
L06137,C10,6,27.9,1,0,2,Completed
L06138,C02,4,89.5,8,5,6,Completed
L06139,C02,5,75.1,6,1,3,Completed
L06140,C05,3,27.8,4,1,1,Not Completed
L06141,C02,6,52.3,2,6,2,Completed
L06142,C02,11,73.7,7,4,0,Completed
L06143,C01,5,40.4,4,1,3,Not Completed
L06144,C07,5,61.5,4,3,1,Completed
L06145,C07,3,39.8,2,3,3,Not Completed
L06146,C07,4,88.0,6,1,2,Completed
L06147,C08,2,35.6,4,3,2,Not Completed
L06148,C04,2,25.6,1,2,0,Completed
L06149,C10,3,80.3,5,5,3,Not Completed
L06150,C08,1,5.0,3,0,0,Not Completed
L06151,C08,5,89.0,3,3,5,Completed
L06152,C08,5,42.4,2,0,2,Not Completed
L06153,C04,6,35.0,4,0,1,Completed
L06154,C03,2,88.0,4,8,3,Completed
L06155,C05,7,62.8,3,7,2,Completed
L06156,C01,5,21.5,2,0,1,Not Completed
L06157,C05,7,59.2,7,7,4,Completed
L06158,C01,7,32.3,1,2,1,Not Completed
L06159,C01,4,25.5,6,5,0,Completed
L06160,C10,5,38.2,4,2,1,Not Completed
L06161,C07,11,72.7,5,5,1,Completed
L06162,C06,11,99.6,5,3,3,Completed
L06163,C04,7,71.3,4,4,5,Completed
L06164,C06,5,66.6,3,6,5,Completed
L06165,C09,2,29.4,2,1,2,Not Completed
L06166,C07,3,16.8,2,1,0,Not Completed
L06167,C07,2,35.0,3,2,5,Completed
L06168,C05,7,49.2,3,5,3,Completed
L06169,C04,5,85.2,3,6,1,Completed
L06170,C07,6,30.2,2,2,2,Completed
L06171,C10,2,63.7,6,2,3,Not Completed
L06172,C05,6,94.6,1,3,3,Completed
L06173,C04,7,35.7,0,2,2,Not Completed
L06174,C05,6,40.9,3,0,4,Completed
L06175,C05,5,69.3,6,0,2,Completed
L06176,C10,1,25.7,3,1,1,Not Completed
L06177,C08,4,100.0,5,2,5,Completed
L06178,C04,5,50.4,1,3,1,Not Completed
L06179,C04,7,53.9,3,2,7,Completed
L06180,C05,12,59.3,3,0,4,Completed
L06181,C01,5,53.7,5,1,2,Completed
L06182,C06,3,36.3,0,1,2,Completed
L06183,C09,1,24.9,1,2,4,Completed
L06184,C07,1,11.3,0,1,1,Not Completed
L06185,C02,6,44.0,4,5,1,Completed
L06186,C08,7,56.6,5,3,0,Not Completed
L06187,C08,7,92.6,4,1,2,Completed
L06188,C03,2,33.7,1,0,2,Not Completed
L06189,C07,4,43.4,2,3,1,Not Completed
L06190,C07,9,62.7,3,2,2,Completed
L06191,C09,4,56.8,4,2,3,Not Completed
L06192,C02,10,79.3,7,3,3,Completed
L06193,C02,7,51.1,2,1,2,Completed
L06194,C05,6,58.3,5,6,3,Completed
L06195,C01,3,29.9,3,2,0,Not Completed
L06196,C05,5,70.1,3,5,5,Completed
L06197,C08,15,98.8,3,7,8,Completed
L06198,C02,5,44.1,0,1,0,Completed
L06199,C05,4,53.4,5,1,3,Completed
L06200,C10,8,94.2,8,0,6,Completed
L06201,C05,2,59.0,3,4,1,Not Completed
L06202,C05,7,41.6,4,4,4,Completed
L06203,C06,6,49.6,3,5,1,Not Completed
L06204,C02,9,86.9,6,4,11,Completed
L06205,C02,2,68.3,7,4,0,Completed
L06206,C07,10,62.4,8,4,3,Completed
L06207,C04,5,41.8,5,4,2,Completed
L06208,C03,11,70.5,3,1,3,Completed
L06209,C01,10,81.5,5,3,3,Completed
L06210,C09,8,97.0,2,1,5,Completed
L06211,C01,8,76.7,3,4,0,Completed
L06212,C08,6,57.6,2,0,1,Completed
L06213,C04,9,95.8,1,4,7,Completed
L06214,C06,4,66.4,2,4,1,Completed
L06215,C03,3,6.6,1,2,1,Not Completed
L06216,C02,8,94.2,3,3,2,Completed
L06217,C06,4,39.5,2,1,2,Not Completed
L06218,C07,2,54.6,3,4,2,Completed
L06219,C02,3,7.2,0,2,1,Completed
L06220,C05,3,65.0,2,4,1,Not Completed
L06221,C05,1,37.3,5,4,3,Not Completed
L06222,C03,6,57.4,4,4,3,Completed
L06223,C06,6,47.8,2,1,2,Completed
L06224,C02,6,55.1,7,4,6,Completed
L06225,C05,1,21.1,2,1,3,Not Completed
L06226,C02,6,40.2,3,1,1,Completed
L06227,C05,4,65.2,6,3,1,Not Completed
L06228,C04,4,68.0,2,3,4,Completed
L06229,C05,5,44.0,1,3,0,Not Completed
L06230,C05,1,41.2,3,3,2,Completed
L06231,C10,4,55.6,1,2,5,Completed
L06232,C05,8,45.8,6,5,7,Completed
L06233,C09,11,71.0,3,3,3,Completed
L06234,C03,5,57.2,5,4,4,Completed
L06235,C04,7,79.9,4,4,4,Completed
L06236,C01,6,54.7,1,0,0,Completed
L06237,C05,1,65.2,3,1,1,Completed
L06238,C07,7,72.2,2,3,3,Completed
L06239,C09,9,66.6,2,8,2,Completed
L06240,C06,7,67.5,6,1,0,Completed
L06241,C07,7,42.4,6,4,5,Completed
L06242,C02,5,70.0,6,1,3,Completed
L06243,C01,3,18.5,0,2,2,Completed
L06244,C08,5,79.9,4,7,2,Completed
L06245,C02,9,86.7,8,8,2,Completed
L06246,C01,4,42.6,1,1,3,Not Completed
L06247,C10,6,100.0,5,3,2,Completed
L06248,C10,5,72.5,4,5,3,Completed
L06249,C07,1,36.3,1,1,2,Not Completed
L06250,C04,5,51.8,3,2,1,Completed
L06251,C09,4,47.2,4,1,4,Completed
L06252,C02,5,63.8,2,4,1,Completed
L06253,C05,6,64.9,1,1,2,Completed
L06254,C04,7,44.4,4,2,1,Completed
L06255,C10,2,52.5,2,1,0,Completed
L06256,C10,6,75.2,0,0,5,Completed
L06257,C07,1,43.0,2,0,0,Not Completed
L06258,C02,10,90.0,1,5,3,Completed
L06259,C05,3,55.9,2,1,3,Completed
L06260,C03,8,81.3,5,3,7,Completed
L06261,C09,3,21.7,2,5,0,Completed
L06262,C02,6,28.2,5,1,3,Not Completed
L06263,C01,7,64.4,4,4,1,Completed
L06264,C08,7,84.9,4,4,6,Completed
L06265,C05,2,57.1,2,2,3,Completed
L06266,C09,5,91.4,4,5,3,Completed
L06267,C01,4,27.4,0,1,2,Not Completed
L06268,C08,4,54.5,1,1,1,Not Completed
L06269,C01,1,10.0,0,1,0,Completed
L06270,C01,3,42.5,2,1,2,Not Completed
L06271,C05,4,33.0,3,1,1,Completed
L06272,C03,4,72.4,3,4,5,Completed
L06273,C06,7,96.0,5,8,3,Completed
L06274,C01,7,61.1,8,5,3,Completed
L06275,C01,3,51.5,0,1,1,Completed
L06276,C08,3,43.5,2,4,3,Completed
L06277,C03,7,63.3,8,1,2,Completed
L06278,C07,5,61.8,2,5,2,Completed
L06279,C08,6,83.4,3,1,2,Completed
L06280,C01,5,78.1,6,3,3,Completed
L06281,C08,5,35.6,1,1,0,Not Completed
L06282,C03,2,18.7,3,2,1,Not Completed
L06283,C04,4,65.4,1,1,2,Not Completed
L06284,C01,6,57.1,3,0,3,Completed
L06285,C09,4,55.8,4,5,4,Completed
L06286,C06,9,37.5,5,1,0,Completed
L06287,C05,8,74.4,4,2,5,Completed
L06288,C10,3,79.8,5,3,2,Not Completed
L06289,C04,7,75.5,7,7,2,Completed
L06290,C09,9,71.9,5,1,3,Completed
L06291,C08,7,50.7,1,4,1,Completed
L06292,C10,5,30.7,1,0,2,Completed
L06293,C10,4,35.4,1,3,1,Completed
L06294,C10,1,18.5,3,0,1,Not Completed
L06295,C02,5,46.0,2,3,0,Completed
L06296,C08,5,57.2,3,4,4,Completed
L06297,C08,5,41.5,1,4,2,Not Completed
L06298,C07,3,32.8,5,1,1,Not Completed
L06299,C03,3,67.0,5,0,5,Completed
L06300,C10,6,59.5,4,2,4,Not Completed
L06301,C02,10,30.1,3,3,2,Not Completed
L06302,C05,9,100.0,4,4,4,Completed
L06303,C06,6,65.8,1,3,2,Not Completed
L06304,C02,4,28.6,1,0,4,Not Completed
L06305,C08,4,45.5,2,1,0,Not Completed
L06306,C01,1,19.9,0,0,2,Not Completed
L06307,C07,2,27.5,0,1,1,Not Completed
L06308,C09,7,86.0,9,1,2,Completed
L06309,C04,4,62.7,0,3,4,Not Completed
L06310,C08,7,85.1,3,5,4,Completed
L06311,C02,4,73.4,1,2,4,Not Completed
L06312,C09,10,86.0,6,3,6,Completed
L06313,C10,8,97.3,4,7,3,Completed
L06314,C02,4,62.0,6,4,3,Completed
L06315,C07,3,52.7,1,3,1,Not Completed
L06316,C05,5,44.7,1,3,1,Not Completed
L06317,C06,6,75.8,7,7,1,Completed
L06318,C08,6,64.1,6,4,2,Completed
L06319,C05,3,37.0,1,1,4,Not Completed
L06320,C07,8,37.1,2,2,4,Not Completed
L06321,C03,4,54.6,6,4,1,Not Completed
L06322,C04,6,77.5,2,3,3,Completed
L06323,C09,0,75.5,2,3,1,Completed
L06324,C02,3,85.1,6,5,2,Completed
L06325,C06,3,100.0,5,4,1,Completed
L06326,C02,4,44.4,3,4,6,Not Completed
L06327,C09,5,62.3,2,0,2,Not Completed
L06328,C06,5,36.4,2,1,1,Completed
L06329,C05,7,71.7,3,3,3,Not Completed
L06330,C03,10,64.6,3,4,5,Completed
L06331,C05,12,70.1,5,1,4,Completed
L06332,C10,6,72.1,5,5,5,Completed
L06333,C05,7,86.8,9,5,3,Completed
L06334,C05,2,35.7,6,1,1,Not Completed
L06335,C08,5,34.5,1,3,0,Not Completed
L06336,C04,8,71.4,3,1,3,Completed
L06337,C05,6,89.3,6,1,3,Not Completed
L06338,C04,13,63.2,4,6,5,Completed
L06339,C02,12,69.7,4,4,3,Completed
L06340,C08,3,39.3,0,4,1,Not Completed
L06341,C09,2,40.8,0,2,2,Not Completed
L06342,C10,3,51.8,5,4,3,Not Completed
L06343,C09,7,34.2,2,0,2,Completed
L06344,C05,3,44.2,2,2,1,Completed
L06345,C03,5,18.9,2,0,1,Not Completed
L06346,C07,8,96.6,4,4,3,Completed
L06347,C10,7,72.9,3,3,6,Completed
L06348,C08,9,84.3,8,1,2,Completed
L06349,C05,3,46.3,2,2,1,Not Completed
L06350,C07,5,65.2,4,1,3,Not Completed
L06351,C08,9,72.1,6,4,11,Completed
L06352,C10,9,81.8,2,4,4,Completed
L06353,C08,10,56.7,4,1,5,Completed
L06354,C05,4,54.4,2,2,1,Completed
L06355,C03,3,48.5,6,4,2,Not Completed
L06356,C05,7,33.4,3,4,3,Completed
L06357,C04,4,49.0,2,4,0,Completed
L06358,C10,4,49.1,4,1,4,Not Completed
L06359,C05,3,5.5,0,3,1,Not Completed
L06360,C05,5,57.2,4,2,1,Completed
L06361,C04,7,83.0,3,1,5,Completed
L06362,C07,8,75.7,7,3,6,Completed
L06363,C06,14,55.0,2,3,1,Completed
L06364,C02,4,37.4,5,0,1,Not Completed
L06365,C09,5,46.4,1,2,2,Not Completed
L06366,C04,5,40.9,5,3,1,Completed
L06367,C05,1,21.0,1,1,2,Not Completed
L06368,C02,6,82.6,6,3,2,Completed
L06369,C06,2,23.2,5,0,1,Not Completed
L06370,C08,2,38.1,0,1,1,Not Completed
L06371,C09,7,73.6,2,2,4,Completed
L06372,C01,3,33.6,1,1,2,Not Completed
L06373,C10,7,73.3,5,1,5,Completed
L06374,C08,8,59.3,1,1,3,Completed
L06375,C03,6,29.5,2,3,1,Completed
L06376,C02,3,54.1,3,3,4,Completed
L06377,C03,4,68.5,6,6,2,Completed
L06378,C09,8,37.0,1,3,1,Completed
L06379,C03,3,33.6,1,4,3,Completed
L06380,C05,4,41.9,4,0,1,Completed
L06381,C08,9,60.6,7,4,4,Completed
L06382,C09,3,43.8,5,2,7,Completed
L06383,C07,5,97.4,5,4,3,Completed
L06384,C08,8,84.0,3,4,7,Completed
L06385,C02,3,68.3,3,2,3,Completed
L06386,C09,6,78.8,5,0,3,Completed
L06387,C03,5,50.7,3,0,1,Not Completed
L06388,C02,2,41.9,4,2,2,Completed
L06389,C10,1,31.6,2,1,0,Not Completed
L06390,C02,6,53.5,2,4,6,Completed
L06391,C02,5,72.7,1,1,2,Completed
L06392,C07,7,77.8,3,4,3,Completed
L06393,C04,4,68.4,4,5,1,Completed
L06394,C02,2,22.3,2,2,2,Not Completed
L06395,C07,2,59.4,1,1,2,Completed
L06396,C08,4,37.3,3,1,1,Not Completed
L06397,C08,3,59.2,3,0,2,Not Completed
L06398,C02,3,29.6,0,3,2,Not Completed
L06399,C06,3,71.5,0,1,1,Completed
L06400,C09,3,54.3,3,4,2,Completed
L06401,C02,5,74.8,4,1,2,Completed
L06402,C02,5,34.9,2,1,1,Completed
L06403,C01,10,47.4,3,3,2,Completed
L06404,C06,7,60.2,7,4,3,Completed
L06405,C02,10,62.6,4,1,2,Completed
L06406,C08,7,65.2,2,4,1,Not Completed
L06407,C10,5,51.5,5,6,4,Completed
L06408,C02,4,84.9,7,5,5,Completed
L06409,C07,4,39.4,2,1,0,Completed
L06410,C03,9,61.2,8,4,4,Completed
L06411,C01,13,63.1,2,3,4,Completed
L06412,C08,7,40.5,2,0,3,Not Completed
L06413,C05,3,31.5,2,1,5,Not Completed
L06414,C10,4,54.6,1,3,1,Completed
L06415,C06,5,52.6,3,0,0,Not Completed
L06416,C02,3,78.4,2,3,3,Not Completed
L06417,C05,7,36.4,0,3,2,Not Completed
L06418,C02,3,49.6,4,2,2,Completed
L06419,C09,5,69.5,5,8,4,Completed
L06420,C07,6,76.9,5,4,6,Completed
L06421,C04,5,79.0,4,2,5,Not Completed
L06422,C06,5,76.6,4,2,0,Completed
L06423,C07,6,88.3,8,5,4,Completed
L06424,C08,6,75.8,1,3,3,Completed
L06425,C01,0,42.1,4,0,2,Completed
L06426,C01,2,40.4,3,3,2,Not Completed
L06427,C02,14,90.5,3,3,3,Completed
L06428,C04,9,70.8,9,4,2,Completed
L06429,C05,4,50.0,6,4,4,Not Completed
L06430,C02,2,64.0,5,3,2,Completed
L06431,C05,2,39.2,3,0,1,Not Completed
L06432,C05,7,43.5,4,2,2,Completed
L06433,C02,1,31.9,0,1,2,Not Completed
L06434,C10,7,36.3,5,1,2,Not Completed
L06435,C06,3,27.3,5,1,2,Not Completed
L06436,C04,4,54.7,3,3,4,Not Completed
L06437,C05,4,57.2,1,2,2,Completed
L06438,C04,8,57.9,3,3,5,Completed
L06439,C09,6,49.4,4,0,3,Not Completed
L06440,C06,6,58.1,0,2,5,Completed
L06441,C05,7,87.9,2,4,2,Not Completed
L06442,C10,5,45.4,2,3,3,Not Completed
L06443,C09,4,50.2,2,3,2,Not Completed
L06444,C09,1,38.8,0,3,1,Not Completed
L06445,C03,8,51.4,5,4,0,Completed
L06446,C02,2,17.5,3,2,1,Not Completed
L06447,C07,10,96.6,4,3,3,Completed
L06448,C05,4,46.2,6,3,1,Completed
L06449,C07,5,61.7,2,1,2,Completed
L06450,C08,10,74.5,7,6,6,Completed
L06451,C03,6,66.3,2,3,2,Completed
L06452,C03,4,56.2,2,2,2,Not Completed
L06453,C05,3,14.3,1,0,2,Completed
L06454,C03,7,75.1,6,4,2,Completed
L06455,C07,3,36.3,2,2,0,Completed
L06456,C08,3,30.4,5,1,3,Not Completed
L06457,C05,9,65.4,3,5,1,Completed
L06458,C08,5,35.1,5,3,2,Completed
L06459,C05,4,40.6,0,1,2,Not Completed
L06460,C08,6,62.0,3,1,1,Not Completed
L06461,C03,6,67.5,1,5,3,Completed
L06462,C08,6,76.7,2,4,3,Completed
L06463,C08,2,11.1,1,3,0,Not Completed
L06464,C03,4,32.8,2,1,0,Not Completed
L06465,C06,5,84.4,2,3,4,Completed
L06466,C09,4,53.8,4,2,1,Not Completed
L06467,C03,7,62.1,4,3,6,Completed
L06468,C08,4,71.3,2,2,5,Completed
L06469,C10,4,38.3,2,0,1,Not Completed
L06470,C09,9,49.3,3,1,3,Completed
L06471,C05,3,17.1,0,0,0,Not Completed
L06472,C07,6,73.9,4,0,3,Completed
L06473,C10,8,79.0,8,3,3,Completed
L06474,C06,4,56.9,5,3,3,Completed
L06475,C02,8,66.8,2,4,4,Completed
L06476,C01,1,17.6,0,2,3,Not Completed
L06477,C08,7,25.6,1,0,0,Not Completed
L06478,C05,1,21.4,2,2,0,Not Completed
L06479,C03,7,77.6,3,6,5,Completed
L06480,C04,5,88.1,3,6,3,Completed
L06481,C08,1,29.9,2,1,0,Not Completed
L06482,C05,8,74.3,1,3,2,Not Completed
L06483,C09,5,65.3,0,3,0,Completed
L06484,C08,2,11.4,0,4,4,Completed
L06485,C10,4,36.5,5,2,3,Completed
L06486,C09,2,19.2,1,0,2,Not Completed
L06487,C03,4,35.3,1,0,1,Not Completed
L06488,C07,7,64.5,5,1,3,Completed
L06489,C01,3,38.7,3,5,2,Not Completed
L06490,C10,5,62.4,2,4,3,Not Completed
L06491,C03,8,83.5,2,2,2,Completed
L06492,C07,3,18.9,1,1,2,Not Completed
L06493,C09,3,50.6,4,3,0,Not Completed
L06494,C02,7,73.8,4,1,6,Completed
L06495,C09,12,99.9,7,1,3,Completed
L06496,C01,7,48.9,4,2,5,Completed
L06497,C05,10,71.2,4,2,3,Completed
L06498,C05,5,62.6,7,3,8,Completed
L06499,C04,3,34.6,1,4,2,Completed
L06500,C06,4,27.9,5,3,2,Not Completed
L06501,C10,3,44.7,2,1,1,Not Completed
L06502,C04,5,47.5,2,3,2,Completed
L06503,C06,5,60.6,3,3,4,Completed
L06504,C09,5,23.6,4,0,2,Completed
L06505,C08,12,70.3,3,2,2,Completed
L06506,C01,5,38.7,2,2,2,Not Completed
L06507,C10,1,68.6,5,2,3,Not Completed
L06508,C01,9,100.0,3,1,2,Completed
L06509,C06,6,45.3,2,6,3,Completed
L06510,C06,5,93.7,3,2,6,Completed
L06511,C08,3,48.3,1,1,1,Not Completed
L06512,C02,1,14.4,1,0,0,Not Completed
L06513,C02,6,41.5,3,3,0,Completed
L06514,C08,3,64.3,4,5,4,Completed
L06515,C02,2,34.8,1,3,3,Not Completed
L06516,C05,4,49.5,1,3,0,Not Completed
L06517,C08,3,36.1,2,0,3,Completed
L06518,C07,2,57.3,5,5,0,Not Completed
L06519,C03,8,46.6,2,1,5,Completed
L06520,C04,3,58.3,3,3,3,Completed
L06521,C10,6,29.5,2,1,2,Completed
L06522,C05,2,11.2,1,0,1,Not Completed
L06523,C01,1,58.9,1,1,4,Not Completed
L06524,C03,5,53.9,4,1,2,Not Completed
L06525,C04,5,29.1,4,0,0,Completed
L06526,C10,13,83.5,9,4,5,Completed
L06527,C04,5,63.8,5,2,1,Completed
L06528,C01,4,34.0,7,0,3,Completed
L06529,C05,2,40.6,2,4,1,Not Completed
L06530,C01,4,51.0,4,4,3,Completed
L06531,C03,9,89.5,3,4,2,Not Completed
L06532,C10,3,28.6,2,1,2,Completed
L06533,C08,5,63.9,3,5,4,Completed
L06534,C01,2,34.8,4,6,1,Not Completed
L06535,C05,1,26.9,5,3,4,Completed
L06536,C02,8,46.6,2,3,2,Not Completed
L06537,C02,3,83.0,5,4,1,Completed
L06538,C06,4,51.4,5,2,1,Completed
L06539,C05,4,42.0,1,1,2,Not Completed
L06540,C08,10,64.2,2,3,2,Completed
L06541,C09,4,48.3,2,2,1,Not Completed
L06542,C03,5,45.1,0,4,1,Not Completed
L06543,C10,2,28.0,3,2,1,Completed
L06544,C05,4,64.1,3,3,3,Completed
L06545,C03,5,64.1,1,4,4,Completed
L06546,C09,9,69.3,7,0,6,Completed
L06547,C01,6,50.9,3,2,1,Completed
L06548,C06,7,40.3,2,2,5,Not Completed
L06549,C08,2,39.4,1,1,0,Not Completed
L06550,C03,4,64.6,3,2,2,Not Completed
L06551,C09,8,64.7,5,4,1,Completed
L06552,C03,3,59.3,0,1,0,Not Completed
L06553,C09,3,24.3,2,2,4,Not Completed
L06554,C01,5,60.8,0,2,2,Completed
L06555,C02,4,77.2,4,4,3,Completed
L06556,C04,7,27.5,2,2,5,Completed
L06557,C09,2,27.8,2,1,1,Not Completed
L06558,C02,0,12.6,1,1,0,Not Completed
L06559,C09,5,96.5,7,3,6,Completed
L06560,C03,4,27.4,0,2,2,Completed
L06561,C05,10,54.2,2,1,4,Completed
L06562,C04,7,44.6,7,1,1,Completed
L06563,C02,6,51.8,4,1,2,Not Completed
L06564,C10,3,39.8,7,2,0,Completed
L06565,C05,7,47.8,3,4,3,Not Completed
L06566,C07,2,60.8,1,4,2,Not Completed
L06567,C06,2,25.6,0,1,2,Not Completed
L06568,C05,4,53.0,2,4,2,Completed
L06569,C07,5,88.8,6,6,6,Completed
L06570,C09,5,44.1,3,3,1,Completed
L06571,C07,4,52.9,3,3,0,Not Completed
L06572,C06,7,67.1,1,4,4,Completed
L06573,C07,4,37.6,4,6,6,Not Completed
L06574,C07,3,35.6,6,4,7,Completed
L06575,C05,2,77.7,7,2,7,Completed
L06576,C07,7,84.9,5,3,6,Completed
L06577,C05,4,52.4,3,0,2,Not Completed
L06578,C08,3,61.3,6,2,1,Completed
L06579,C10,3,90.5,5,4,6,Completed
L06580,C10,4,45.9,6,0,1,Not Completed
L06581,C09,5,65.0,5,1,4,Completed
L06582,C07,1,20.9,1,0,0,Not Completed
L06583,C08,1,53.4,1,0,1,Not Completed
L06584,C02,3,50.1,2,1,0,Not Completed
L06585,C05,3,0.0,1,0,0,Not Completed
L06586,C03,5,34.9,2,1,1,Not Completed
L06587,C01,9,58.0,3,3,1,Completed
L06588,C10,3,32.0,5,2,4,Not Completed
L06589,C09,7,81.6,4,4,2,Completed
L06590,C05,5,49.6,2,2,4,Completed
L06591,C03,8,66.5,4,5,0,Completed
L06592,C07,0,32.8,3,6,3,Completed
L06593,C05,6,67.2,2,3,3,Not Completed
L06594,C08,3,57.4,8,1,3,Completed
L06595,C10,4,58.5,3,1,1,Completed
L06596,C04,3,23.4,1,2,1,Completed
L06597,C03,4,65.9,3,3,5,Not Completed
L06598,C03,3,52.8,1,1,1,Not Completed
L06599,C01,9,77.5,4,1,5,Completed
L06600,C04,4,56.0,7,6,2,Completed
L06601,C01,8,52.8,3,3,3,Completed
L06602,C02,3,25.3,1,1,3,Completed
L06603,C03,4,51.2,3,4,3,Completed
L06604,C02,5,46.7,3,3,3,Not Completed
L06605,C08,12,70.1,5,7,1,Completed
L06606,C02,11,79.8,5,5,6,Completed
L06607,C09,5,67.9,5,3,2,Completed
L06608,C03,6,50.9,3,1,4,Completed
L06609,C02,8,71.7,5,5,5,Completed
L06610,C01,6,50.8,1,3,1,Not Completed
L06611,C08,1,37.7,1,2,4,Not Completed
L06612,C03,9,89.0,5,4,3,Completed
L06613,C05,6,70.4,1,5,4,Completed
L06614,C02,3,46.5,3,5,0,Completed
L06615,C10,7,44.7,5,2,1,Not Completed
L06616,C02,4,62.9,6,3,1,Not Completed
L06617,C05,8,69.7,2,1,1,Completed
L06618,C09,9,74.7,1,8,1,Completed
L06619,C03,5,51.5,4,1,2,Not Completed
L06620,C03,5,99.5,1,7,5,Completed
L06621,C08,2,14.9,1,2,1,Not Completed
L06622,C03,5,18.6,1,1,1,Not Completed
L06623,C01,11,85.3,4,3,1,Completed
L06624,C05,9,72.5,3,4,3,Completed
L06625,C01,5,36.7,1,3,0,Not Completed
L06626,C10,4,32.3,1,3,2,Not Completed
L06627,C07,3,24.7,3,1,0,Not Completed
L06628,C06,8,61.2,2,6,3,Completed
L06629,C02,4,35.9,5,1,3,Completed
L06630,C07,4,49.8,2,3,2,Not Completed
L06631,C07,8,47.6,1,2,2,Completed
L06632,C01,2,40.3,3,0,6,Not Completed
L06633,C09,4,50.3,5,1,2,Completed
L06634,C06,10,100.0,6,1,2,Completed
L06635,C08,0,32.1,0,3,3,Not Completed
L06636,C03,10,73.3,1,1,1,Completed
L06637,C02,15,82.6,5,6,6,Completed
L06638,C08,8,34.9,0,1,3,Completed
L06639,C08,2,23.2,0,3,1,Not Completed
L06640,C04,9,65.4,4,1,3,Completed
L06641,C01,2,73.0,1,3,2,Completed
L06642,C09,5,82.2,5,6,0,Completed
L06643,C02,5,97.2,3,8,4,Completed
L06644,C04,2,34.3,0,5,3,Not Completed
L06645,C07,6,74.5,5,1,4,Completed
L06646,C01,5,34.3,3,1,2,Not Completed
L06647,C01,3,61.6,2,5,0,Completed
L06648,C01,5,49.4,0,4,0,Completed
L06649,C10,9,61.3,2,3,3,Not Completed
L06650,C04,9,68.9,6,7,4,Completed
L06651,C07,8,58.2,5,3,3,Completed
L06652,C10,4,70.0,2,0,3,Not Completed
L06653,C07,2,46.1,2,1,5,Completed
L06654,C06,5,68.5,3,6,2,Completed
L06655,C06,1,28.3,3,1,1,Not Completed
L06656,C04,2,33.6,2,1,0,Not Completed
L06657,C06,5,18.7,2,1,0,Completed
L06658,C10,5,74.8,5,3,3,Completed
L06659,C08,5,81.3,7,8,6,Completed
L06660,C05,3,26.6,7,1,0,Completed
L06661,C04,1,45.2,4,1,3,Not Completed
L06662,C09,3,20.5,5,1,1,Not Completed
L06663,C02,5,63.8,2,4,3,Completed
L06664,C09,13,81.8,6,7,2,Completed
L06665,C03,7,60.2,2,1,3,Completed
L06666,C08,7,82.9,5,7,1,Completed
L06667,C08,5,69.5,2,7,7,Completed
L06668,C05,4,38.6,4,0,1,Completed
L06669,C02,6,72.3,5,5,1,Completed
L06670,C09,8,29.4,1,1,0,Completed
L06671,C04,4,61.8,4,3,3,Completed
L06672,C04,12,41.0,5,5,1,Completed
L06673,C05,1,30.3,2,1,1,Not Completed
L06674,C05,2,42.2,4,2,3,Completed
L06675,C07,2,43.9,4,2,3,Not Completed
L06676,C02,10,83.3,4,4,6,Completed
L06677,C05,3,44.3,1,1,0,Not Completed
L06678,C09,6,79.4,5,3,2,Completed
L06679,C01,2,69.8,2,3,3,Completed
L06680,C05,6,80.8,0,7,6,Completed
L06681,C07,6,82.4,3,1,3,Completed
L06682,C09,7,50.8,3,2,3,Not Completed
L06683,C06,1,58.1,4,4,3,Completed
L06684,C09,3,31.1,5,2,4,Completed
L06685,C03,2,43.8,4,0,3,Not Completed
L06686,C04,6,31.7,1,4,2,Not Completed
L06687,C10,3,24.5,3,0,1,Not Completed
L06688,C09,2,48.1,0,2,3,Not Completed
L06689,C06,6,71.7,6,2,5,Completed
L06690,C05,7,71.1,5,1,5,Completed
L06691,C05,10,85.2,6,3,3,Completed
L06692,C01,7,63.7,6,2,1,Completed
L06693,C09,5,61.3,4,4,2,Completed
L06694,C09,7,58.2,3,2,3,Completed
L06695,C05,3,19.0,0,0,2,Not Completed
L06696,C03,6,51.8,2,3,1,Completed
L06697,C04,5,42.5,2,2,2,Not Completed
L06698,C02,3,54.7,3,0,1,Completed
L06699,C08,8,54.7,3,5,3,Completed
L06700,C06,4,4.4,6,2,2,Not Completed
L06701,C03,5,57.8,2,1,1,Not Completed
L06702,C07,3,25.2,2,0,1,Not Completed
L06703,C10,4,58.7,2,1,2,Completed
L06704,C02,2,32.4,2,1,2,Not Completed
L06705,C05,4,67.0,10,1,3,Completed
L06706,C05,4,22.4,1,1,1,Completed
L06707,C02,8,81.8,4,3,4,Completed
L06708,C06,2,74.2,4,3,4,Completed
L06709,C07,7,65.9,8,1,6,Completed
L06710,C02,7,99.0,8,7,3,Completed
L06711,C02,5,31.0,4,2,1,Completed
L06712,C09,10,64.0,5,2,4,Completed
L06713,C04,1,23.5,0,1,1,Not Completed
L06714,C07,7,65.8,3,3,5,Completed
L06715,C07,1,41.6,1,1,4,Not Completed
L06716,C09,6,71.3,6,1,2,Completed
L06717,C08,5,52.7,5,3,2,Completed
L06718,C09,4,31.9,2,3,0,Not Completed
L06719,C07,5,35.3,2,1,2,Not Completed
L06720,C05,8,61.4,7,2,5,Completed
L06721,C04,7,56.5,4,4,2,Completed
L06722,C04,6,79.4,8,4,2,Completed
L06723,C05,1,52.3,2,3,1,Not Completed
L06724,C02,7,45.8,1,2,1,Not Completed
L06725,C05,4,53.7,5,1,2,Not Completed
L06726,C04,4,30.8,1,0,2,Not Completed
L06727,C01,2,65.8,1,2,3,Not Completed
L06728,C03,3,45.7,4,4,1,Completed
L06729,C08,7,33.2,1,4,1,Completed
L06730,C06,7,50.2,5,2,3,Not Completed
L06731,C08,0,22.3,1,2,1,Completed
L06732,C06,7,48.0,4,2,2,Not Completed
L06733,C09,11,58.2,5,1,4,Completed
L06734,C08,8,89.1,6,5,3,Completed
L06735,C01,4,44.6,3,0,3,Completed
L06736,C10,1,36.5,1,1,0,Not Completed
L06737,C01,4,70.1,3,2,4,Not Completed
L06738,C06,5,26.5,0,2,1,Not Completed
L06739,C08,8,71.4,4,0,4,Completed
L06740,C04,6,84.1,5,2,1,Completed
L06741,C06,0,52.2,2,3,0,Not Completed
L06742,C04,3,46.8,3,4,2,Completed
L06743,C01,9,83.6,3,6,5,Completed
L06744,C01,6,42.6,1,1,1,Not Completed
L06745,C01,3,66.2,1,2,2,Completed
L06746,C01,5,47.0,5,4,2,Not Completed
L06747,C07,1,21.9,0,0,0,Not Completed
L06748,C06,11,67.8,3,0,1,Not Completed
L06749,C05,3,82.9,3,2,3,Completed
L06750,C07,3,67.9,2,3,3,Completed
L06751,C01,4,58.9,1,0,1,Not Completed
L06752,C03,11,48.8,5,2,1,Completed
L06753,C08,3,87.9,5,4,2,Completed
L06754,C10,2,24.3,2,1,1,Not Completed
L06755,C05,14,100.0,2,5,4,Completed
L06756,C01,11,34.0,3,2,1,Completed
L06757,C08,4,40.0,2,0,2,Not Completed
L06758,C09,5,63.5,5,8,7,Completed
L06759,C05,5,58.1,4,4,1,Completed
L06760,C03,7,58.7,7,2,0,Completed
L06761,C01,4,21.1,1,3,1,Completed
L06762,C06,5,88.2,7,3,2,Completed
L06763,C10,4,60.0,6,4,6,Completed
L06764,C07,5,61.9,4,5,4,Completed
L06765,C04,4,43.2,0,4,4,Not Completed
L06766,C07,3,29.8,7,3,0,Completed
L06767,C09,5,70.0,7,7,3,Completed
L06768,C05,8,45.1,2,2,1,Completed
L06769,C09,8,78.7,5,4,4,Completed
L06770,C04,3,50.0,2,1,1,Not Completed
L06771,C04,6,46.5,3,2,4,Completed
L06772,C06,4,49.0,5,3,2,Not Completed
L06773,C05,4,49.2,3,1,0,Not Completed
L06774,C10,6,29.6,0,3,2,Completed
L06775,C05,3,66.7,5,4,2,Completed
L06776,C04,5,58.1,5,0,2,Not Completed
L06777,C04,11,86.2,3,2,3,Completed
L06778,C06,5,61.5,8,2,1,Not Completed
L06779,C04,3,47.0,2,1,1,Not Completed
L06780,C08,12,70.9,3,2,2,Not Completed
L06781,C04,10,77.4,4,4,5,Completed
L06782,C04,7,70.7,2,2,4,Completed
L06783,C07,2,45.2,0,1,0,Not Completed
L06784,C01,1,34.7,2,0,1,Not Completed
L06785,C07,3,38.7,1,1,4,Not Completed
L06786,C05,7,58.7,1,8,4,Completed
L06787,C05,3,34.0,3,3,1,Not Completed
L06788,C08,1,30.8,2,1,0,Not Completed
L06789,C08,4,53.0,4,5,2,Completed
L06790,C09,1,29.1,1,1,1,Completed
L06791,C04,3,51.2,6,3,2,Completed
L06792,C04,7,68.5,3,1,3,Not Completed
L06793,C08,8,52.9,6,0,2,Not Completed
L06794,C06,3,43.4,0,1,0,Completed
L06795,C07,7,77.5,4,3,6,Completed
L06796,C06,1,23.5,2,1,0,Not Completed
L06797,C08,12,98.2,3,4,3,Completed
L06798,C02,3,30.8,2,0,1,Not Completed
L06799,C06,1,49.3,2,2,0,Not Completed
L06800,C02,6,55.1,2,2,3,Not Completed
L06801,C05,15,68.7,1,2,6,Completed
L06802,C07,2,51.7,4,4,3,Completed
L06803,C05,4,58.2,2,3,4,Completed
L06804,C04,5,100.0,4,0,2,Completed
L06805,C09,6,33.6,4,2,1,Completed
L06806,C08,11,92.5,2,4,7,Completed
L06807,C06,3,37.9,3,2,1,Not Completed
L06808,C10,7,95.7,5,4,2,Completed
L06809,C05,3,52.4,5,2,2,Completed
L06810,C08,14,97.6,10,4,0,Completed
L06811,C02,6,66.7,1,2,1,Completed
L06812,C03,6,54.9,5,3,1,Completed
L06813,C04,4,32.2,3,3,1,Not Completed
L06814,C02,7,76.9,1,5,2,Completed
L06815,C05,1,21.0,0,1,0,Not Completed
L06816,C02,2,31.2,1,2,0,Completed
L06817,C07,4,41.3,0,2,6,Not Completed
L06818,C02,5,58.1,2,3,0,Not Completed
L06819,C02,4,60.9,3,6,2,Completed
L06820,C10,7,56.1,6,3,7,Completed
L06821,C07,4,14.8,1,1,1,Completed
L06822,C10,5,41.4,2,4,1,Not Completed
L06823,C05,5,30.8,1,1,1,Completed
L06824,C01,6,63.3,3,2,2,Completed
L06825,C06,5,17.6,0,1,2,Not Completed
L06826,C06,3,26.4,3,0,2,Not Completed
L06827,C01,1,53.0,2,1,2,Not Completed
L06828,C09,6,64.5,2,1,6,Completed
L06829,C07,7,78.3,3,6,1,Completed
L06830,C08,5,47.4,5,3,1,Completed
L06831,C05,14,81.8,2,1,2,Completed
L06832,C07,1,39.0,1,1,1,Not Completed
L06833,C03,8,80.4,4,8,3,Completed
L06834,C10,2,41.7,2,1,3,Not Completed
L06835,C05,7,46.0,1,3,2,Not Completed
L06836,C02,3,33.6,0,4,1,Not Completed
L06837,C01,3,59.9,5,1,4,Completed
L06838,C07,2,26.1,3,0,3,Not Completed
L06839,C10,3,65.2,2,1,6,Not Completed
L06840,C09,4,77.9,3,3,6,Completed
L06841,C08,8,81.5,5,7,5,Completed
L06842,C10,5,92.3,5,2,5,Not Completed
L06843,C08,4,57.0,3,1,1,Not Completed
L06844,C04,3,58.1,1,3,0,Completed
L06845,C07,12,81.2,2,1,6,Not Completed
L06846,C01,7,61.5,4,3,2,Completed
L06847,C03,8,34.5,2,1,1,Completed
L06848,C05,4,58.6,2,1,0,Completed
L06849,C02,13,81.6,4,4,4,Completed
L06850,C10,5,50.9,2,3,2,Completed
L06851,C10,5,90.0,2,6,5,Completed
L06852,C04,5,59.3,1,5,3,Completed
L06853,C08,3,31.8,6,0,3,Completed
L06854,C05,3,30.0,3,3,0,Completed
L06855,C02,12,86.7,6,5,6,Completed
L06856,C04,9,61.5,1,2,2,Completed
L06857,C03,5,57.0,4,3,3,Completed
L06858,C04,5,34.3,4,4,0,Not Completed
L06859,C03,7,68.5,4,2,4,Completed
L06860,C02,0,25.6,2,0,0,Completed
L06861,C03,7,77.1,2,3,3,Not Completed
L06862,C10,3,80.4,3,3,4,Completed
L06863,C01,5,47.0,1,2,5,Completed
L06864,C04,5,84.5,0,2,3,Completed
L06865,C06,1,28.5,2,2,1,Not Completed
L06866,C04,8,91.6,5,4,1,Completed
L06867,C05,4,27.4,3,3,2,Not Completed
L06868,C01,7,77.9,1,2,5,Completed
L06869,C07,3,34.0,1,0,3,Not Completed
L06870,C06,11,82.2,7,3,6,Completed
L06871,C07,7,68.0,7,3,4,Completed
L06872,C06,6,22.8,5,1,2,Not Completed
L06873,C05,5,88.4,2,4,4,Completed
L06874,C04,4,54.0,4,2,2,Completed
L06875,C03,4,26.6,1,1,0,Not Completed
L06876,C05,7,84.0,5,7,3,Completed
L06877,C01,5,48.5,3,2,3,Completed
L06878,C04,8,49.8,2,2,2,Completed
L06879,C07,2,31.0,1,1,1,Not Completed
L06880,C02,2,34.4,0,1,1,Not Completed
L06881,C01,9,80.9,4,3,0,Completed
L06882,C07,9,62.5,7,2,8,Completed
L06883,C04,6,61.4,2,3,4,Completed
L06884,C08,5,28.9,6,2,1,Completed
L06885,C10,3,44.6,1,5,2,Completed
L06886,C10,7,43.0,4,1,0,Not Completed
L06887,C05,4,52.5,3,2,3,Completed
L06888,C03,7,73.9,1,3,3,Completed
L06889,C07,10,35.0,3,4,2,Completed
L06890,C07,1,62.9,2,1,2,Not Completed
L06891,C07,3,40.3,2,3,1,Not Completed
L06892,C04,1,28.8,0,0,0,Not Completed
L06893,C01,5,43.5,1,2,3,Not Completed
L06894,C03,8,98.1,3,4,6,Completed
L06895,C02,4,54.1,2,1,4,Completed
L06896,C02,6,54.6,4,3,1,Completed
L06897,C10,5,69.0,3,2,0,Not Completed
L06898,C01,1,60.6,4,2,3,Not Completed
L06899,C07,0,31.2,4,0,1,Not Completed
L06900,C10,4,46.8,3,2,8,Not Completed
L06901,C04,13,70.3,3,4,4,Completed
L06902,C06,4,40.3,3,0,0,Not Completed
L06903,C07,4,44.7,3,4,1,Completed
L06904,C04,5,59.4,2,1,2,Not Completed
L06905,C05,4,33.7,1,1,0,Not Completed
L06906,C09,1,22.6,2,1,1,Not Completed
L06907,C08,4,32.8,2,2,2,Not Completed
L06908,C08,3,68.5,4,0,2,Completed
L06909,C10,3,26.4,2,2,0,Not Completed
L06910,C04,5,65.7,5,3,1,Completed
L06911,C08,5,54.6,3,3,1,Completed
L06912,C07,3,81.0,3,3,2,Not Completed
L06913,C07,5,72.4,4,5,3,Completed
L06914,C08,2,30.3,2,2,1,Completed
L06915,C08,3,68.6,3,4,3,Completed
L06916,C09,3,61.6,3,2,1,Completed
L06917,C04,3,44.8,7,2,1,Completed
L06918,C07,8,59.3,2,3,3,Completed
L06919,C03,6,68.1,5,3,4,Completed
L06920,C06,13,87.6,10,5,9,Completed
L06921,C08,7,72.4,3,5,6,Completed
L06922,C08,2,15.7,1,3,2,Not Completed
L06923,C05,5,72.5,5,2,0,Completed
L06924,C05,3,80.3,4,4,6,Completed
L06925,C04,10,70.8,3,4,4,Completed
L06926,C02,6,41.4,3,2,3,Completed
L06927,C03,3,77.8,6,4,4,Completed
L06928,C10,8,62.8,5,6,5,Completed
L06929,C04,7,86.9,0,8,3,Not Completed
L06930,C10,4,50.3,6,1,2,Not Completed
L06931,C03,9,84.5,7,5,6,Completed
L06932,C08,3,66.8,2,0,2,Not Completed
L06933,C06,1,43.1,4,1,3,Not Completed
L06934,C07,8,83.5,8,2,4,Completed
L06935,C07,4,56.1,0,2,3,Completed
L06936,C08,2,15.3,0,2,0,Not Completed
L06937,C10,3,35.4,3,1,2,Not Completed
L06938,C06,4,44.0,4,1,1,Completed
L06939,C01,2,40.9,1,2,1,Not Completed
L06940,C03,4,46.1,3,1,3,Completed
L06941,C08,13,68.2,3,2,4,Completed
L06942,C05,4,83.6,4,1,2,Completed
L06943,C06,5,72.2,7,3,2,Not Completed
L06944,C06,4,51.2,4,1,3,Completed
L06945,C04,4,49.1,2,1,1,Not Completed
L06946,C08,5,73.7,4,1,1,Completed
L06947,C08,5,58.5,6,1,3,Completed
L06948,C08,8,100.0,4,6,2,Completed
L06949,C08,5,52.6,3,1,3,Not Completed
L06950,C09,2,30.9,2,0,1,Not Completed
L06951,C06,5,41.0,5,5,4,Not Completed
L06952,C10,5,75.3,4,1,2,Completed
L06953,C02,4,37.7,3,4,2,Not Completed
L06954,C07,6,46.9,5,0,2,Not Completed
L06955,C08,1,13.7,0,2,3,Not Completed
L06956,C05,5,61.2,1,3,1,Completed
L06957,C03,6,55.5,2,4,1,Not Completed
L06958,C06,6,65.1,4,4,2,Completed
L06959,C04,3,40.1,4,2,2,Completed
L06960,C10,9,69.7,3,3,2,Completed
L06961,C04,7,75.7,3,1,2,Completed
L06962,C02,5,65.6,2,6,8,Completed
L06963,C06,3,87.7,4,8,3,Completed
L06964,C04,6,56.0,2,4,4,Completed
L06965,C01,4,48.0,3,3,2,Completed
L06966,C06,7,70.2,2,2,5,Completed
L06967,C06,4,37.1,2,2,2,Not Completed
L06968,C02,7,57.3,3,2,1,Not Completed
L06969,C06,2,45.0,1,0,0,Not Completed
L06970,C06,3,36.9,2,2,2,Not Completed
L06971,C08,12,66.7,4,4,5,Completed
L06972,C04,6,57.2,1,3,4,Not Completed
L06973,C03,2,26.4,4,0,3,Completed
L06974,C10,5,67.3,8,1,4,Completed
L06975,C06,3,59.3,4,3,1,Not Completed
L06976,C01,8,70.1,6,3,1,Completed
L06977,C09,5,43.6,3,1,1,Not Completed
L06978,C02,1,69.9,3,2,3,Not Completed
L06979,C08,5,22.5,2,3,1,Not Completed
L06980,C08,7,26.2,1,0,0,Not Completed
L06981,C10,5,5.7,1,0,0,Not Completed
L06982,C10,14,58.2,0,2,2,Completed
L06983,C03,5,52.2,2,1,1,Completed
L06984,C08,7,44.4,4,1,2,Completed
L06985,C04,5,56.6,6,3,3,Completed
L06986,C07,4,53.4,4,2,3,Not Completed
L06987,C06,7,29.7,3,1,5,Completed
L06988,C01,3,53.1,2,3,3,Completed
L06989,C01,6,56.6,5,0,1,Not Completed
L06990,C01,0,42.6,2,2,3,Not Completed
L06991,C02,12,90.3,4,8,3,Completed
L06992,C03,5,74.5,4,5,5,Completed
L06993,C10,7,62.9,4,4,2,Completed
L06994,C05,8,33.5,4,1,5,Completed
L06995,C08,3,39.4,1,1,1,Completed
L06996,C09,3,52.0,5,1,1,Not Completed
L06997,C08,1,3.5,0,0,0,Not Completed
L06998,C04,1,42.3,6,2,0,Not Completed
L06999,C09,6,63.0,2,4,6,Completed
L07000,C08,9,100.0,3,0,6,Completed
L07001,C08,3,42.0,6,1,0,Not Completed
L07002,C10,2,36.4,0,1,2,Not Completed
L07003,C06,4,56.8,6,4,3,Not Completed
L07004,C06,8,80.6,3,1,3,Completed
L07005,C09,6,47.3,2,1,4,Completed
L07006,C05,6,46.4,0,0,4,Completed
L07007,C09,2,16.7,1,1,2,Not Completed
L07008,C01,6,24.9,0,2,0,Not Completed
L07009,C01,0,28.9,1,3,3,Completed
L07010,C06,0,44.4,2,0,2,Not Completed
L07011,C01,2,41.5,3,4,1,Not Completed
L07012,C10,3,50.0,3,2,3,Not Completed
L07013,C01,7,66.7,3,4,3,Completed
L07014,C08,12,67.7,8,4,2,Completed
L07015,C03,7,77.1,4,4,3,Completed
L07016,C10,8,79.5,5,4,5,Completed
L07017,C04,9,20.8,0,1,2,Completed
L07018,C01,1,15.7,1,0,0,Not Completed
L07019,C01,6,57.7,0,1,1,Completed
L07020,C06,5,43.0,2,0,0,Not Completed
L07021,C10,3,7.5,1,0,0,Not Completed
L07022,C10,3,33.3,3,2,4,Not Completed
L07023,C04,6,81.9,7,8,6,Completed
L07024,C05,5,84.1,3,4,1,Completed
L07025,C02,4,46.0,1,0,2,Completed
L07026,C06,10,84.7,6,6,3,Completed
L07027,C06,2,49.7,4,1,6,Completed
L07028,C03,7,66.3,6,3,4,Not Completed
L07029,C07,5,91.1,4,2,8,Completed
L07030,C09,2,30.6,1,0,0,Not Completed
L07031,C01,5,65.0,4,1,6,Completed
L07032,C03,6,56.2,3,1,0,Not Completed
L07033,C02,1,32.8,1,1,3,Not Completed
L07034,C02,4,78.4,4,3,2,Not Completed
L07035,C02,3,82.1,1,6,6,Completed
L07036,C07,8,54.8,8,1,2,Completed
L07037,C02,6,94.8,4,2,4,Completed
L07038,C08,4,25.2,5,1,1,Not Completed
L07039,C09,4,77.3,3,5,4,Not Completed
L07040,C10,6,32.1,1,0,3,Completed
L07041,C07,3,48.7,2,1,6,Completed
L07042,C02,2,65.6,4,2,1,Completed
L07043,C01,6,65.1,7,2,1,Completed
L07044,C03,4,52.2,3,3,3,Completed
L07045,C10,1,29.4,0,1,2,Not Completed
L07046,C10,9,82.0,1,1,3,Not Completed
L07047,C04,4,52.4,4,3,3,Completed
L07048,C04,7,66.9,2,0,5,Not Completed
L07049,C05,4,24.3,0,1,3,Not Completed
L07050,C03,0,32.3,2,1,1,Not Completed
L07051,C10,9,59.5,3,3,2,Completed
L07052,C03,8,60.1,4,1,0,Completed
L07053,C04,3,18.2,1,2,1,Not Completed
L07054,C05,11,59.9,3,2,7,Completed
L07055,C02,2,61.1,4,2,6,Completed
L07056,C04,1,19.6,0,1,2,Not Completed
L07057,C09,13,44.0,4,3,2,Completed
L07058,C02,1,35.9,1,1,0,Not Completed
L07059,C06,5,37.8,3,1,1,Completed
L07060,C05,4,50.9,2,2,1,Not Completed
L07061,C02,7,43.1,3,0,1,Not Completed
L07062,C01,4,100.0,2,6,2,Completed
L07063,C03,2,62.6,4,1,2,Not Completed
L07064,C01,5,59.9,3,2,1,Completed
L07065,C04,3,41.9,2,1,2,Not Completed
L07066,C09,7,79.0,4,3,2,Completed
L07067,C08,8,54.5,3,6,2,Completed
L07068,C10,8,98.1,7,6,3,Not Completed
L07069,C05,2,54.1,3,1,5,Not Completed
L07070,C08,3,42.6,2,1,2,Not Completed
L07071,C07,6,94.5,3,4,3,Completed
L07072,C03,3,26.8,4,2,3,Completed
L07073,C04,6,64.2,0,2,3,Completed
L07074,C06,4,24.7,1,0,1,Not Completed
L07075,C08,6,64.3,1,1,4,Not Completed
L07076,C05,8,46.1,4,1,3,Completed
L07077,C03,4,85.8,1,3,2,Not Completed
L07078,C10,5,46.2,6,3,1,Completed
L07079,C02,7,66.2,4,2,5,Completed
L07080,C10,5,46.9,5,2,3,Completed
L07081,C08,3,28.4,1,0,0,Not Completed
L07082,C09,7,28.8,0,1,3,Not Completed
L07083,C08,3,72.9,1,1,4,Completed
L07084,C02,2,37.3,2,1,1,Completed
L07085,C07,5,60.9,2,6,1,Completed
L07086,C08,6,64.2,3,2,2,Completed
L07087,C08,3,56.6,2,0,2,Completed
L07088,C03,6,59.3,1,5,2,Not Completed
L07089,C02,3,71.8,2,2,3,Completed
L07090,C04,2,55.7,3,5,0,Completed
L07091,C05,7,60.1,3,6,3,Completed
L07092,C06,1,28.1,1,2,0,Not Completed
L07093,C09,1,60.0,7,3,0,Not Completed
L07094,C08,5,78.5,5,5,4,Completed
L07095,C07,6,67.9,3,6,2,Completed
L07096,C03,7,52.9,3,3,5,Completed
L07097,C05,5,70.6,5,3,4,Completed
L07098,C04,6,75.4,7,2,4,Completed
L07099,C03,7,72.6,2,1,2,Completed
L07100,C01,6,63.1,3,1,4,Completed
L07101,C04,4,35.3,3,1,1,Not Completed
L07102,C03,5,26.0,5,4,0,Completed
L07103,C06,10,61.9,6,1,3,Completed
L07104,C01,6,80.8,5,4,1,Completed
L07105,C03,7,67.6,4,2,4,Completed
L07106,C01,2,28.3,3,1,1,Completed
L07107,C07,5,46.6,2,1,3,Completed
L07108,C06,5,58.1,3,2,2,Completed
L07109,C04,8,38.1,2,3,1,Completed
L07110,C02,6,85.1,1,2,9,Completed
L07111,C10,2,24.6,2,0,1,Not Completed
L07112,C06,3,35.6,1,2,2,Completed
L07113,C07,4,17.5,2,1,3,Completed
L07114,C06,4,52.4,2,2,3,Completed
L07115,C08,9,63.9,4,2,7,Completed
L07116,C09,6,53.3,2,4,1,Completed
L07117,C04,2,39.5,4,0,3,Completed
L07118,C07,4,65.0,7,2,1,Completed
L07119,C03,7,50.9,1,4,2,Not Completed
L07120,C07,7,70.9,4,0,5,Not Completed
L07121,C04,4,17.9,1,1,2,Not Completed
L07122,C01,2,39.0,2,4,2,Not Completed
L07123,C10,6,100.0,1,5,7,Completed
L07124,C09,13,63.8,3,8,3,Completed
L07125,C03,1,57.2,2,4,2,Not Completed
L07126,C10,1,44.7,3,0,1,Not Completed
L07127,C04,2,15.7,1,4,2,Not Completed
L07128,C05,4,47.1,2,1,2,Completed
L07129,C09,5,81.1,3,6,3,Completed
L07130,C04,8,74.7,7,3,1,Completed
L07131,C05,3,20.9,0,1,0,Not Completed
L07132,C07,9,81.2,3,2,1,Completed
L07133,C02,1,48.4,3,5,3,Not Completed
L07134,C05,3,55.3,2,1,2,Not Completed
L07135,C04,3,43.9,1,8,3,Completed
L07136,C07,9,97.0,4,5,4,Completed
L07137,C02,11,79.1,7,1,3,Not Completed
L07138,C03,2,45.9,0,1,1,Not Completed
L07139,C08,6,62.4,1,5,0,Not Completed
L07140,C02,2,48.7,3,0,3,Not Completed
L07141,C05,5,43.8,2,4,4,Completed
L07142,C08,6,55.4,2,1,1,Completed
L07143,C08,6,79.1,3,4,2,Completed
L07144,C01,4,80.3,5,5,3,Completed
L07145,C09,1,52.7,6,6,2,Not Completed
L07146,C08,5,100.0,10,4,3,Completed
L07147,C04,8,79.6,2,1,5,Completed
L07148,C08,4,70.5,3,1,1,Completed
L07149,C08,1,30.5,1,0,1,Not Completed
L07150,C07,8,42.5,7,2,2,Completed
L07151,C06,4,43.9,3,1,3,Completed
L07152,C08,1,17.2,1,1,1,Completed
L07153,C10,7,36.6,1,0,3,Completed
L07154,C06,6,76.5,2,4,5,Completed
L07155,C08,4,50.1,3,4,6,Completed
L07156,C08,7,71.0,3,5,3,Completed
L07157,C09,2,30.6,0,1,0,Completed
L07158,C10,4,38.7,2,1,3,Completed
L07159,C02,6,82.2,5,1,5,Completed
L07160,C02,3,24.1,1,0,1,Completed
L07161,C06,5,81.4,6,3,3,Completed
L07162,C05,4,67.6,4,4,2,Completed
L07163,C06,6,48.1,2,4,1,Completed
L07164,C08,8,36.3,1,1,3,Completed
L07165,C10,7,43.9,2,2,1,Completed
L07166,C05,6,47.6,5,5,0,Not Completed
L07167,C08,11,90.2,3,7,5,Completed
L07168,C02,5,86.1,5,6,5,Completed
L07169,C06,0,61.4,4,2,2,Not Completed
L07170,C01,9,81.0,2,3,1,Completed
L07171,C05,9,67.4,8,3,0,Completed
L07172,C06,7,44.1,1,2,1,Not Completed
L07173,C08,5,69.8,2,5,7,Completed
L07174,C07,7,69.7,4,2,6,Completed
L07175,C04,4,40.0,1,2,3,Not Completed
L07176,C01,2,7.8,0,0,0,Not Completed
L07177,C02,9,58.7,4,3,3,Completed
L07178,C10,9,51.7,4,1,5,Completed
L07179,C10,4,40.2,1,3,0,Completed
L07180,C04,2,70.8,4,2,5,Completed
L07181,C03,3,70.6,4,2,3,Completed
L07182,C05,2,58.0,5,5,0,Not Completed
L07183,C07,7,64.4,6,1,3,Completed
L07184,C04,3,43.6,0,0,4,Completed
L07185,C01,4,39.9,2,4,2,Not Completed
L07186,C05,4,64.1,1,4,1,Completed
L07187,C03,5,51.3,2,2,2,Completed
L07188,C04,6,37.7,1,4,3,Not Completed
L07189,C02,5,51.8,1,3,0,Completed
L07190,C07,3,75.1,5,2,1,Not Completed
L07191,C06,13,86.4,7,4,3,Completed
L07192,C03,2,33.9,4,6,4,Not Completed
L07193,C06,2,50.7,4,0,4,Completed
L07194,C05,2,18.3,0,1,1,Not Completed
L07195,C08,3,79.7,3,4,6,Completed
L07196,C10,1,55.2,2,1,0,Not Completed
L07197,C02,3,68.2,4,1,4,Completed
L07198,C09,7,66.4,2,4,4,Not Completed
L07199,C08,4,21.1,2,0,1,Not Completed
L07200,C07,2,56.0,3,4,1,Completed
L07201,C04,5,42.2,3,3,2,Not Completed
L07202,C04,11,55.3,4,5,5,Completed
L07203,C01,0,35.4,2,1,2,Not Completed
L07204,C10,8,82.7,7,3,3,Completed
L07205,C07,10,53.6,3,2,4,Completed
L07206,C05,1,47.7,2,1,0,Not Completed
L07207,C06,3,31.2,1,0,1,Not Completed
L07208,C01,4,49.9,5,2,1,Completed
L07209,C02,4,51.4,1,7,1,Completed
L07210,C07,12,84.4,3,2,0,Completed
L07211,C05,2,19.4,1,0,0,Not Completed
L07212,C08,2,21.4,1,1,1,Completed
L07213,C07,10,91.1,2,6,2,Completed
L07214,C07,3,58.3,2,4,4,Completed
L07215,C09,7,73.7,5,2,3,Completed
L07216,C01,6,64.9,5,5,7,Completed
L07217,C07,7,26.5,1,0,0,Not Completed
L07218,C08,3,54.5,2,0,3,Completed
L07219,C03,11,84.3,5,3,3,Completed
L07220,C02,8,83.9,2,3,1,Completed
L07221,C03,4,28.3,0,1,2,Not Completed
L07222,C02,6,74.4,8,5,2,Completed
L07223,C06,3,72.4,2,6,3,Completed
L07224,C02,4,77.3,5,5,2,Completed
L07225,C07,3,71.1,3,3,7,Completed
L07226,C02,6,34.2,3,0,3,Not Completed
L07227,C01,1,21.7,1,1,0,Not Completed
L07228,C04,2,38.3,0,1,2,Completed
L07229,C02,6,63.4,2,1,2,Completed
L07230,C10,7,55.1,8,1,1,Completed
L07231,C04,10,64.1,2,5,7,Completed
L07232,C03,2,26.7,0,3,1,Completed
L07233,C02,6,64.4,2,1,2,Completed
L07234,C04,6,84.3,2,4,3,Completed
L07235,C07,5,38.8,2,3,2,Not Completed
L07236,C08,7,56.4,3,4,1,Not Completed
L07237,C04,3,58.6,0,1,0,Completed
L07238,C07,8,82.6,9,4,1,Completed
L07239,C05,6,72.8,5,7,1,Not Completed
L07240,C09,2,19.9,4,1,1,Not Completed
L07241,C06,7,50.9,5,3,2,Completed
L07242,C03,4,57.7,3,4,3,Completed
L07243,C08,0,10.3,0,0,1,Not Completed
L07244,C09,11,77.9,4,3,2,Completed
L07245,C05,7,43.5,3,3,2,Completed
L07246,C10,3,75.1,2,2,2,Not Completed
L07247,C09,2,37.2,4,2,2,Completed
L07248,C02,10,63.3,6,2,3,Completed
L07249,C08,10,54.8,1,1,3,Completed
L07250,C07,1,69.1,6,2,4,Completed
L07251,C06,6,74.3,1,4,2,Completed
L07252,C05,8,57.1,5,2,4,Completed
L07253,C09,6,41.3,5,0,1,Completed
L07254,C07,3,40.4,4,0,4,Not Completed
L07255,C06,4,36.6,5,0,3,Not Completed
L07256,C01,1,27.1,6,1,2,Completed
L07257,C05,4,64.1,3,3,7,Completed
L07258,C10,6,25.8,2,1,4,Not Completed
L07259,C08,7,81.6,6,2,3,Completed
L07260,C01,1,19.4,2,1,0,Not Completed
L07261,C09,5,34.2,4,1,1,Not Completed
L07262,C09,9,68.6,6,5,4,Completed
L07263,C06,10,45.3,9,4,0,Not Completed
L07264,C01,8,32.5,1,1,0,Completed
L07265,C06,2,78.0,5,5,4,Completed
L07266,C01,6,63.2,3,3,1,Completed
L07267,C04,2,35.0,0,0,1,Not Completed
L07268,C07,1,59.4,6,3,3,Not Completed
L07269,C10,12,29.7,2,4,1,Completed
L07270,C04,9,72.4,3,3,1,Completed
L07271,C09,9,74.2,3,4,1,Completed
L07272,C10,5,40.3,0,2,3,Completed
L07273,C01,3,93.1,1,5,8,Completed
L07274,C03,7,81.2,4,1,4,Completed
L07275,C08,4,56.1,5,3,2,Completed
L07276,C08,6,60.0,2,2,4,Completed
L07277,C04,2,11.1,1,2,0,Not Completed
L07278,C07,2,67.6,1,1,2,Completed
L07279,C07,3,66.2,5,1,0,Not Completed
L07280,C08,3,74.0,5,4,4,Completed
L07281,C08,6,53.8,6,2,4,Completed
L07282,C01,10,58.4,4,3,1,Completed
L07283,C02,8,74.8,3,2,4,Completed
L07284,C02,2,29.8,3,0,2,Not Completed
L07285,C10,6,70.8,1,3,4,Completed
L07286,C10,4,85.4,4,1,3,Not Completed
L07287,C08,3,53.3,3,1,0,Not Completed
L07288,C02,1,15.1,2,0,0,Not Completed
L07289,C06,15,84.3,2,3,1,Completed
L07290,C02,0,0.0,1,1,1,Not Completed
L07291,C04,1,42.4,6,4,4,Completed
L07292,C03,3,34.7,3,1,1,Completed
L07293,C09,5,62.7,2,4,3,Completed
L07294,C02,6,16.7,1,1,2,Completed
L07295,C07,5,72.7,5,4,5,Completed
L07296,C10,9,69.2,4,1,2,Completed
L07297,C07,4,21.3,1,2,1,Not Completed
L07298,C01,11,98.7,6,3,2,Completed
L07299,C10,7,58.3,3,2,7,Completed
L07300,C07,3,45.1,4,4,2,Completed
L07301,C05,0,23.0,1,0,1,Completed
L07302,C07,5,55.2,3,1,4,Not Completed
L07303,C09,4,62.9,4,2,3,Completed
L07304,C05,6,55.9,6,4,3,Completed
L07305,C06,3,62.3,2,5,1,Completed
L07306,C05,4,100.0,4,4,5,Completed
L07307,C01,8,77.4,2,0,1,Completed
L07308,C08,1,23.2,5,0,1,Not Completed
L07309,C02,6,29.0,3,2,1,Completed
L07310,C04,3,53.6,1,2,2,Not Completed
L07311,C04,3,26.8,0,0,1,Not Completed
L07312,C03,0,30.5,0,3,2,Not Completed
L07313,C05,5,66.6,4,7,4,Completed
L07314,C07,6,74.5,1,2,5,Completed
L07315,C04,9,79.4,5,3,3,Completed
L07316,C02,6,39.4,3,3,0,Completed
L07317,C09,8,72.4,3,3,2,Completed
L07318,C10,3,60.6,2,1,2,Not Completed
L07319,C05,6,87.6,8,2,5,Completed
L07320,C04,4,72.4,3,4,2,Completed
L07321,C01,7,31.2,0,0,3,Not Completed
L07322,C01,2,15.2,1,0,1,Not Completed
L07323,C04,7,46.8,2,4,1,Completed
L07324,C10,5,71.5,7,3,4,Completed
L07325,C08,5,45.4,3,0,4,Not Completed
L07326,C04,7,42.8,10,2,3,Completed
L07327,C10,4,74.5,2,3,2,Completed
L07328,C05,4,46.1,3,1,3,Completed
L07329,C03,3,87.8,3,4,2,Completed
L07330,C05,5,54.8,4,1,3,Not Completed
L07331,C03,9,44.9,3,1,5,Completed
L07332,C09,4,52.5,4,2,1,Completed
L07333,C04,1,29.6,0,1,1,Completed
L07334,C07,4,42.1,0,2,2,Not Completed
L07335,C04,5,48.4,8,5,2,Completed
L07336,C10,3,48.8,2,5,2,Not Completed
L07337,C07,1,13.7,0,2,0,Not Completed
L07338,C05,5,82.0,5,7,6,Completed
L07339,C02,6,31.6,3,1,1,Completed
L07340,C10,4,43.4,3,3,3,Not Completed
L07341,C06,2,35.2,2,2,2,Not Completed
L07342,C03,2,36.4,1,2,1,Completed
L07343,C09,8,57.9,3,3,2,Not Completed
L07344,C01,0,43.0,5,2,0,Not Completed
L07345,C04,7,47.3,2,5,3,Completed
L07346,C06,9,65.9,4,5,10,Completed
L07347,C04,3,54.3,2,2,1,Completed
L07348,C05,5,68.1,4,3,2,Completed
L07349,C03,5,82.5,4,6,6,Completed
L07350,C02,1,40.6,3,1,4,Not Completed
L07351,C01,8,63.9,5,5,4,Completed
L07352,C02,5,54.2,1,0,2,Not Completed
L07353,C10,8,76.7,2,1,6,Completed
L07354,C06,4,55.9,4,4,2,Not Completed
L07355,C05,5,57.8,3,1,3,Completed
L07356,C04,6,83.8,2,2,2,Completed
L07357,C08,6,72.1,6,6,9,Completed
L07358,C02,4,33.5,2,2,1,Not Completed
L07359,C03,5,65.9,4,3,3,Completed
L07360,C07,8,40.3,2,3,0,Completed
L07361,C05,7,99.0,7,8,3,Completed
L07362,C08,10,87.9,3,2,4,Completed
L07363,C09,5,29.4,0,1,0,Not Completed
L07364,C09,1,17.1,2,1,1,Not Completed
L07365,C02,3,40.5,4,2,0,Not Completed
L07366,C01,5,50.5,3,1,1,Completed
L07367,C02,5,47.4,2,0,2,Completed
L07368,C08,5,43.6,2,5,3,Not Completed
L07369,C10,7,78.7,4,3,1,Completed
L07370,C10,1,34.6,1,1,1,Not Completed
L07371,C03,2,23.5,2,0,0,Not Completed
L07372,C09,5,66.9,9,6,2,Completed
L07373,C06,7,51.8,4,3,2,Completed
L07374,C09,9,59.9,2,5,3,Completed
L07375,C06,7,45.4,2,1,1,Completed
L07376,C02,10,60.6,4,5,3,Completed
L07377,C01,2,10.3,0,0,0,Not Completed
L07378,C10,6,84.3,5,3,4,Not Completed
L07379,C05,4,26.6,0,0,4,Not Completed
L07380,C04,4,66.1,1,3,3,Not Completed
L07381,C04,3,60.6,5,0,1,Not Completed
L07382,C04,3,43.7,1,2,0,Completed
L07383,C10,6,50.4,4,4,6,Completed
L07384,C01,11,54.7,2,6,2,Completed
L07385,C02,8,73.1,3,5,4,Completed
L07386,C08,3,93.4,7,5,3,Completed
L07387,C06,2,1.5,0,1,0,Not Completed
L07388,C02,4,56.8,2,3,2,Not Completed
L07389,C01,12,68.9,5,5,2,Completed
L07390,C03,2,27.9,4,0,1,Not Completed
L07391,C03,2,2.4,2,0,0,Not Completed
L07392,C01,4,83.5,6,5,6,Completed
L07393,C03,12,98.6,7,5,5,Not Completed
L07394,C08,5,36.8,0,0,1,Not Completed
L07395,C09,3,59.6,2,2,2,Not Completed
L07396,C09,5,87.7,5,4,1,Completed
L07397,C04,5,66.0,5,3,2,Not Completed
L07398,C04,1,51.4,1,1,0,Not Completed
L07399,C10,6,87.4,6,2,2,Completed
L07400,C08,1,87.8,4,2,1,Completed
L07401,C06,3,24.5,1,0,0,Not Completed
L07402,C03,6,58.3,3,2,2,Completed
L07403,C04,9,69.7,2,4,6,Completed
L07404,C05,3,70.4,4,3,3,Completed
L07405,C06,5,81.8,6,3,2,Completed
L07406,C01,7,33.9,5,4,2,Completed
L07407,C10,1,18.7,1,0,1,Not Completed
L07408,C06,3,59.9,2,2,1,Completed
L07409,C06,4,75.2,6,2,0,Completed
L07410,C03,9,72.8,4,7,6,Completed
L07411,C08,5,20.0,0,2,0,Not Completed
L07412,C08,7,60.6,2,3,4,Not Completed
L07413,C01,1,18.4,4,0,0,Not Completed
L07414,C06,9,78.8,4,2,0,Completed
L07415,C07,6,88.7,10,2,8,Completed
L07416,C09,10,77.5,2,4,3,Completed
L07417,C02,7,91.6,2,3,5,Completed
L07418,C09,6,72.1,2,3,2,Completed
L07419,C05,2,23.5,4,0,1,Completed
L07420,C01,4,14.4,3,0,1,Completed
L07421,C02,13,55.2,10,3,4,Completed
L07422,C02,4,81.6,3,3,3,Completed
L07423,C03,4,70.0,4,4,6,Completed
L07424,C05,10,77.2,4,5,5,Completed
L07425,C08,12,98.9,5,3,5,Completed
L07426,C02,7,35.6,1,4,1,Completed
L07427,C10,14,95.0,3,5,4,Completed
L07428,C02,6,50.7,3,2,1,Completed
L07429,C06,2,43.5,1,3,1,Completed
L07430,C10,6,43.1,4,4,1,Completed
L07431,C09,8,74.0,0,3,1,Completed
L07432,C07,4,72.1,2,2,2,Not Completed
L07433,C08,2,33.3,2,1,1,Not Completed
L07434,C02,9,72.6,4,4,2,Completed
L07435,C01,4,55.2,3,1,2,Completed
L07436,C05,6,57.7,1,1,2,Not Completed
L07437,C01,6,48.6,4,1,1,Completed
L07438,C04,7,62.5,5,3,5,Completed
L07439,C03,4,43.1,0,4,0,Not Completed
L07440,C10,2,29.1,2,2,1,Not Completed
L07441,C09,2,17.3,2,0,1,Not Completed
L07442,C09,4,36.6,4,1,2,Completed
L07443,C08,4,41.4,1,2,3,Not Completed
L07444,C02,4,54.9,2,2,4,Completed
L07445,C01,7,63.9,1,0,4,Completed
L07446,C07,4,26.2,2,2,1,Completed
L07447,C07,8,75.7,2,4,4,Completed
L07448,C04,0,23.6,2,1,0,Not Completed
L07449,C05,5,20.0,2,0,3,Not Completed
L07450,C05,9,77.1,5,1,7,Completed
L07451,C03,5,50.7,7,1,0,Not Completed
L07452,C04,2,38.0,1,1,2,Not Completed
L07453,C05,4,37.4,0,2,0,Not Completed
L07454,C07,8,57.4,7,0,2,Not Completed
L07455,C10,7,96.6,5,4,7,Completed
L07456,C06,1,88.2,7,3,4,Completed
L07457,C08,5,28.0,4,1,0,Completed
L07458,C08,0,53.6,5,1,2,Completed
L07459,C02,9,76.9,5,4,3,Completed
L07460,C07,5,51.8,3,2,4,Not Completed
L07461,C05,3,61.1,4,3,3,Completed
L07462,C06,6,61.6,3,8,4,Completed
L07463,C01,4,16.4,3,3,0,Not Completed
L07464,C10,3,19.9,0,1,0,Completed
L07465,C10,7,67.0,7,5,3,Completed
L07466,C01,3,65.7,3,2,6,Completed
L07467,C03,7,71.2,3,2,3,Not Completed
L07468,C02,4,53.4,2,4,1,Not Completed
L07469,C08,5,56.5,3,3,1,Not Completed
L07470,C06,5,46.6,3,0,0,Not Completed
L07471,C02,4,47.1,2,3,4,Completed
L07472,C09,9,62.9,3,2,1,Completed
L07473,C04,4,72.5,6,2,3,Completed
L07474,C05,0,22.0,1,0,0,Not Completed
L07475,C04,1,41.8,2,1,3,Not Completed
L07476,C06,9,57.8,3,3,2,Completed
L07477,C05,7,39.5,0,1,2,Completed
L07478,C03,1,34.0,1,1,2,Not Completed
L07479,C05,5,70.6,8,4,5,Completed
L07480,C10,6,36.6,2,0,0,Completed
L07481,C05,8,91.4,6,0,2,Completed
L07482,C10,2,17.1,1,0,0,Not Completed
L07483,C06,3,42.1,2,2,5,Completed
L07484,C08,2,50.4,2,3,2,Completed
L07485,C03,1,84.3,2,2,4,Completed
L07486,C08,4,68.6,2,1,1,Completed
L07487,C03,3,7.9,1,0,2,Not Completed
L07488,C01,7,80.3,6,3,2,Completed
L07489,C02,4,82.1,4,0,2,Completed
L07490,C01,8,65.6,2,1,2,Not Completed
L07491,C10,1,42.4,1,1,1,Not Completed
L07492,C10,3,36.4,2,1,0,Not Completed
L07493,C08,10,67.2,6,3,4,Completed
L07494,C02,5,63.7,4,4,3,Not Completed
L07495,C09,9,77.8,3,1,2,Completed
L07496,C08,4,38.8,1,2,0,Not Completed
L07497,C04,4,45.9,3,4,0,Completed
L07498,C05,4,73.7,4,6,2,Completed
L07499,C07,6,61.8,2,3,3,Completed
L07500,C01,5,80.6,7,2,4,Completed
L07501,C05,2,37.8,1,1,1,Not Completed
L07502,C08,5,75.4,5,5,3,Completed
L07503,C02,6,85.6,4,4,5,Completed
L07504,C05,4,69.2,6,2,6,Completed
L07505,C06,3,69.0,3,1,1,Completed
L07506,C08,7,44.9,5,2,2,Not Completed
L07507,C10,3,65.9,4,2,2,Completed
L07508,C09,6,49.5,3,3,3,Completed
L07509,C07,8,90.9,6,3,2,Completed
L07510,C06,4,36.3,1,4,1,Not Completed
L07511,C07,9,83.3,3,3,4,Completed
L07512,C06,5,69.4,3,3,4,Completed
L07513,C01,6,60.1,2,2,5,Completed
L07514,C07,9,63.1,3,1,3,Completed
L07515,C08,9,53.2,2,1,2,Completed
L07516,C05,6,60.4,3,3,2,Completed
L07517,C09,2,40.5,2,2,1,Completed
L07518,C07,1,36.0,2,4,0,Completed
L07519,C04,5,43.6,2,0,3,Not Completed
L07520,C01,4,69.0,4,3,4,Completed
L07521,C01,3,17.7,2,0,1,Not Completed
L07522,C04,3,61.2,3,4,6,Completed
L07523,C05,6,50.8,1,3,4,Completed
L07524,C02,9,65.1,2,4,3,Not Completed
L07525,C02,5,44.0,1,3,3,Not Completed
L07526,C03,4,17.2,0,0,0,Not Completed
L07527,C08,3,70.3,1,3,3,Completed
L07528,C08,4,50.3,2,1,1,Not Completed
L07529,C04,2,34.1,2,3,1,Completed
L07530,C02,2,3.0,0,0,1,Not Completed
L07531,C02,7,74.8,9,3,2,Completed
L07532,C01,8,85.2,8,6,2,Completed
L07533,C04,7,80.4,4,3,2,Completed
L07534,C01,2,51.0,0,0,2,Not Completed
L07535,C04,4,32.4,2,0,2,Completed
L07536,C10,4,25.5,1,1,0,Not Completed
L07537,C05,10,60.2,3,7,0,Completed
L07538,C09,7,50.2,1,2,1,Not Completed
L07539,C02,3,27.8,0,3,1,Not Completed
L07540,C03,4,57.4,4,0,1,Not Completed
L07541,C10,3,38.6,3,3,0,Completed
L07542,C04,2,54.0,2,4,5,Not Completed
L07543,C07,6,40.6,5,2,1,Not Completed
L07544,C10,7,76.5,7,8,3,Completed
L07545,C06,3,95.2,3,4,4,Completed
L07546,C04,2,56.8,2,3,1,Not Completed
L07547,C06,7,53.5,4,5,5,Completed
L07548,C01,5,63.8,2,3,3,Completed
L07549,C02,9,58.0,8,5,1,Completed
L07550,C01,5,63.5,1,2,2,Not Completed
L07551,C09,7,49.7,6,2,1,Completed
L07552,C07,5,28.9,1,1,0,Not Completed
L07553,C03,4,43.3,1,1,3,Not Completed
L07554,C03,9,91.3,6,2,3,Completed
L07555,C07,2,55.0,0,0,0,Not Completed
L07556,C10,6,73.6,5,4,2,Completed
L07557,C03,5,35.7,0,0,0,Completed
L07558,C04,5,55.2,3,2,2,Completed
L07559,C09,3,35.9,1,1,2,Completed
L07560,C09,3,0.0,0,0,0,Not Completed
L07561,C10,6,89.7,3,1,2,Completed
L07562,C03,9,75.5,1,3,3,Not Completed
L07563,C02,8,77.5,3,2,1,Completed
L07564,C05,1,52.3,1,1,3,Not Completed
L07565,C03,6,87.1,3,8,2,Completed
L07566,C09,5,61.9,8,4,4,Completed
L07567,C01,5,20.9,3,1,2,Completed
L07568,C07,9,92.7,10,4,3,Completed
L07569,C10,5,73.6,6,7,5,Completed
L07570,C10,3,20.4,3,0,2,Not Completed
L07571,C07,5,0.0,1,1,1,Not Completed
L07572,C10,4,62.4,4,4,2,Not Completed
L07573,C01,7,92.0,6,5,1,Completed
L07574,C04,11,60.0,5,6,3,Completed
L07575,C01,4,67.3,2,1,2,Completed
L07576,C10,5,53.8,4,2,1,Completed
L07577,C10,6,78.9,2,3,4,Completed
L07578,C01,6,73.2,5,3,1,Completed
L07579,C01,5,60.7,8,3,2,Completed
L07580,C04,5,63.9,5,7,2,Completed
L07581,C03,4,14.7,3,1,3,Not Completed
L07582,C09,5,63.1,6,1,1,Not Completed
L07583,C02,3,39.1,1,4,0,Not Completed
L07584,C08,5,50.6,2,2,5,Not Completed
L07585,C06,8,57.2,3,4,5,Completed
L07586,C04,4,58.2,2,1,1,Not Completed
L07587,C02,6,70.0,5,5,4,Completed
L07588,C10,9,58.0,4,0,0,Not Completed
L07589,C07,7,63.6,1,4,4,Completed
L07590,C05,9,49.2,5,3,0,Completed
L07591,C04,8,62.3,3,5,3,Completed
L07592,C10,3,47.7,1,0,2,Not Completed
L07593,C09,1,33.9,2,2,1,Completed
L07594,C09,6,53.1,6,4,3,Not Completed
L07595,C07,5,29.1,0,4,2,Not Completed
L07596,C09,7,77.2,3,5,4,Completed
L07597,C03,5,70.0,5,4,3,Completed
L07598,C08,6,36.5,4,3,3,Completed
L07599,C05,6,70.2,5,4,1,Completed
L07600,C06,0,25.2,1,0,3,Completed
L07601,C10,0,55.0,0,1,1,Not Completed
L07602,C10,8,94.7,8,2,5,Completed
L07603,C05,7,81.3,10,4,5,Completed
L07604,C06,4,70.4,7,4,5,Completed
L07605,C09,6,81.1,4,2,4,Completed
L07606,C10,4,57.3,1,5,0,Not Completed
L07607,C08,11,96.6,10,2,8,Completed
L07608,C01,6,75.6,6,4,2,Completed
L07609,C04,6,61.9,5,3,3,Not Completed
L07610,C09,3,58.5,5,3,4,Completed
L07611,C08,7,64.8,4,3,7,Completed
L07612,C08,9,71.4,4,6,6,Completed
L07613,C07,4,18.3,0,2,2,Not Completed
L07614,C05,5,64.0,1,3,2,Completed
L07615,C05,3,81.5,6,6,4,Completed
L07616,C08,5,35.2,1,6,1,Not Completed
L07617,C03,4,66.2,8,6,4,Completed
L07618,C07,9,67.5,1,5,3,Completed
L07619,C08,12,59.8,3,1,5,Completed
L07620,C09,8,86.6,3,6,4,Completed
L07621,C04,2,66.1,4,6,1,Completed
L07622,C08,6,69.9,4,2,3,Not Completed
L07623,C02,0,36.6,0,0,1,Not Completed
L07624,C02,6,38.9,4,0,2,Completed
L07625,C05,5,71.0,9,2,1,Completed
L07626,C01,3,41.8,3,1,1,Completed
L07627,C10,3,41.6,1,2,1,Not Completed
L07628,C10,2,28.5,1,0,2,Not Completed
L07629,C01,7,68.0,3,4,4,Completed
L07630,C09,7,64.7,3,3,3,Completed
L07631,C05,6,32.4,1,2,2,Not Completed
L07632,C08,1,44.5,2,1,1,Not Completed
L07633,C09,5,76.0,5,2,2,Completed
L07634,C06,5,66.7,2,2,5,Completed
L07635,C02,1,53.8,1,1,1,Completed
L07636,C01,2,80.3,2,5,5,Completed
L07637,C05,4,41.6,1,3,4,Not Completed
L07638,C10,8,78.9,5,0,3,Completed
L07639,C06,8,81.8,4,6,6,Completed
L07640,C04,5,39.8,2,0,2,Not Completed
L07641,C01,6,52.2,6,1,4,Not Completed
L07642,C10,5,54.5,2,3,2,Not Completed
L07643,C04,2,26.0,0,1,1,Not Completed
L07644,C08,3,24.4,0,0,0,Completed
L07645,C07,3,70.1,2,7,5,Completed
L07646,C03,7,62.6,3,1,6,Completed
L07647,C01,5,65.6,4,3,4,Completed
L07648,C04,8,44.3,3,3,3,Completed
L07649,C04,4,77.7,6,5,2,Not Completed
L07650,C08,9,80.1,5,7,5,Completed
L07651,C09,2,45.8,3,0,1,Not Completed
L07652,C03,7,57.2,2,3,3,Completed
L07653,C06,9,90.5,2,6,3,Completed
L07654,C01,2,62.1,7,4,1,Completed
L07655,C03,2,46.1,0,2,3,Completed
L07656,C08,9,69.4,6,1,2,Not Completed
L07657,C08,4,68.0,5,3,2,Completed
L07658,C08,2,36.2,3,2,0,Not Completed
L07659,C02,7,46.8,1,0,1,Completed
L07660,C06,2,72.8,7,3,8,Completed
L07661,C05,0,56.0,1,2,5,Not Completed
L07662,C10,5,46.0,3,5,2,Completed
L07663,C07,3,44.5,2,1,3,Completed
L07664,C10,5,36.0,3,1,1,Completed
L07665,C02,5,53.7,1,3,4,Completed
L07666,C05,6,56.9,2,2,3,Completed
L07667,C08,9,77.4,4,5,8,Completed
L07668,C04,1,81.7,5,2,2,Completed
L07669,C07,3,50.6,3,1,4,Completed
L07670,C05,4,45.4,1,1,3,Completed
L07671,C10,5,45.5,6,2,9,Completed
L07672,C02,2,51.5,3,3,1,Completed
L07673,C10,2,37.3,0,3,1,Not Completed
L07674,C05,6,67.2,6,5,6,Completed
L07675,C05,4,50.2,3,1,2,Not Completed
L07676,C06,4,91.3,7,3,4,Completed
L07677,C03,7,99.1,3,3,3,Completed
L07678,C10,3,53.4,1,2,1,Not Completed
L07679,C10,3,77.7,6,2,5,Not Completed
L07680,C10,6,59.2,2,4,1,Completed
L07681,C10,4,69.9,1,1,0,Completed
L07682,C07,7,75.2,4,3,2,Completed
L07683,C05,9,85.0,4,5,2,Completed
L07684,C09,5,68.3,8,4,4,Completed
L07685,C01,9,69.2,3,0,2,Not Completed
L07686,C09,5,73.3,7,4,3,Completed
L07687,C05,5,44.0,3,3,1,Not Completed
L07688,C07,5,56.7,4,2,1,Not Completed
L07689,C04,5,60.6,7,1,7,Completed
L07690,C04,5,54.9,5,0,3,Completed
L07691,C01,7,60.5,0,0,1,Completed
L07692,C05,5,67.9,1,4,2,Completed
L07693,C05,4,66.5,3,2,3,Not Completed
L07694,C03,6,60.3,5,2,4,Not Completed
L07695,C03,8,77.9,1,3,0,Not Completed
L07696,C06,7,78.1,1,1,1,Not Completed
L07697,C04,9,100.0,4,6,3,Completed
L07698,C09,3,69.3,2,1,1,Not Completed
L07699,C02,6,43.3,1,3,3,Completed
L07700,C06,3,5.5,0,0,3,Not Completed
L07701,C02,1,15.4,3,1,0,Not Completed
L07702,C06,4,38.1,4,1,0,Not Completed
L07703,C06,4,53.8,0,4,0,Completed
L07704,C07,6,55.0,3,5,3,Not Completed
L07705,C05,3,49.1,3,1,2,Completed
L07706,C05,2,60.4,4,2,2,Completed
L07707,C02,8,88.8,3,7,9,Completed
L07708,C05,9,72.9,6,4,4,Completed
L07709,C04,7,48.7,2,2,0,Not Completed
L07710,C07,2,37.5,2,0,2,Not Completed
L07711,C05,3,39.8,1,1,1,Not Completed
L07712,C08,4,77.9,4,2,1,Completed
L07713,C05,5,45.7,4,5,0,Completed
L07714,C03,9,74.2,1,1,2,Not Completed
L07715,C03,4,55.3,5,3,3,Completed
L07716,C01,10,67.4,3,0,3,Completed
L07717,C06,4,32.6,3,0,2,Completed
L07718,C09,7,46.4,4,1,5,Not Completed
L07719,C08,6,59.4,5,2,2,Completed
L07720,C05,4,29.0,4,0,1,Not Completed
L07721,C02,7,68.3,3,3,5,Completed
L07722,C09,6,60.6,7,0,5,Not Completed
L07723,C01,5,57.9,1,3,2,Not Completed
L07724,C04,0,20.3,2,2,0,Completed
L07725,C09,4,64.7,2,1,3,Not Completed
L07726,C04,3,40.8,0,3,1,Not Completed
L07727,C02,3,57.8,6,6,2,Completed
L07728,C03,6,53.9,1,0,3,Not Completed
L07729,C07,2,39.7,2,1,0,Completed
L07730,C02,8,79.3,7,5,2,Completed
L07731,C07,3,58.5,7,4,1,Completed
L07732,C05,4,67.3,3,1,3,Not Completed
L07733,C04,8,73.1,5,5,6,Completed
L07734,C03,8,67.9,8,6,3,Completed
L07735,C09,10,74.6,7,1,4,Completed
L07736,C04,10,56.7,4,4,0,Completed
L07737,C08,7,53.0,3,3,8,Completed
L07738,C05,7,79.6,6,0,2,Completed
L07739,C01,8,58.7,6,3,1,Completed
L07740,C05,6,59.5,2,2,5,Not Completed
L07741,C05,4,93.9,5,4,5,Completed
L07742,C05,8,34.4,3,1,0,Completed
L07743,C09,0,35.3,0,2,2,Not Completed
L07744,C10,2,26.0,1,1,1,Not Completed
L07745,C08,8,55.3,3,1,2,Completed
L07746,C06,10,79.1,2,2,1,Completed
L07747,C06,4,38.1,4,1,1,Completed
L07748,C07,4,52.0,4,5,1,Not Completed
L07749,C03,4,54.7,4,0,1,Not Completed
L07750,C09,6,56.5,0,1,3,Not Completed
L07751,C09,2,75.2,9,3,2,Completed
L07752,C03,5,57.0,1,2,4,Not Completed
L07753,C10,3,29.9,2,3,2,Completed
L07754,C09,4,82.1,6,3,3,Completed
L07755,C05,3,49.8,3,1,2,Not Completed
L07756,C10,5,45.1,4,1,2,Not Completed
L07757,C02,12,85.1,7,6,0,Completed
L07758,C01,6,31.1,1,1,1,Not Completed
L07759,C04,6,58.0,3,3,3,Completed
L07760,C06,2,42.5,0,1,3,Completed
L07761,C04,7,98.7,4,2,2,Completed
L07762,C10,4,43.0,1,1,0,Not Completed
L07763,C03,6,59.2,4,0,0,Completed
L07764,C03,4,54.9,4,0,4,Completed
L07765,C07,5,44.4,0,3,1,Not Completed
L07766,C01,4,30.3,1,0,2,Not Completed
L07767,C08,5,70.7,3,3,2,Not Completed
L07768,C04,9,71.2,6,4,4,Completed
L07769,C10,6,59.0,2,4,2,Completed
L07770,C07,14,69.5,2,7,7,Completed
L07771,C01,1,34.9,3,2,2,Not Completed
L07772,C01,1,22.2,5,2,1,Completed
L07773,C01,4,51.1,2,3,1,Completed
L07774,C10,1,24.7,1,2,0,Completed
L07775,C07,7,31.8,3,3,2,Completed
L07776,C05,4,51.6,5,1,2,Completed
L07777,C02,6,35.0,1,3,1,Completed
L07778,C09,4,46.0,3,2,3,Not Completed
L07779,C02,7,72.4,4,4,2,Completed
L07780,C08,3,56.8,6,2,1,Completed
L07781,C08,8,36.7,4,4,1,Not Completed
L07782,C03,9,68.5,6,0,2,Completed
L07783,C05,4,38.6,2,3,1,Completed
L07784,C03,2,16.8,1,1,0,Not Completed
L07785,C04,2,38.5,3,0,3,Not Completed
L07786,C10,6,23.6,3,1,2,Completed
L07787,C07,4,72.5,7,2,1,Not Completed
L07788,C09,6,68.6,8,0,3,Completed
L07789,C06,5,22.8,3,2,2,Not Completed
L07790,C03,6,73.6,7,5,3,Not Completed
L07791,C08,5,36.7,0,5,1,Completed
L07792,C05,4,15.7,1,0,1,Not Completed
L07793,C02,8,79.6,6,3,1,Completed
L07794,C05,4,61.2,1,4,4,Completed
L07795,C07,3,62.4,7,3,0,Completed
L07796,C08,1,44.9,1,1,4,Completed
L07797,C03,6,45.4,3,2,2,Completed
L07798,C09,4,44.4,1,0,1,Not Completed
L07799,C04,2,10.3,0,0,0,Not Completed
L07800,C03,3,61.4,3,5,3,Completed
L07801,C02,11,98.9,7,2,2,Completed
L07802,C08,0,14.9,1,2,0,Not Completed
L07803,C04,5,49.8,2,1,3,Completed
L07804,C05,6,88.9,9,7,3,Completed
L07805,C03,9,88.3,4,2,3,Completed
L07806,C07,2,57.8,3,3,3,Not Completed
L07807,C08,8,87.9,5,6,2,Completed
L07808,C04,4,52.9,1,2,2,Not Completed
L07809,C10,1,24.7,2,1,0,Not Completed
L07810,C01,6,77.2,7,3,5,Not Completed
L07811,C02,7,55.1,5,4,1,Completed
L07812,C06,5,40.7,7,4,0,Completed
L07813,C08,6,38.1,5,0,5,Completed
L07814,C03,4,38.1,2,2,1,Not Completed
L07815,C06,5,96.4,6,4,4,Completed
L07816,C04,2,31.7,2,1,2,Not Completed
L07817,C06,2,26.8,0,0,0,Completed
L07818,C07,3,38.7,4,1,3,Not Completed
L07819,C10,10,63.1,2,4,2,Completed
L07820,C05,2,15.0,1,0,1,Not Completed
L07821,C07,5,52.6,3,4,1,Completed
L07822,C06,8,79.2,6,0,2,Not Completed
L07823,C04,4,46.3,2,3,3,Completed
L07824,C03,6,54.2,4,3,3,Completed
L07825,C10,8,51.5,6,1,8,Completed
L07826,C02,3,70.6,4,5,3,Completed
L07827,C08,8,62.4,4,2,2,Completed
L07828,C02,5,49.6,0,3,2,Completed
L07829,C08,6,53.1,5,3,1,Completed
L07830,C02,8,70.1,7,7,3,Completed
L07831,C10,8,86.5,9,2,3,Completed
L07832,C07,8,28.7,1,1,2,Completed
L07833,C01,2,47.7,1,3,3,Completed
L07834,C07,3,79.2,5,3,3,Not Completed
L07835,C07,4,20.0,1,2,1,Completed
L07836,C04,2,51.5,4,2,6,Completed
L07837,C03,4,28.2,7,2,3,Not Completed
L07838,C08,12,77.4,3,4,2,Completed
L07839,C08,6,39.3,4,0,2,Completed
L07840,C04,2,31.5,0,1,1,Not Completed
L07841,C09,2,14.2,1,0,1,Not Completed
L07842,C03,7,34.8,3,2,3,Completed
L07843,C01,9,45.3,1,1,2,Not Completed
L07844,C06,5,35.7,2,3,3,Not Completed
L07845,C02,7,68.4,3,3,4,Completed
L07846,C03,1,35.0,0,2,1,Not Completed
L07847,C05,15,83.3,5,1,5,Completed
L07848,C03,6,54.0,2,4,1,Completed
L07849,C03,1,23.0,1,0,0,Not Completed
L07850,C08,1,52.7,2,1,1,Not Completed
L07851,C06,2,35.5,1,2,3,Completed
L07852,C09,5,36.9,2,2,2,Not Completed
L07853,C06,4,73.9,6,3,2,Completed
L07854,C05,3,47.8,1,2,3,Not Completed
L07855,C03,4,48.8,1,2,3,Completed
L07856,C08,15,87.5,2,2,1,Completed
L07857,C02,4,56.4,1,3,2,Completed
L07858,C03,9,47.5,1,4,1,Completed
L07859,C09,11,57.6,3,3,2,Not Completed
L07860,C08,5,42.2,3,0,1,Completed
L07861,C07,10,53.5,1,2,2,Completed
L07862,C01,12,71.5,2,1,5,Not Completed
L07863,C02,3,50.9,0,4,1,Completed
L07864,C05,8,83.5,6,3,2,Not Completed
L07865,C08,6,57.6,3,1,2,Completed
L07866,C05,4,76.4,5,4,3,Not Completed
L07867,C01,1,7.0,2,0,1,Not Completed
L07868,C02,9,40.9,3,3,2,Completed
L07869,C06,1,24.4,3,0,1,Not Completed
L07870,C07,6,53.0,1,2,1,Not Completed
L07871,C01,4,25.2,2,3,1,Not Completed
L07872,C01,2,95.1,4,7,3,Completed
L07873,C03,4,65.8,4,6,1,Completed
L07874,C01,6,65.5,2,2,1,Completed
L07875,C06,5,40.1,0,0,0,Not Completed
L07876,C02,10,94.6,3,4,1,Completed
L07877,C07,0,13.5,0,1,0,Not Completed
L07878,C08,7,81.1,5,2,1,Completed
L07879,C10,7,40.0,1,1,2,Completed
L07880,C10,6,49.8,2,2,3,Completed
L07881,C03,5,56.2,5,1,0,Not Completed
L07882,C01,6,84.1,2,2,5,Completed
L07883,C04,4,63.6,3,1,4,Completed
L07884,C08,0,63.2,2,1,5,Completed
L07885,C01,6,74.8,5,1,2,Not Completed
L07886,C04,3,69.1,0,2,2,Completed
L07887,C03,3,15.6,3,0,2,Not Completed
L07888,C03,1,57.3,1,1,0,Completed
L07889,C08,2,60.0,6,5,3,Completed
L07890,C07,6,59.4,10,3,3,Not Completed
L07891,C06,5,90.4,5,3,1,Completed
L07892,C10,5,57.9,3,0,3,Completed
L07893,C02,2,31.6,2,1,2,Completed
L07894,C02,4,41.2,1,3,3,Completed
L07895,C04,2,34.3,0,1,2,Not Completed
L07896,C07,6,61.8,4,2,5,Completed
L07897,C06,5,63.8,4,2,2,Completed
L07898,C01,6,39.5,4,0,3,Completed
L07899,C10,5,52.3,4,1,2,Completed
L07900,C04,1,31.8,0,1,1,Not Completed
L07901,C04,1,8.5,2,1,0,Not Completed
L07902,C07,8,65.9,3,4,4,Completed
L07903,C10,9,87.0,0,3,1,Not Completed
L07904,C07,2,31.1,2,1,2,Completed
L07905,C10,2,46.3,3,0,3,Completed
L07906,C02,6,72.4,6,3,5,Completed
L07907,C07,6,43.0,1,3,3,Completed
L07908,C09,0,41.0,4,2,1,Not Completed
L07909,C05,2,53.9,6,3,3,Completed
L07910,C04,9,61.8,3,0,3,Completed
L07911,C10,7,70.0,3,5,3,Completed
L07912,C02,10,70.6,2,2,4,Completed
L07913,C05,2,66.6,2,2,5,Completed
L07914,C09,5,78.3,4,4,1,Completed
L07915,C10,2,41.4,3,5,2,Not Completed
L07916,C10,4,34.6,5,1,3,Not Completed
L07917,C09,5,51.0,2,1,3,Completed
L07918,C01,6,55.1,3,1,2,Completed
L07919,C10,7,50.5,0,1,3,Not Completed
L07920,C05,11,75.5,4,1,3,Completed
L07921,C07,11,82.0,0,3,7,Completed
L07922,C04,4,41.8,3,2,2,Completed
L07923,C09,3,18.1,1,1,2,Not Completed
L07924,C06,2,16.5,0,1,0,Not Completed
L07925,C09,6,38.0,4,0,1,Not Completed
L07926,C02,15,50.7,3,1,3,Completed
L07927,C02,1,55.2,1,3,1,Not Completed
L07928,C05,3,41.1,4,0,1,Not Completed
L07929,C01,3,72.7,6,3,3,Completed
L07930,C07,3,47.1,1,5,3,Not Completed
L07931,C03,8,100.0,6,2,3,Not Completed
L07932,C06,9,48.8,1,1,2,Not Completed
L07933,C01,6,19.1,3,2,2,Completed
L07934,C02,10,53.0,3,2,5,Completed
L07935,C07,3,90.4,5,8,2,Completed
L07936,C04,6,71.1,7,2,4,Completed
L07937,C03,2,63.0,3,2,0,Completed
L07938,C03,7,53.4,5,5,1,Completed
L07939,C03,3,59.4,2,1,3,Completed
L07940,C07,2,58.9,2,3,3,Completed
L07941,C02,7,55.3,0,0,3,Not Completed
L07942,C04,7,81.8,1,4,5,Completed
L07943,C07,8,59.1,3,0,1,Completed
L07944,C05,7,44.1,3,6,3,Completed
L07945,C06,2,29.9,1,4,0,Not Completed
L07946,C03,10,92.4,3,3,6,Completed
L07947,C10,8,67.7,2,3,1,Completed
L07948,C05,2,44.4,2,0,1,Completed
L07949,C03,5,30.4,2,0,1,Completed
L07950,C10,13,96.4,4,2,5,Completed
L07951,C07,5,64.0,5,0,1,Not Completed
L07952,C07,9,45.2,7,3,2,Not Completed
L07953,C09,3,32.8,2,3,7,Completed
L07954,C01,3,41.0,4,3,0,Completed
L07955,C09,2,43.6,3,2,3,Not Completed
L07956,C07,6,52.5,4,0,2,Not Completed
L07957,C04,7,55.1,3,2,3,Not Completed
L07958,C03,8,67.0,1,4,10,Completed
L07959,C02,5,27.5,2,2,1,Not Completed
L07960,C10,13,90.7,3,3,1,Completed
L07961,C02,12,85.5,2,4,3,Not Completed
L07962,C03,5,47.1,2,0,1,Not Completed
L07963,C07,9,82.1,5,2,4,Completed
L07964,C08,3,21.1,1,0,1,Not Completed
L07965,C02,6,56.6,3,1,1,Not Completed
L07966,C09,7,67.7,5,0,4,Completed
L07967,C05,7,51.1,8,1,4,Completed
L07968,C09,8,91.1,6,2,2,Completed
L07969,C01,6,25.3,1,4,1,Not Completed
L07970,C01,2,54.5,3,2,0,Not Completed
L07971,C07,9,58.6,1,2,2,Completed
L07972,C02,6,73.8,2,2,0,Completed
L07973,C06,4,60.1,2,2,3,Completed
L07974,C01,8,21.0,5,4,5,Not Completed
L07975,C08,6,24.1,1,2,1,Not Completed
L07976,C09,2,61.9,2,1,1,Not Completed
L07977,C09,5,63.4,1,1,5,Completed
L07978,C10,3,69.8,3,4,5,Completed
L07979,C10,6,38.3,3,0,3,Completed
L07980,C05,7,47.2,4,1,3,Not Completed
L07981,C04,7,68.9,2,4,0,Not Completed
L07982,C09,5,77.3,5,2,3,Not Completed
L07983,C10,5,46.0,2,2,2,Not Completed
L07984,C10,10,46.6,1,4,0,Completed
L07985,C08,6,76.5,3,3,4,Completed
L07986,C02,3,47.6,4,4,1,Completed
L07987,C10,8,85.3,10,0,4,Completed
L07988,C10,2,25.9,2,1,1,Not Completed
L07989,C07,3,43.9,3,2,1,Not Completed
L07990,C09,8,65.0,2,4,2,Completed
L07991,C06,4,57.0,1,1,6,Not Completed
L07992,C10,6,52.9,4,2,3,Completed
L07993,C01,6,63.9,6,7,1,Completed
L07994,C09,6,79.6,1,3,2,Completed
L07995,C01,1,56.4,2,2,1,Completed
L07996,C04,6,67.4,2,3,3,Completed
L07997,C02,9,48.1,3,1,2,Completed
L07998,C05,6,88.1,8,5,7,Completed
L07999,C03,2,7.4,1,1,0,Not Completed
L08000,C10,8,49.6,2,1,3,Completed
L08001,C06,4,67.0,6,0,1,Completed
L08002,C09,4,53.3,6,3,2,Completed
L08003,C03,10,63.7,4,3,4,Completed
L08004,C01,7,62.4,7,4,6,Not Completed
L08005,C08,14,84.9,3,6,3,Not Completed
L08006,C08,7,79.0,4,3,5,Completed
L08007,C06,1,19.2,0,0,1,Not Completed
L08008,C09,4,46.6,4,2,0,Not Completed
L08009,C09,7,61.4,5,3,0,Not Completed
L08010,C06,6,37.6,3,1,1,Completed
L08011,C10,3,71.9,6,3,3,Completed
L08012,C08,5,74.9,2,3,3,Completed
L08013,C07,9,45.6,6,1,1,Completed
L08014,C04,6,55.1,5,4,2,Completed
L08015,C01,2,39.4,2,3,0,Completed
L08016,C03,2,28.6,1,0,1,Not Completed
L08017,C08,5,53.5,3,4,1,Completed
L08018,C08,4,41.3,2,1,1,Not Completed
L08019,C04,3,24.4,1,1,1,Not Completed
L08020,C07,8,37.2,6,1,0,Completed
L08021,C02,6,65.6,3,2,2,Completed
L08022,C03,5,81.3,5,1,4,Completed
L08023,C10,10,62.7,3,7,4,Completed
L08024,C05,8,83.7,3,1,4,Not Completed
L08025,C03,3,36.8,2,2,2,Not Completed
L08026,C05,10,71.4,8,2,3,Completed
L08027,C04,3,76.4,3,2,2,Completed
L08028,C08,6,59.4,4,2,2,Completed
L08029,C10,4,50.0,2,0,2,Completed
L08030,C06,6,64.1,5,3,4,Completed
L08031,C06,11,79.0,8,6,4,Completed
L08032,C04,4,23.1,1,0,2,Completed
L08033,C06,6,19.9,5,1,3,Not Completed
L08034,C04,9,65.5,6,4,2,Completed
L08035,C01,6,62.5,3,2,5,Completed
L08036,C09,6,70.4,2,3,1,Not Completed
L08037,C05,10,76.5,5,3,3,Completed
L08038,C05,4,64.4,5,3,6,Completed
L08039,C01,4,83.7,2,5,2,Completed
L08040,C09,11,73.8,4,7,1,Completed
L08041,C02,13,88.0,9,5,3,Completed
L08042,C05,5,62.1,3,4,3,Not Completed
L08043,C09,2,27.5,5,1,1,Not Completed
L08044,C05,5,47.4,1,2,2,Not Completed
L08045,C10,3,23.7,2,2,6,Completed
L08046,C02,2,14.0,3,0,1,Completed
L08047,C08,1,56.9,1,3,3,Not Completed
L08048,C10,8,42.4,2,1,0,Not Completed
L08049,C06,0,25.2,2,0,2,Not Completed
L08050,C07,2,16.4,2,1,1,Completed
L08051,C04,8,56.6,3,3,0,Completed
L08052,C08,1,21.5,5,1,1,Not Completed
L08053,C10,3,33.2,5,7,3,Completed
L08054,C08,6,53.2,4,2,3,Completed
L08055,C10,8,44.5,4,2,0,Not Completed
L08056,C06,4,47.4,5,1,2,Completed
L08057,C06,12,76.3,2,2,2,Completed
L08058,C04,10,67.4,7,3,3,Completed
L08059,C08,10,47.7,3,2,4,Completed
L08060,C09,6,57.6,5,1,5,Not Completed
L08061,C07,7,58.0,4,4,6,Not Completed
L08062,C03,8,52.1,6,4,2,Not Completed
L08063,C06,5,49.0,3,0,1,Not Completed
L08064,C08,4,60.2,1,6,2,Completed
L08065,C10,9,78.8,4,3,2,Completed
L08066,C02,4,45.0,3,2,1,Not Completed
L08067,C02,5,56.9,2,1,5,Completed
L08068,C05,6,66.8,7,3,3,Completed
L08069,C02,6,65.9,0,3,6,Completed
L08070,C10,9,67.3,2,6,3,Completed
L08071,C05,7,77.2,6,2,2,Completed
L08072,C06,3,31.5,3,1,0,Completed
L08073,C03,1,41.2,2,1,0,Not Completed
L08074,C05,5,71.5,2,4,4,Completed
L08075,C10,1,27.7,0,0,0,Not Completed
L08076,C05,3,37.4,0,1,0,Not Completed
L08077,C01,7,76.9,6,6,2,Completed
L08078,C03,2,58.0,1,1,1,Not Completed
L08079,C10,4,51.6,3,3,1,Completed
L08080,C10,3,39.6,1,1,2,Not Completed
L08081,C03,9,70.0,4,4,6,Completed
L08082,C07,7,69.8,3,3,7,Completed
L08083,C01,2,42.1,2,1,1,Completed
L08084,C06,6,54.2,4,1,2,Not Completed
L08085,C02,3,24.3,0,1,0,Not Completed
L08086,C09,4,53.0,4,2,2,Completed
L08087,C10,6,48.8,2,2,3,Completed
L08088,C02,9,67.5,9,4,2,Completed
L08089,C05,7,68.4,3,3,4,Completed
L08090,C02,6,55.9,3,2,0,Completed
L08091,C04,3,43.1,3,0,2,Not Completed
L08092,C01,5,68.7,3,1,1,Completed
L08093,C03,2,17.7,0,0,0,Not Completed
L08094,C10,1,46.2,5,5,3,Not Completed
L08095,C01,7,53.3,4,2,3,Completed
L08096,C09,1,34.9,1,1,3,Completed
L08097,C01,4,42.5,1,3,1,Completed
L08098,C06,6,52.8,1,1,5,Completed
L08099,C05,7,70.7,3,4,5,Completed
L08100,C10,9,46.6,2,3,5,Completed
L08101,C02,2,23.2,3,4,2,Completed
L08102,C02,3,72.1,4,0,4,Not Completed
L08103,C08,10,65.4,2,0,3,Completed
L08104,C08,2,60.0,1,0,2,Not Completed
L08105,C07,8,67.1,4,2,5,Completed
L08106,C01,1,26.8,2,1,1,Completed
L08107,C03,6,77.0,3,3,3,Not Completed
L08108,C09,3,23.1,1,1,1,Not Completed
L08109,C07,4,81.9,6,4,0,Completed
L08110,C07,5,29.5,0,2,2,Completed
L08111,C03,6,43.5,6,1,4,Completed
L08112,C03,8,86.5,9,2,3,Completed
L08113,C10,4,62.3,2,2,3,Completed
L08114,C08,7,81.7,4,4,1,Not Completed
L08115,C02,2,54.3,5,0,2,Completed
L08116,C10,7,63.6,3,1,3,Not Completed
L08117,C06,4,61.7,3,1,1,Not Completed
L08118,C04,10,52.9,8,2,2,Completed
L08119,C04,5,57.3,2,2,6,Completed
L08120,C08,4,72.0,9,4,1,Not Completed
L08121,C04,6,78.0,4,5,3,Completed
L08122,C06,11,53.1,9,2,6,Completed
L08123,C08,4,36.1,3,4,2,Completed
L08124,C02,4,80.7,1,5,1,Completed
L08125,C10,2,30.1,2,1,2,Not Completed
L08126,C04,14,80.0,3,2,5,Completed
L08127,C05,5,23.7,1,2,1,Not Completed
L08128,C07,3,32.2,1,1,1,Not Completed
L08129,C07,9,54.1,0,4,4,Completed
L08130,C05,11,65.0,1,6,1,Completed
L08131,C07,1,18.0,0,0,0,Completed
L08132,C10,4,56.5,1,2,2,Completed
L08133,C08,3,64.2,3,8,2,Completed
L08134,C09,3,38.3,0,2,1,Completed
L08135,C03,2,74.4,2,4,3,Completed
L08136,C05,1,25.8,2,4,3,Not Completed
L08137,C06,6,34.8,3,2,0,Completed
L08138,C01,4,84.7,3,2,3,Completed
L08139,C08,5,69.1,1,3,2,Not Completed
L08140,C04,7,42.1,4,1,1,Not Completed
L08141,C03,5,19.5,0,2,0,Not Completed
L08142,C03,8,33.5,4,0,0,Not Completed
L08143,C03,10,54.1,0,2,3,Completed
L08144,C04,2,27.0,5,0,4,Not Completed
L08145,C07,4,50.5,3,1,1,Not Completed
L08146,C06,4,17.1,0,0,0,Completed
L08147,C03,4,45.8,3,2,2,Not Completed
L08148,C02,4,35.7,1,5,3,Not Completed
L08149,C09,5,71.6,8,5,5,Completed
L08150,C01,2,38.8,1,2,4,Not Completed
L08151,C05,5,81.0,5,1,3,Not Completed
L08152,C06,7,69.3,5,4,2,Completed
L08153,C06,4,72.1,4,3,2,Completed
L08154,C09,6,85.0,3,2,3,Completed
L08155,C07,3,65.4,4,3,2,Not Completed
L08156,C10,3,51.8,8,2,6,Completed
L08157,C09,7,46.4,1,1,2,Completed
L08158,C03,10,88.1,2,4,2,Not Completed
L08159,C03,3,45.3,4,6,1,Completed
L08160,C04,8,75.5,4,6,5,Completed
L08161,C04,5,87.2,2,4,4,Completed
L08162,C06,5,45.6,3,2,4,Not Completed
L08163,C03,3,49.1,4,1,0,Not Completed
L08164,C03,3,77.7,2,6,4,Not Completed
L08165,C04,7,61.5,4,3,6,Completed
L08166,C07,8,63.9,3,7,1,Completed
L08167,C07,5,59.1,1,1,2,Completed
L08168,C10,0,30.4,1,2,1,Not Completed
L08169,C02,5,75.7,5,2,1,Completed
L08170,C04,6,60.5,2,2,3,Completed
L08171,C10,4,70.3,9,3,3,Completed
L08172,C07,7,93.8,5,3,5,Not Completed
L08173,C06,5,68.8,3,3,5,Completed
L08174,C06,7,59.5,3,4,3,Completed
L08175,C01,9,83.3,6,5,3,Completed
L08176,C09,8,59.8,2,1,2,Completed
L08177,C07,3,66.4,3,2,0,Not Completed
L08178,C06,12,53.3,8,3,1,Completed
L08179,C06,2,11.2,1,1,0,Not Completed
L08180,C04,2,63.5,6,7,2,Completed
L08181,C03,7,63.8,1,1,1,Completed
L08182,C08,3,69.9,6,1,0,Completed
L08183,C05,11,74.1,4,1,2,Completed
L08184,C01,9,61.8,3,4,5,Completed
L08185,C04,2,23.2,2,1,1,Not Completed
L08186,C10,13,100.0,3,7,2,Completed
L08187,C04,8,54.0,3,1,0,Completed
L08188,C05,6,94.7,4,2,3,Completed
L08189,C07,6,71.5,4,4,4,Not Completed
L08190,C08,5,88.1,2,6,1,Completed
L08191,C07,9,78.7,5,4,3,Completed
L08192,C09,5,87.3,1,3,3,Completed
L08193,C02,8,82.6,2,4,2,Completed
L08194,C10,0,15.0,1,2,1,Not Completed
L08195,C10,3,67.8,6,5,3,Completed
L08196,C05,7,71.9,6,3,5,Completed
L08197,C07,1,33.8,2,1,2,Not Completed
L08198,C03,7,59.9,0,3,3,Completed
L08199,C05,10,89.0,5,8,4,Completed
L08200,C02,9,98.9,4,3,5,Completed
L08201,C01,4,18.3,3,0,2,Completed
L08202,C10,5,85.0,5,2,2,Completed
L08203,C03,6,73.9,5,2,0,Not Completed
L08204,C06,13,73.0,6,1,4,Completed
L08205,C04,4,67.8,4,4,2,Completed
L08206,C04,3,61.5,3,1,1,Not Completed
L08207,C04,2,55.1,1,6,2,Completed
L08208,C04,0,53.1,5,1,3,Not Completed
L08209,C07,3,44.1,4,6,2,Completed
L08210,C10,10,72.1,2,3,2,Completed
L08211,C05,3,26.8,1,1,0,Not Completed
L08212,C10,6,27.2,2,3,1,Completed
L08213,C07,4,45.7,1,2,3,Not Completed
L08214,C07,8,41.4,7,2,4,Completed
L08215,C03,4,43.3,2,4,2,Completed
L08216,C01,2,16.9,2,1,0,Completed
L08217,C09,1,30.6,2,1,2,Not Completed
L08218,C06,8,81.2,4,5,4,Completed
L08219,C05,3,100.0,1,1,7,Completed
L08220,C09,6,41.8,4,4,3,Not Completed
L08221,C04,7,67.6,6,3,1,Not Completed
L08222,C08,5,35.5,1,2,0,Not Completed
L08223,C04,2,37.3,3,0,4,Not Completed
L08224,C10,4,76.5,2,2,0,Completed
L08225,C03,1,43.3,1,1,2,Not Completed
L08226,C02,6,49.3,3,6,2,Completed
L08227,C07,7,48.2,3,5,4,Completed
L08228,C02,2,72.3,4,0,2,Completed
L08229,C10,9,24.3,5,1,1,Not Completed
L08230,C07,1,19.5,5,2,0,Completed
L08231,C03,5,51.9,7,3,4,Completed
L08232,C02,4,82.3,6,2,1,Completed
L08233,C10,11,100.0,3,3,2,Completed
L08234,C07,7,52.7,2,5,4,Completed
L08235,C09,6,32.3,5,6,2,Completed
L08236,C02,4,71.7,2,3,1,Completed
L08237,C10,9,81.8,8,5,2,Completed
L08238,C06,4,46.1,4,3,4,Completed
L08239,C07,5,77.6,3,4,3,Completed
L08240,C04,7,68.3,4,2,0,Completed
L08241,C01,8,26.9,2,2,0,Not Completed
L08242,C10,11,57.6,3,3,0,Completed
L08243,C10,3,61.2,1,2,3,Completed
L08244,C04,3,31.6,2,1,0,Not Completed
L08245,C10,5,10.6,0,1,0,Not Completed
L08246,C02,2,30.5,3,4,0,Not Completed
L08247,C02,7,60.4,4,1,1,Not Completed
L08248,C01,8,51.9,4,4,1,Completed
L08249,C04,9,13.3,4,1,1,Completed
L08250,C01,7,94.0,4,2,2,Completed
L08251,C04,8,71.0,2,4,5,Completed
L08252,C02,2,30.6,2,0,2,Not Completed
L08253,C08,3,71.4,4,6,3,Completed
L08254,C09,4,20.3,2,2,4,Completed
L08255,C07,1,30.6,0,0,1,Not Completed
L08256,C02,7,65.7,3,1,3,Completed
L08257,C08,6,82.5,4,2,8,Completed
L08258,C03,6,64.2,5,2,5,Completed
L08259,C08,6,76.2,2,8,4,Completed
L08260,C06,6,51.0,3,3,3,Completed
L08261,C04,5,92.2,4,4,2,Completed
L08262,C01,6,52.6,4,0,2,Not Completed
L08263,C09,6,35.0,1,1,0,Completed
L08264,C10,6,73.5,3,4,4,Completed
L08265,C07,4,10.2,0,0,1,Not Completed
L08266,C10,3,52.6,2,2,0,Completed
L08267,C10,7,78.7,5,4,3,Completed
L08268,C02,5,66.8,6,2,5,Not Completed
L08269,C08,6,45.3,2,1,2,Not Completed
L08270,C04,11,74.8,10,2,1,Completed
L08271,C05,6,48.5,2,2,3,Completed
L08272,C02,5,40.8,3,0,3,Not Completed
L08273,C10,5,31.5,0,0,0,Completed
L08274,C08,7,64.8,5,2,2,Completed
L08275,C03,7,74.7,2,6,2,Completed
L08276,C04,7,70.1,3,4,2,Completed
L08277,C05,4,50.6,2,4,1,Not Completed
L08278,C08,0,66.4,1,6,1,Completed
L08279,C10,0,26.5,4,1,1,Not Completed
L08280,C04,11,62.4,7,7,6,Completed
L08281,C05,14,71.0,3,2,3,Not Completed
L08282,C06,5,40.5,5,3,0,Completed
L08283,C04,3,37.1,1,1,1,Completed
L08284,C05,3,24.0,4,1,1,Not Completed
L08285,C02,4,32.9,2,2,0,Completed
L08286,C02,1,27.7,0,1,0,Not Completed
L08287,C05,10,98.3,9,7,8,Completed
L08288,C10,4,56.4,3,4,2,Completed
L08289,C04,5,15.6,0,1,1,Not Completed
L08290,C03,5,74.1,4,5,7,Completed
L08291,C08,2,30.6,1,2,1,Not Completed
L08292,C10,9,83.5,3,2,4,Completed
L08293,C05,9,94.5,4,2,5,Completed
L08294,C01,5,30.9,3,2,3,Not Completed
L08295,C07,9,79.2,2,3,3,Completed
L08296,C05,9,62.7,7,6,3,Completed
L08297,C07,4,8.9,2,2,2,Not Completed
L08298,C03,4,34.3,3,1,0,Not Completed
L08299,C01,2,57.3,1,1,2,Not Completed
L08300,C04,3,50.7,7,5,3,Completed
L08301,C08,3,33.1,0,1,2,Not Completed
L08302,C04,7,52.2,4,4,3,Completed
L08303,C03,7,90.1,5,5,1,Completed
L08304,C05,7,58.4,2,4,1,Completed
L08305,C08,3,38.6,3,0,1,Not Completed
L08306,C02,1,47.2,2,1,2,Completed
L08307,C07,2,66.4,3,0,5,Not Completed
L08308,C07,2,74.4,4,2,4,Completed
L08309,C04,2,48.3,1,2,0,Completed
L08310,C10,8,79.8,3,1,4,Completed
L08311,C09,9,72.6,7,4,6,Completed
L08312,C04,13,49.6,3,2,0,Completed
L08313,C01,3,28.5,1,0,0,Not Completed
L08314,C04,8,92.8,0,1,3,Completed
L08315,C02,13,70.2,3,2,3,Completed
L08316,C06,7,91.8,4,0,5,Completed
L08317,C10,3,29.7,0,3,2,Not Completed
L08318,C09,5,42.7,1,2,4,Completed
L08319,C04,2,17.7,3,0,2,Not Completed
L08320,C05,7,57.9,7,1,3,Completed
L08321,C01,2,68.0,5,1,1,Completed
L08322,C06,3,47.0,6,2,1,Not Completed
L08323,C01,7,61.3,4,2,2,Completed
L08324,C10,2,30.9,1,2,1,Not Completed
L08325,C09,4,64.8,7,1,3,Completed
L08326,C03,7,77.7,4,2,8,Completed
L08327,C07,9,90.3,2,2,4,Completed
L08328,C06,5,44.1,4,4,3,Completed
L08329,C08,8,75.6,2,2,3,Completed
L08330,C05,3,35.3,5,3,2,Not Completed
L08331,C02,6,39.7,3,2,3,Not Completed
L08332,C07,6,94.2,7,4,4,Completed
L08333,C01,8,98.4,7,4,3,Completed
L08334,C06,2,35.5,8,2,2,Not Completed
L08335,C03,7,61.6,0,1,3,Completed
L08336,C07,5,63.6,7,2,2,Completed
L08337,C09,5,59.8,6,4,3,Completed
L08338,C02,9,54.4,1,2,4,Completed
L08339,C05,9,91.6,4,2,5,Completed
L08340,C08,6,90.9,9,4,4,Completed
L08341,C02,9,36.3,1,3,2,Completed
L08342,C06,8,71.4,4,5,1,Completed
L08343,C07,4,52.5,5,2,0,Completed
L08344,C04,0,50.1,2,1,3,Not Completed
L08345,C09,9,79.4,4,3,4,Completed
L08346,C05,3,21.7,3,3,2,Not Completed
L08347,C07,1,32.8,2,1,4,Completed
L08348,C02,3,32.6,3,1,2,Completed
L08349,C01,4,73.2,7,3,2,Completed
L08350,C01,6,79.8,5,3,3,Completed
L08351,C10,2,29.2,2,2,2,Not Completed
L08352,C09,7,18.6,3,1,2,Completed
L08353,C08,8,57.6,2,1,4,Completed
L08354,C02,3,36.1,2,2,2,Completed
L08355,C06,8,36.8,0,1,3,Not Completed
L08356,C08,7,83.1,2,1,1,Not Completed
L08357,C07,10,65.6,6,4,2,Completed
L08358,C02,5,62.2,2,2,1,Not Completed
L08359,C09,5,53.8,2,3,2,Not Completed
L08360,C02,3,76.4,5,3,7,Completed
L08361,C02,3,63.5,6,7,7,Completed
L08362,C10,9,56.2,3,2,4,Completed
L08363,C05,13,100.0,5,3,5,Completed
L08364,C04,6,62.8,4,1,1,Completed
L08365,C06,6,51.9,1,3,1,Completed
L08366,C10,6,46.5,1,2,2,Not Completed
L08367,C02,3,38.9,2,0,0,Not Completed
L08368,C08,7,43.2,3,2,3,Not Completed
L08369,C04,15,76.0,3,5,3,Completed
L08370,C02,4,33.3,3,2,1,Not Completed
L08371,C05,5,25.2,0,2,0,Not Completed
L08372,C06,10,66.8,2,3,5,Completed
L08373,C02,4,60.8,1,2,1,Completed
L08374,C05,9,34.7,1,2,0,Completed
L08375,C07,4,97.7,5,4,4,Completed
L08376,C06,6,100.0,5,4,4,Completed
L08377,C08,4,31.6,3,2,1,Not Completed
L08378,C09,5,82.8,2,2,1,Completed
L08379,C05,8,82.6,7,0,4,Completed
L08380,C05,7,77.6,3,5,2,Completed
L08381,C05,2,22.7,1,0,2,Not Completed
L08382,C06,7,70.6,6,4,2,Completed
L08383,C02,8,64.3,2,2,2,Completed
L08384,C04,5,40.8,3,1,1,Completed
L08385,C02,8,35.0,1,2,1,Not Completed
L08386,C04,6,51.8,2,3,4,Not Completed
L08387,C10,5,78.2,2,7,3,Completed
L08388,C06,4,34.3,3,2,3,Not Completed
L08389,C05,2,30.7,5,0,1,Completed
L08390,C06,4,27.1,4,0,1,Completed
L08391,C07,6,64.6,3,2,6,Completed
L08392,C05,3,53.4,2,4,2,Completed
L08393,C05,4,49.2,1,3,1,Not Completed
L08394,C08,2,48.1,5,0,2,Completed
L08395,C01,7,41.0,7,1,2,Completed
L08396,C06,8,72.6,4,3,3,Completed
L08397,C06,5,67.4,7,2,4,Completed
L08398,C08,6,34.1,1,0,2,Completed
L08399,C10,1,33.7,3,4,0,Not Completed
L08400,C08,1,10.4,1,0,0,Not Completed
L08401,C05,10,62.4,3,2,0,Completed
L08402,C02,8,41.1,6,3,3,Completed
L08403,C06,4,74.9,5,4,3,Completed
L08404,C09,2,42.9,3,1,4,Completed
L08405,C10,1,38.1,3,0,3,Not Completed
L08406,C09,8,45.9,5,7,4,Completed
L08407,C02,8,48.8,4,3,2,Not Completed
L08408,C08,3,51.9,3,2,0,Completed
L08409,C09,7,72.2,4,3,2,Completed
L08410,C07,5,61.5,3,3,3,Completed
L08411,C07,4,11.0,1,1,0,Not Completed
L08412,C05,11,75.4,4,2,3,Completed
L08413,C07,1,50.4,1,1,4,Not Completed
L08414,C03,9,92.4,4,2,6,Completed
L08415,C01,3,48.4,2,1,2,Completed
L08416,C09,7,57.4,5,1,1,Completed
L08417,C10,3,51.7,8,4,2,Not Completed
L08418,C09,9,77.1,1,7,5,Completed
L08419,C04,5,70.3,3,0,3,Completed
L08420,C01,1,47.5,2,2,1,Not Completed
L08421,C03,5,60.2,4,4,3,Not Completed
L08422,C09,3,19.7,1,2,2,Not Completed
L08423,C07,6,48.9,5,0,1,Not Completed
L08424,C10,5,78.7,3,3,5,Completed
L08425,C04,4,45.0,5,2,3,Not Completed
L08426,C06,4,59.0,5,2,3,Not Completed
L08427,C08,2,52.3,2,1,3,Not Completed
L08428,C03,4,19.3,1,0,4,Not Completed
L08429,C10,3,33.3,2,3,2,Not Completed
L08430,C06,2,22.3,2,6,1,Completed
L08431,C01,4,78.6,2,4,2,Completed
L08432,C01,6,41.6,2,4,0,Completed
L08433,C09,2,48.4,2,1,0,Not Completed
L08434,C07,4,52.9,2,0,1,Not Completed
L08435,C08,1,11.2,1,0,0,Completed
L08436,C08,4,44.7,1,4,2,Not Completed
L08437,C05,2,13.9,1,0,0,Not Completed
L08438,C08,6,37.3,3,1,4,Completed
L08439,C10,8,36.0,2,2,1,Completed
L08440,C02,1,56.3,3,3,2,Completed
L08441,C08,4,45.8,3,2,3,Not Completed
L08442,C04,7,98.2,2,2,3,Completed
L08443,C04,5,58.6,3,2,3,Completed
L08444,C05,6,66.3,6,3,4,Completed
L08445,C09,10,77.7,5,4,5,Completed
L08446,C01,5,56.0,5,1,3,Not Completed
L08447,C05,7,91.4,5,5,9,Completed
L08448,C07,4,60.6,3,1,4,Completed
L08449,C02,8,78.3,1,6,2,Completed
L08450,C08,1,13.9,1,3,0,Completed
L08451,C10,4,70.6,2,3,6,Completed
L08452,C01,3,30.6,1,3,4,Completed
L08453,C02,3,21.0,0,0,1,Not Completed
L08454,C10,8,72.4,5,2,7,Completed
L08455,C02,5,39.7,6,1,0,Completed
L08456,C01,7,27.2,0,1,0,Not Completed
L08457,C10,7,87.2,6,5,6,Completed
L08458,C09,5,68.1,6,3,5,Completed
L08459,C07,3,41.5,1,3,0,Not Completed
L08460,C06,12,94.6,7,3,6,Completed
L08461,C10,7,76.9,7,3,0,Completed
L08462,C07,2,45.9,1,0,0,Not Completed
L08463,C07,2,56.4,3,7,2,Completed
L08464,C09,5,46.6,0,1,2,Completed
L08465,C07,7,46.2,6,4,1,Completed
L08466,C05,6,60.3,3,4,1,Completed
L08467,C04,8,46.6,2,2,4,Completed
L08468,C05,8,35.1,3,1,0,Completed
L08469,C06,2,22.1,6,6,0,Not Completed
L08470,C04,7,75.2,2,4,2,Completed
L08471,C05,2,16.6,0,1,0,Not Completed
L08472,C08,3,26.7,0,1,0,Completed
L08473,C05,2,63.8,6,5,6,Completed
L08474,C01,9,67.3,6,5,1,Completed
L08475,C03,7,49.8,3,3,0,Completed
L08476,C03,2,50.9,5,1,2,Not Completed
L08477,C08,5,46.7,4,3,4,Not Completed
L08478,C05,5,20.3,4,1,2,Completed
L08479,C03,11,66.8,4,5,6,Completed
L08480,C09,4,84.1,4,4,3,Completed
L08481,C01,2,37.1,7,4,0,Not Completed
L08482,C02,5,20.7,1,1,4,Not Completed
L08483,C09,7,70.2,5,2,2,Completed
L08484,C06,6,89.1,4,4,5,Completed
L08485,C08,3,90.6,4,6,2,Completed
L08486,C09,5,85.0,5,4,6,Completed
L08487,C10,3,41.1,2,3,1,Completed
L08488,C01,4,71.2,1,5,2,Completed
L08489,C08,2,48.0,4,6,2,Not Completed
L08490,C08,11,62.1,3,2,3,Completed
L08491,C02,14,84.6,7,1,4,Completed
L08492,C10,2,50.6,2,3,0,Completed
L08493,C05,9,40.4,4,3,2,Completed
L08494,C09,4,80.8,7,6,6,Completed
L08495,C07,3,30.8,1,2,1,Not Completed
L08496,C06,3,36.5,2,2,1,Completed
L08497,C02,1,16.9,0,0,1,Not Completed
L08498,C10,4,64.4,3,3,2,Completed
L08499,C06,7,63.3,2,3,4,Completed
L08500,C01,4,74.7,1,5,1,Completed
L08501,C01,2,59.1,1,2,5,Completed
L08502,C08,2,40.7,1,0,1,Completed
L08503,C02,2,55.0,4,0,2,Completed
L08504,C06,2,31.3,0,4,0,Not Completed
L08505,C07,9,84.8,4,6,6,Completed
L08506,C03,11,56.8,3,5,6,Completed
L08507,C06,9,94.4,4,4,8,Completed
L08508,C03,1,47.6,6,3,2,Completed
L08509,C10,6,57.2,4,3,3,Completed
L08510,C09,7,46.1,4,1,2,Completed
L08511,C03,5,37.5,2,1,1,Completed
L08512,C06,0,15.4,1,0,0,Not Completed
L08513,C05,6,51.1,0,4,0,Not Completed
L08514,C10,8,65.9,2,6,4,Not Completed
L08515,C04,3,79.3,5,3,7,Not Completed
L08516,C06,4,58.5,3,3,5,Not Completed
L08517,C10,9,90.2,5,5,5,Completed
L08518,C02,3,72.2,5,0,2,Not Completed
L08519,C06,3,51.9,5,2,3,Not Completed
L08520,C02,4,47.2,2,1,2,Completed
L08521,C07,9,70.6,7,3,2,Completed
L08522,C04,9,77.2,7,1,2,Completed
L08523,C10,5,23.3,4,0,0,Completed
L08524,C05,1,12.7,0,1,0,Completed
L08525,C02,5,42.5,2,3,1,Completed
L08526,C09,6,68.9,7,3,9,Completed
L08527,C09,4,36.3,2,0,4,Completed
L08528,C07,11,55.9,4,5,4,Completed
L08529,C08,0,54.8,1,2,1,Not Completed
L08530,C03,11,76.0,3,5,5,Completed
L08531,C07,4,61.6,6,4,2,Completed
L08532,C01,4,66.1,0,2,2,Completed
L08533,C02,9,84.6,4,7,4,Completed
L08534,C10,3,23.3,1,2,1,Not Completed
L08535,C08,10,95.2,4,6,9,Completed
L08536,C03,6,52.4,3,1,1,Completed
L08537,C02,9,64.5,5,1,7,Completed
L08538,C10,2,53.3,1,1,1,Completed
L08539,C02,7,44.6,1,0,3,Not Completed
L08540,C03,4,28.3,4,2,2,Completed
L08541,C02,5,59.4,0,3,2,Not Completed
L08542,C01,4,16.0,1,1,0,Completed
L08543,C04,3,57.9,2,2,2,Completed
L08544,C10,5,44.7,2,1,1,Not Completed
L08545,C04,3,38.1,3,6,3,Completed
L08546,C05,9,76.0,2,6,7,Completed
L08547,C08,7,51.0,5,1,3,Completed
L08548,C06,3,43.8,4,2,4,Completed
L08549,C08,4,49.3,0,1,2,Completed
L08550,C07,6,41.5,3,3,3,Not Completed
L08551,C07,8,86.7,4,1,2,Completed
L08552,C07,1,22.6,2,2,1,Not Completed
L08553,C08,2,41.9,1,4,2,Not Completed
L08554,C08,5,60.2,8,2,1,Not Completed
L08555,C08,5,39.6,5,1,4,Completed
L08556,C02,2,50.5,2,4,3,Completed
L08557,C07,5,47.8,4,0,0,Not Completed
L08558,C08,3,40.5,0,5,5,Completed
L08559,C03,12,69.7,0,2,1,Completed
L08560,C09,4,71.0,5,3,2,Completed
L08561,C04,2,55.7,2,1,4,Completed
L08562,C03,6,64.5,6,4,3,Completed
L08563,C09,6,34.5,1,1,4,Completed
L08564,C03,8,48.9,3,1,1,Completed
L08565,C05,4,61.8,4,2,4,Completed
L08566,C04,4,45.2,2,5,0,Not Completed
L08567,C09,1,36.0,4,1,1,Not Completed
L08568,C05,7,67.5,0,6,3,Completed
L08569,C07,6,29.7,3,1,1,Not Completed
L08570,C08,7,61.9,1,5,2,Completed
L08571,C07,2,19.7,2,3,2,Not Completed
L08572,C10,5,34.0,0,0,2,Not Completed
L08573,C08,2,46.1,0,4,2,Completed
L08574,C05,3,37.3,3,2,3,Not Completed
L08575,C10,1,33.9,2,0,1,Completed
L08576,C06,5,59.9,7,3,4,Completed
L08577,C01,8,22.6,3,2,4,Completed
L08578,C03,5,37.4,3,0,2,Not Completed
L08579,C07,4,39.2,3,1,3,Completed
L08580,C02,4,51.8,4,1,2,Completed
L08581,C06,8,63.0,3,1,1,Not Completed
L08582,C04,10,77.3,6,2,3,Completed
L08583,C06,5,21.4,2,0,1,Not Completed
L08584,C01,2,43.2,5,0,4,Completed
L08585,C09,7,83.0,2,3,5,Completed
L08586,C04,3,60.3,3,3,1,Completed
L08587,C02,2,75.3,4,2,0,Not Completed
L08588,C05,7,31.3,1,2,4,Completed
L08589,C05,7,63.8,5,8,2,Completed
L08590,C07,3,38.1,5,3,0,Not Completed
L08591,C06,6,69.4,6,3,2,Completed
L08592,C01,1,46.7,0,2,1,Not Completed
L08593,C09,7,89.4,5,7,5,Completed
L08594,C05,7,16.1,2,0,1,Not Completed
L08595,C01,14,52.0,2,2,2,Completed
L08596,C08,7,80.9,1,3,3,Completed
L08597,C07,5,7.8,0,0,0,Not Completed
L08598,C07,9,83.5,4,3,2,Completed
L08599,C05,7,68.3,7,3,3,Not Completed
L08600,C05,6,62.1,3,2,7,Completed
L08601,C06,4,78.9,5,4,2,Completed
L08602,C01,2,58.5,3,6,3,Completed
L08603,C03,3,62.3,4,3,1,Not Completed
L08604,C10,2,37.6,1,2,0,Completed
L08605,C07,5,59.0,4,2,4,Completed
L08606,C05,6,54.4,4,2,3,Not Completed
L08607,C03,3,24.2,4,1,2,Not Completed
L08608,C08,6,21.1,1,3,1,Not Completed
L08609,C03,0,24.4,2,1,1,Completed
L08610,C02,1,32.6,1,0,1,Completed
L08611,C02,2,48.8,2,1,6,Not Completed
L08612,C08,6,66.5,4,5,2,Completed
L08613,C07,9,72.1,3,6,2,Completed
L08614,C01,8,64.0,2,4,3,Not Completed
L08615,C02,6,66.7,5,2,3,Not Completed
L08616,C07,6,44.9,2,1,0,Not Completed
L08617,C06,6,96.3,6,7,6,Completed
L08618,C07,4,46.2,3,1,0,Completed
L08619,C02,7,88.6,5,2,2,Completed
L08620,C08,5,31.1,2,4,0,Not Completed
L08621,C10,8,57.7,3,3,2,Completed
L08622,C07,8,91.5,1,3,5,Completed
L08623,C02,4,79.1,1,4,2,Completed
L08624,C07,7,55.8,4,2,1,Completed
L08625,C04,5,37.5,2,2,1,Not Completed
L08626,C01,1,46.2,0,3,3,Completed
L08627,C04,6,67.4,5,2,6,Completed
L08628,C10,5,57.2,4,2,6,Completed
L08629,C05,5,37.6,0,1,0,Not Completed
L08630,C09,5,58.1,4,2,4,Completed
L08631,C05,2,21.4,4,1,0,Completed
L08632,C05,8,74.8,2,2,3,Completed
L08633,C01,4,42.9,5,4,2,Not Completed
L08634,C07,6,50.8,2,6,2,Completed
L08635,C02,5,65.2,3,4,3,Completed
L08636,C05,7,61.7,3,3,7,Completed
L08637,C03,9,66.7,7,1,2,Completed
L08638,C04,7,58.1,3,4,4,Completed
L08639,C06,6,51.5,6,3,3,Completed
L08640,C01,6,61.2,4,0,2,Not Completed
L08641,C03,7,53.7,2,2,0,Completed
L08642,C10,11,85.0,7,4,3,Completed
L08643,C01,8,38.9,2,1,2,Not Completed
L08644,C04,4,48.8,0,0,2,Completed
L08645,C04,6,59.7,5,1,3,Completed
L08646,C04,5,66.1,4,3,3,Not Completed
L08647,C07,4,62.3,1,3,3,Completed
L08648,C03,3,60.1,4,3,4,Completed
L08649,C05,5,61.6,2,2,3,Not Completed
L08650,C07,11,72.7,1,3,0,Completed
L08651,C04,9,64.0,2,5,6,Completed
L08652,C10,7,58.1,7,2,4,Completed
L08653,C10,1,19.8,2,3,3,Completed
L08654,C02,7,91.6,10,4,6,Completed
L08655,C04,5,41.5,4,5,1,Completed
L08656,C02,7,34.2,1,0,1,Not Completed
L08657,C02,7,94.0,5,3,1,Completed
L08658,C05,8,53.1,3,4,4,Completed
L08659,C06,5,30.9,6,1,2,Completed
L08660,C05,5,33.6,6,3,2,Completed
L08661,C03,1,42.7,3,4,2,Not Completed
L08662,C03,4,73.4,5,2,2,Completed
L08663,C10,9,63.6,5,2,2,Completed
L08664,C10,8,70.9,3,3,2,Completed
L08665,C01,6,70.0,5,3,4,Completed
L08666,C07,1,36.2,1,1,0,Not Completed
L08667,C05,3,46.6,1,0,2,Not Completed
L08668,C07,4,49.2,3,0,2,Not Completed
L08669,C06,6,55.8,0,3,1,Not Completed
L08670,C09,5,34.7,2,5,3,Completed
L08671,C01,2,55.6,1,1,2,Completed
L08672,C04,9,52.4,1,4,4,Completed
L08673,C10,6,64.9,4,0,4,Not Completed
L08674,C02,3,7.3,1,0,1,Not Completed
L08675,C02,8,82.4,9,4,2,Completed
L08676,C08,10,36.2,2,2,0,Completed
L08677,C08,1,30.1,7,6,0,Not Completed
L08678,C07,3,10.1,0,1,0,Not Completed
L08679,C08,6,66.2,7,1,4,Completed
L08680,C07,3,38.3,2,0,2,Completed
L08681,C02,5,32.0,2,3,1,Completed
L08682,C07,4,62.8,3,2,2,Completed
L08683,C08,6,70.0,8,2,0,Completed
L08684,C09,6,59.4,2,3,3,Completed
L08685,C03,4,39.1,2,2,1,Completed
L08686,C02,10,100.0,3,1,2,Not Completed
L08687,C08,4,32.7,1,3,0,Not Completed
L08688,C03,9,42.4,4,0,3,Not Completed
L08689,C01,3,43.7,3,3,1,Completed
L08690,C09,6,39.2,0,2,3,Not Completed
L08691,C05,2,45.3,5,1,2,Not Completed
L08692,C04,6,50.7,4,0,3,Not Completed
L08693,C01,7,75.7,3,1,7,Completed
L08694,C01,3,46.0,3,1,3,Not Completed
L08695,C08,6,42.0,2,3,2,Not Completed
L08696,C05,11,53.8,8,3,1,Completed
L08697,C02,6,75.9,4,8,9,Completed
L08698,C04,3,22.9,1,0,0,Not Completed
L08699,C02,5,66.6,2,2,6,Not Completed
L08700,C02,9,69.4,5,3,1,Not Completed
L08701,C03,6,84.9,1,2,3,Completed
L08702,C06,3,62.9,3,3,3,Not Completed
L08703,C03,2,57.4,4,4,3,Completed
L08704,C04,3,45.8,4,4,5,Completed
L08705,C05,4,35.9,2,3,0,Completed
L08706,C05,7,89.4,5,4,6,Completed
L08707,C02,6,60.2,3,1,2,Completed
L08708,C01,4,67.0,2,4,1,Completed
L08709,C01,2,80.6,9,3,5,Completed
L08710,C04,8,100.0,3,6,5,Completed
L08711,C08,3,10.3,1,1,0,Not Completed
L08712,C02,3,39.0,0,2,0,Completed
L08713,C08,4,71.0,2,2,1,Completed
L08714,C08,7,67.5,3,1,2,Not Completed
L08715,C01,10,80.2,10,2,2,Completed
L08716,C01,1,29.0,1,1,3,Not Completed
L08717,C02,5,69.4,3,3,4,Completed
L08718,C01,3,21.6,2,1,2,Completed
L08719,C06,7,34.7,2,3,3,Not Completed
L08720,C01,5,81.6,6,4,3,Completed
L08721,C08,2,52.4,1,6,0,Not Completed
L08722,C05,4,42.7,4,2,0,Not Completed
L08723,C08,4,67.3,4,4,2,Completed
L08724,C08,7,62.8,2,3,1,Completed
L08725,C05,10,50.8,4,1,2,Completed
L08726,C10,4,59.1,0,3,1,Not Completed
L08727,C10,5,68.5,3,4,3,Not Completed
L08728,C04,3,70.2,7,1,3,Completed
L08729,C02,6,44.8,2,3,1,Completed
L08730,C04,5,65.5,4,3,2,Completed
L08731,C03,5,34.8,2,0,2,Not Completed
L08732,C06,4,60.2,3,2,2,Not Completed
L08733,C04,3,34.3,6,4,0,Not Completed
L08734,C05,3,44.2,1,0,2,Not Completed
L08735,C08,4,77.9,5,5,5,Completed
L08736,C03,4,50.3,1,3,0,Completed
L08737,C06,5,83.1,4,4,4,Completed
L08738,C04,3,18.1,2,1,2,Not Completed
L08739,C08,6,58.0,4,3,2,Completed
L08740,C07,3,55.8,4,5,5,Completed
L08741,C01,2,48.8,2,2,3,Not Completed
L08742,C07,6,61.9,3,5,1,Completed
L08743,C02,6,57.6,6,3,1,Completed
L08744,C08,3,55.2,1,0,0,Completed
L08745,C06,1,47.3,1,2,3,Not Completed
L08746,C05,3,58.3,1,0,3,Completed
L08747,C07,8,73.7,2,4,2,Completed
L08748,C09,3,76.9,1,1,4,Not Completed
L08749,C08,7,47.3,2,3,2,Not Completed
L08750,C06,6,85.2,3,4,0,Completed
L08751,C08,6,80.6,7,3,4,Completed
L08752,C05,2,46.9,3,3,2,Completed
L08753,C08,9,69.4,3,4,0,Completed
L08754,C09,2,51.1,2,0,5,Completed
L08755,C02,5,44.3,5,5,2,Completed
L08756,C03,4,60.7,2,3,2,Not Completed
L08757,C03,4,26.8,2,1,0,Not Completed
L08758,C02,9,94.8,8,2,6,Completed
L08759,C04,5,71.9,3,7,7,Completed
L08760,C02,4,57.3,3,2,5,Completed
L08761,C06,6,46.4,4,3,1,Not Completed
L08762,C02,4,68.0,3,1,2,Completed
L08763,C03,9,38.9,3,3,3,Completed
L08764,C07,3,48.9,3,1,1,Not Completed
L08765,C04,5,74.8,5,1,2,Not Completed
L08766,C05,0,29.2,3,0,1,Not Completed
L08767,C08,7,55.4,6,2,2,Completed
L08768,C10,6,51.6,3,4,1,Completed
L08769,C06,8,62.2,6,2,3,Completed
L08770,C01,7,57.3,4,3,1,Not Completed
L08771,C02,2,28.1,1,0,0,Not Completed
L08772,C10,4,44.3,1,2,3,Not Completed
L08773,C07,7,73.3,2,4,2,Completed
L08774,C08,4,50.5,4,3,0,Completed
L08775,C07,8,54.7,3,3,3,Completed
L08776,C02,9,70.3,5,2,6,Completed
L08777,C05,5,75.0,6,3,4,Completed
L08778,C08,2,20.8,1,0,2,Not Completed
L08779,C09,5,100.0,6,4,4,Completed
L08780,C03,6,40.6,3,1,1,Completed
L08781,C06,15,94.7,2,6,5,Completed
L08782,C02,3,36.3,0,2,1,Completed
L08783,C10,7,56.7,4,3,3,Completed
L08784,C03,4,41.4,3,4,2,Completed
L08785,C08,3,63.9,2,5,1,Not Completed
L08786,C03,7,65.7,5,0,1,Completed
L08787,C07,7,73.6,4,8,7,Completed
L08788,C07,9,84.2,6,5,3,Completed
L08789,C04,2,8.0,0,0,3,Not Completed
L08790,C09,3,39.0,4,1,1,Not Completed
L08791,C09,7,33.6,1,1,0,Not Completed
L08792,C09,11,66.1,7,2,9,Completed
L08793,C04,5,53.2,2,2,3,Completed
L08794,C08,1,30.8,1,1,1,Not Completed
L08795,C06,2,40.7,4,0,0,Not Completed
L08796,C06,2,67.3,4,4,5,Completed
L08797,C05,7,47.9,3,0,1,Not Completed
L08798,C07,5,65.1,1,1,3,Not Completed
L08799,C02,4,54.1,4,3,4,Completed
L08800,C05,6,65.3,1,2,3,Completed
L08801,C02,2,12.4,2,0,1,Not Completed
L08802,C03,2,27.6,2,3,0,Not Completed
L08803,C02,5,63.3,5,3,8,Completed
L08804,C03,1,15.3,0,0,1,Not Completed
L08805,C08,8,61.8,0,4,2,Not Completed
L08806,C06,5,60.5,5,1,2,Completed
L08807,C01,12,73.1,1,5,5,Completed
L08808,C08,3,27.4,2,1,2,Not Completed
L08809,C10,6,81.5,4,8,4,Completed
L08810,C09,8,75.2,2,4,2,Completed
L08811,C09,1,55.3,2,0,1,Not Completed
L08812,C10,8,47.4,3,2,2,Completed
L08813,C06,5,87.9,8,3,2,Completed
L08814,C10,5,64.0,3,5,2,Completed
L08815,C10,2,62.3,1,4,4,Completed
L08816,C04,6,70.7,5,4,1,Completed
L08817,C09,3,48.1,0,1,0,Not Completed
L08818,C08,5,46.4,3,0,1,Not Completed
L08819,C08,9,50.2,1,0,4,Completed
L08820,C09,4,48.1,2,0,1,Not Completed
L08821,C04,6,26.3,2,0,0,Not Completed
L08822,C05,6,45.7,3,1,4,Not Completed
L08823,C07,4,49.7,2,2,1,Not Completed
L08824,C08,7,57.1,0,6,3,Completed
L08825,C09,4,67.1,3,1,3,Completed
L08826,C09,6,49.6,7,1,1,Completed
L08827,C08,4,41.1,2,1,4,Not Completed
L08828,C10,5,62.5,3,1,1,Completed
L08829,C02,5,45.3,1,1,2,Not Completed
L08830,C10,1,48.8,0,1,2,Not Completed
L08831,C01,10,68.5,2,4,2,Completed
L08832,C06,5,66.4,8,6,2,Completed
L08833,C01,3,59.1,5,3,2,Completed
L08834,C06,4,34.7,2,2,1,Not Completed
L08835,C04,2,68.6,6,5,8,Completed
L08836,C01,5,49.5,2,4,1,Completed
L08837,C07,8,62.9,2,2,3,Completed
L08838,C08,2,27.0,5,0,0,Completed
L08839,C02,3,33.4,3,2,0,Completed
L08840,C07,7,64.2,1,4,4,Not Completed
L08841,C02,10,69.4,4,4,1,Completed
L08842,C02,6,65.1,5,2,2,Completed
L08843,C02,7,64.3,3,3,3,Completed
L08844,C06,5,53.0,2,1,1,Not Completed
L08845,C08,4,10.4,1,0,4,Not Completed
L08846,C06,7,96.3,6,7,6,Completed
L08847,C08,4,40.1,1,2,4,Not Completed
L08848,C06,7,63.6,4,3,4,Completed
L08849,C08,10,53.6,6,3,0,Completed
L08850,C10,8,70.7,6,2,1,Completed
L08851,C04,3,27.8,1,1,0,Not Completed
L08852,C02,7,78.5,3,4,1,Completed
L08853,C02,4,45.0,3,1,1,Not Completed
L08854,C06,6,99.0,5,1,5,Completed
L08855,C06,1,63.3,4,2,1,Completed
L08856,C02,5,66.3,2,4,4,Completed
L08857,C09,7,83.0,2,2,2,Completed
L08858,C10,5,51.2,5,0,0,Completed
L08859,C03,4,45.3,1,1,3,Not Completed
L08860,C02,11,91.8,10,4,3,Completed
L08861,C03,9,54.5,0,3,0,Not Completed
L08862,C04,8,60.8,1,2,2,Completed
L08863,C09,3,33.9,1,0,2,Not Completed
L08864,C06,7,53.6,7,1,5,Not Completed
L08865,C01,8,86.2,4,5,1,Completed
L08866,C05,7,52.1,1,2,3,Completed
L08867,C01,10,80.9,5,5,7,Completed
L08868,C05,7,62.9,4,0,3,Completed
L08869,C05,9,96.8,6,4,6,Completed
L08870,C07,4,57.2,3,2,1,Completed
L08871,C06,2,44.0,2,2,1,Not Completed
L08872,C09,7,53.0,4,2,2,Completed
L08873,C01,7,60.6,0,3,3,Completed
L08874,C08,2,41.8,4,1,3,Completed
L08875,C01,0,7.7,1,0,1,Not Completed
L08876,C04,3,41.9,2,1,5,Not Completed
L08877,C09,5,75.8,4,7,7,Completed
L08878,C07,5,77.5,4,4,3,Completed
L08879,C02,6,58.6,4,4,2,Completed
L08880,C05,7,70.3,8,4,3,Completed
L08881,C08,5,54.9,2,1,5,Completed
L08882,C10,3,77.3,1,5,3,Completed
L08883,C07,4,48.7,2,2,3,Not Completed
L08884,C01,4,57.0,3,0,5,Completed
L08885,C05,5,50.2,5,1,3,Completed
L08886,C02,4,72.6,8,4,3,Completed
L08887,C01,4,8.7,4,1,2,Completed
L08888,C06,4,36.9,3,1,2,Not Completed
L08889,C08,1,48.2,1,1,4,Not Completed
L08890,C01,9,38.7,9,3,2,Completed
L08891,C08,4,64.3,4,4,1,Completed
L08892,C08,4,58.2,2,0,0,Completed
L08893,C08,4,46.3,5,3,3,Not Completed
L08894,C03,4,91.9,1,0,5,Completed
L08895,C04,1,23.7,3,1,0,Not Completed
L08896,C02,7,72.1,4,4,4,Completed
L08897,C03,5,59.4,4,2,3,Completed
L08898,C04,2,45.2,3,4,0,Not Completed
L08899,C04,11,73.4,4,1,1,Completed
L08900,C02,6,27.4,2,1,1,Completed
L08901,C02,7,46.7,4,1,1,Completed
L08902,C10,9,65.4,5,5,1,Completed
L08903,C08,5,85.6,6,2,3,Completed
L08904,C04,8,87.9,5,4,2,Completed
L08905,C10,2,45.4,1,1,1,Not Completed
L08906,C03,5,35.5,3,1,1,Not Completed
L08907,C05,3,23.2,1,0,0,Not Completed
L08908,C09,9,56.2,1,4,4,Completed
L08909,C05,6,92.1,8,4,4,Completed
L08910,C03,8,67.3,5,0,3,Completed
L08911,C04,4,58.6,3,5,3,Completed
L08912,C05,3,67.6,3,3,0,Not Completed
L08913,C07,2,63.9,3,1,4,Completed
L08914,C05,4,54.8,4,4,1,Completed
L08915,C05,5,52.9,2,1,1,Not Completed
L08916,C03,3,46.5,1,0,2,Not Completed
L08917,C06,5,62.4,2,3,2,Not Completed
L08918,C03,3,17.9,3,3,1,Not Completed
L08919,C09,0,16.5,0,1,1,Not Completed
L08920,C08,2,33.1,2,1,0,Not Completed
L08921,C05,6,66.4,2,1,0,Not Completed
L08922,C08,6,40.7,0,3,2,Completed
L08923,C01,9,83.3,7,2,2,Completed
L08924,C04,2,48.5,4,5,0,Not Completed
L08925,C05,10,67.6,3,1,0,Not Completed
L08926,C05,1,23.8,2,0,1,Not Completed
L08927,C08,5,75.7,3,5,4,Completed
L08928,C10,4,80.1,9,5,2,Completed
L08929,C04,4,35.0,3,2,0,Not Completed
L08930,C04,10,76.4,8,5,3,Completed
L08931,C07,7,78.1,4,3,0,Completed
L08932,C03,5,79.1,2,2,5,Completed
L08933,C02,4,18.4,2,1,0,Not Completed
L08934,C10,6,74.9,10,4,6,Completed
L08935,C08,4,61.5,4,3,2,Completed
L08936,C10,10,76.7,6,3,4,Completed
L08937,C03,6,65.4,7,1,7,Completed
L08938,C01,4,51.0,4,4,2,Not Completed
L08939,C05,9,66.0,4,1,2,Completed
L08940,C10,3,55.4,0,0,2,Not Completed
L08941,C02,6,41.9,3,2,3,Not Completed
L08942,C02,4,59.7,2,3,4,Not Completed
L08943,C01,3,59.1,3,3,2,Not Completed
L08944,C08,4,59.9,4,4,2,Completed
L08945,C08,8,84.0,4,7,3,Completed
L08946,C07,6,91.0,6,0,3,Completed
L08947,C01,2,64.5,3,0,2,Completed
L08948,C08,4,39.7,0,1,1,Completed
L08949,C05,8,56.3,3,2,1,Completed
L08950,C02,8,74.8,6,1,5,Completed
L08951,C03,5,14.3,5,0,3,Not Completed
L08952,C05,4,42.1,4,2,3,Completed
L08953,C04,2,37.3,2,3,2,Not Completed
L08954,C10,8,75.7,2,7,4,Completed
L08955,C05,6,59.8,4,1,3,Completed
L08956,C04,3,62.7,7,4,1,Completed
L08957,C07,3,27.0,0,0,0,Not Completed
L08958,C07,3,28.8,2,1,1,Completed
L08959,C01,6,85.6,3,1,2,Not Completed
L08960,C07,8,70.8,1,1,2,Completed
L08961,C03,5,66.1,4,2,2,Not Completed
L08962,C04,4,44.5,5,3,3,Completed
L08963,C08,6,59.6,6,5,4,Completed
L08964,C06,8,52.0,4,4,3,Completed
L08965,C04,6,35.3,6,5,3,Completed
L08966,C02,8,56.5,3,3,3,Completed
L08967,C05,4,56.2,2,1,1,Completed
L08968,C04,3,94.4,6,4,5,Completed
L08969,C10,5,69.2,4,2,3,Completed
L08970,C06,3,63.5,5,1,2,Not Completed
L08971,C09,5,54.0,8,1,1,Completed
L08972,C04,7,66.2,1,7,2,Completed
L08973,C09,11,87.0,5,3,4,Completed
L08974,C01,3,43.9,5,2,1,Not Completed
L08975,C03,6,66.9,6,3,5,Completed
L08976,C01,3,31.2,0,1,2,Completed
L08977,C01,9,71.5,5,5,2,Completed
L08978,C10,4,65.0,4,1,1,Not Completed
L08979,C08,11,78.9,2,0,6,Completed
L08980,C07,8,77.7,3,4,5,Completed
L08981,C06,2,59.1,2,2,3,Not Completed
L08982,C06,5,58.1,1,5,1,Not Completed
L08983,C07,3,38.1,1,3,3,Not Completed
L08984,C09,0,29.1,0,2,0,Not Completed
L08985,C06,10,42.2,3,2,1,Completed
L08986,C08,7,28.9,1,3,1,Completed
L08987,C03,6,32.3,1,2,4,Not Completed
L08988,C10,8,42.1,2,4,7,Completed
L08989,C01,8,61.0,3,4,4,Completed
L08990,C04,3,35.6,0,1,2,Not Completed
L08991,C09,9,64.5,1,1,1,Completed
L08992,C02,6,36.7,3,3,2,Completed
L08993,C02,8,80.3,5,5,3,Completed
L08994,C04,3,51.7,1,4,1,Completed
L08995,C05,2,42.9,4,2,1,Not Completed
L08996,C10,4,39.7,1,0,3,Not Completed
L08997,C09,4,73.7,5,3,5,Not Completed
L08998,C05,7,51.8,3,2,3,Completed
L08999,C10,3,44.5,4,3,1,Not Completed
L09000,C07,5,51.6,3,4,1,Completed
L09001,C09,2,15.0,3,2,1,Not Completed
L09002,C03,7,36.4,1,3,6,Completed
L09003,C05,8,68.6,4,2,6,Completed
L09004,C01,8,70.0,6,4,1,Completed
L09005,C01,4,39.8,1,5,3,Not Completed
L09006,C08,12,62.0,3,4,7,Completed
L09007,C02,5,82.4,6,4,6,Completed
L09008,C06,7,64.8,5,3,6,Completed
L09009,C07,7,57.1,5,2,4,Completed
L09010,C01,6,87.5,4,3,5,Completed
L09011,C05,3,46.4,3,1,3,Not Completed
L09012,C07,2,69.9,2,2,0,Completed
L09013,C09,1,52.3,1,1,1,Not Completed
L09014,C03,5,90.0,2,5,8,Completed
L09015,C10,6,74.5,5,2,2,Completed
L09016,C09,5,54.8,6,3,3,Completed
L09017,C07,6,23.6,1,1,1,Not Completed
L09018,C04,7,81.5,4,5,4,Completed
L09019,C08,4,79.2,3,1,1,Completed
L09020,C09,4,58.2,4,2,1,Not Completed
L09021,C04,5,58.8,4,1,1,Not Completed
L09022,C10,11,66.6,3,3,6,Completed
L09023,C10,4,44.8,4,3,3,Completed
L09024,C05,4,61.8,1,1,3,Completed
L09025,C08,7,84.7,6,5,3,Completed
L09026,C06,3,8.6,1,2,1,Not Completed
L09027,C08,7,28.1,4,0,0,Completed
L09028,C09,3,74.5,2,2,6,Completed
L09029,C01,2,50.9,2,3,0,Not Completed
L09030,C01,6,32.6,2,1,5,Not Completed
L09031,C04,5,32.9,1,2,1,Completed
L09032,C10,5,75.4,3,1,3,Not Completed
L09033,C04,7,39.2,0,0,0,Not Completed
L09034,C09,5,52.9,7,2,2,Completed
L09035,C05,9,81.3,3,1,4,Completed
L09036,C03,9,98.0,5,3,4,Completed
L09037,C10,5,79.9,5,0,4,Completed
L09038,C06,5,46.4,6,3,3,Completed
L09039,C04,5,58.4,4,0,2,Not Completed
L09040,C01,1,20.7,1,2,1,Not Completed
L09041,C02,8,52.3,3,0,4,Completed
L09042,C02,2,47.2,3,2,0,Not Completed
L09043,C04,12,82.8,3,3,4,Completed
L09044,C07,6,29.8,0,2,3,Not Completed
L09045,C04,6,80.1,3,1,5,Completed
L09046,C01,10,38.5,3,3,3,Completed
L09047,C03,5,65.6,5,4,1,Completed
L09048,C05,4,71.8,1,6,0,Completed
L09049,C10,3,54.3,2,0,2,Completed
L09050,C04,8,31.6,1,1,0,Completed
L09051,C01,4,76.5,3,1,2,Completed
L09052,C06,6,49.2,2,3,3,Completed
L09053,C10,1,55.3,1,2,0,Completed
L09054,C08,2,40.3,1,1,1,Not Completed
L09055,C09,3,54.8,4,0,2,Not Completed
L09056,C10,6,76.6,2,4,3,Completed
L09057,C07,3,29.7,1,1,1,Not Completed
L09058,C10,4,82.8,3,5,4,Completed
L09059,C01,4,46.5,3,2,1,Not Completed
L09060,C09,8,71.0,9,6,2,Completed
L09061,C09,4,27.2,1,2,1,Not Completed
L09062,C10,12,51.2,3,0,4,Completed
L09063,C05,3,50.1,2,1,2,Completed
L09064,C08,4,45.6,5,2,1,Completed
L09065,C02,2,55.1,4,1,1,Not Completed
L09066,C07,5,57.1,6,7,5,Not Completed
L09067,C04,5,51.9,3,0,3,Not Completed
L09068,C06,5,42.4,2,2,0,Not Completed
L09069,C07,2,39.8,3,3,1,Completed
L09070,C04,6,42.9,2,0,3,Not Completed
L09071,C03,6,48.8,1,1,1,Completed
L09072,C04,1,23.6,0,1,0,Not Completed
L09073,C07,9,71.2,4,6,4,Completed
L09074,C07,5,38.9,4,4,5,Completed
L09075,C08,10,87.5,2,7,4,Completed
L09076,C02,6,73.8,3,2,2,Completed
L09077,C09,2,25.4,2,1,2,Not Completed
L09078,C07,4,70.4,3,7,0,Not Completed
L09079,C01,12,65.0,3,2,6,Completed
L09080,C04,8,29.9,3,0,0,Completed
L09081,C05,10,61.5,6,2,5,Completed
L09082,C04,4,24.1,1,2,0,Not Completed
L09083,C02,2,47.0,2,3,3,Completed
L09084,C02,3,69.6,6,7,3,Completed
L09085,C01,9,74.7,5,8,5,Completed
L09086,C01,1,34.2,1,3,1,Completed
L09087,C03,8,60.9,1,2,4,Completed
L09088,C09,4,24.8,1,1,0,Not Completed
L09089,C06,5,55.0,5,1,1,Not Completed
L09090,C05,4,68.1,1,1,5,Not Completed
L09091,C07,4,44.5,3,0,2,Not Completed
L09092,C06,7,88.7,5,6,3,Completed
L09093,C02,4,47.8,0,2,3,Not Completed
L09094,C03,3,34.8,2,0,4,Not Completed
L09095,C03,4,55.9,0,0,3,Not Completed
L09096,C06,3,80.9,3,5,5,Not Completed
L09097,C05,6,69.9,5,5,2,Completed
L09098,C04,5,41.8,6,1,0,Completed
L09099,C06,6,42.4,2,3,2,Completed
L09100,C10,6,68.4,0,1,3,Completed
L09101,C04,6,59.5,5,1,2,Completed
L09102,C06,8,68.4,3,2,4,Not Completed
L09103,C05,2,46.2,2,2,1,Not Completed
L09104,C08,3,42.3,3,2,1,Completed
L09105,C08,0,43.8,2,2,1,Completed
L09106,C08,9,78.7,4,4,4,Completed
L09107,C02,6,54.3,1,0,3,Completed
L09108,C05,3,58.9,4,3,3,Completed
L09109,C09,7,78.4,6,3,0,Completed
L09110,C04,2,16.3,2,1,3,Not Completed
L09111,C10,7,99.2,1,6,3,Completed
L09112,C04,5,44.8,5,1,1,Completed
L09113,C05,3,42.5,1,2,2,Not Completed
L09114,C05,11,70.9,3,3,7,Completed
L09115,C05,0,27.8,2,4,1,Completed
L09116,C09,3,46.6,3,3,5,Not Completed
L09117,C02,1,47.3,5,3,2,Completed
L09118,C06,8,71.2,2,1,6,Completed
L09119,C07,4,67.5,5,4,3,Completed
L09120,C09,4,62.7,6,3,6,Completed
L09121,C07,8,80.2,10,7,3,Completed
L09122,C10,5,50.3,2,3,2,Completed
L09123,C09,6,64.5,7,5,2,Completed
L09124,C04,7,84.4,5,2,2,Completed
L09125,C09,3,58.6,5,0,1,Completed
L09126,C10,2,66.1,4,3,0,Not Completed
L09127,C03,12,96.1,6,3,3,Completed
L09128,C07,9,54.6,5,1,1,Completed
L09129,C03,5,92.5,5,4,1,Completed
L09130,C07,4,36.4,3,2,0,Not Completed
L09131,C01,4,68.6,1,1,0,Not Completed
L09132,C08,4,68.9,8,0,4,Completed
L09133,C05,11,87.9,7,8,3,Completed
L09134,C06,1,25.7,3,0,1,Completed
L09135,C01,6,74.9,1,4,1,Completed
L09136,C07,6,82.4,4,2,1,Completed
L09137,C05,7,65.9,6,2,1,Completed
L09138,C07,2,39.1,3,1,1,Completed
L09139,C04,3,37.6,3,3,2,Not Completed
L09140,C02,12,79.9,1,3,1,Completed
L09141,C05,5,63.4,3,2,3,Completed
L09142,C10,13,93.2,2,5,3,Completed
L09143,C03,9,52.1,1,5,3,Completed
L09144,C07,5,38.2,4,7,5,Completed
L09145,C01,1,23.8,3,0,1,Completed
L09146,C08,0,0.0,1,2,0,Not Completed
L09147,C03,5,58.5,2,0,2,Completed
L09148,C05,4,52.8,2,1,0,Completed
L09149,C04,4,67.5,3,3,7,Completed
L09150,C02,8,76.7,5,3,2,Completed
L09151,C04,5,18.9,3,4,0,Not Completed
L09152,C04,5,93.5,4,1,1,Completed
L09153,C06,2,32.3,0,0,0,Not Completed
L09154,C10,2,46.4,1,2,0,Completed
L09155,C05,7,74.8,6,4,3,Completed
L09156,C10,5,38.3,1,2,2,Completed
L09157,C05,9,31.7,0,4,1,Completed
L09158,C02,3,59.5,3,3,1,Completed
L09159,C03,9,60.2,2,4,4,Not Completed
L09160,C05,6,53.1,9,3,3,Completed
L09161,C04,6,41.6,3,3,3,Completed
L09162,C09,3,49.1,1,2,3,Not Completed
L09163,C07,3,69.1,7,5,2,Not Completed
L09164,C06,7,57.4,3,2,3,Completed
L09165,C05,9,79.6,6,5,1,Completed
L09166,C04,1,44.4,1,1,2,Not Completed
L09167,C07,11,50.1,6,3,1,Completed
L09168,C02,4,60.2,5,1,1,Completed
L09169,C02,4,23.4,0,3,1,Not Completed
L09170,C04,2,30.6,2,0,1,Not Completed
L09171,C02,11,55.2,1,3,0,Completed
L09172,C07,6,53.3,3,1,2,Completed
L09173,C01,2,84.1,7,5,6,Completed
L09174,C02,5,57.2,3,3,4,Completed
L09175,C10,7,46.7,3,7,3,Completed
L09176,C10,3,42.1,0,0,0,Not Completed
L09177,C05,3,46.6,3,2,2,Not Completed
L09178,C05,7,73.3,7,1,5,Completed
L09179,C08,6,68.5,4,2,4,Completed
L09180,C01,5,38.9,0,2,2,Completed
L09181,C05,2,23.6,2,2,0,Not Completed
L09182,C01,5,15.1,1,1,2,Not Completed
L09183,C05,3,62.2,3,2,4,Not Completed
L09184,C10,4,64.9,2,5,5,Completed
L09185,C08,2,50.0,5,4,2,Completed
L09186,C10,4,59.7,5,1,0,Not Completed
L09187,C08,6,34.2,1,0,4,Not Completed
L09188,C07,12,75.5,4,2,2,Completed
L09189,C08,8,72.8,5,3,7,Completed
L09190,C07,9,91.2,4,6,6,Completed
L09191,C05,1,34.9,2,2,2,Completed
L09192,C03,4,53.2,6,2,0,Not Completed
L09193,C06,2,60.4,3,4,4,Completed
L09194,C03,2,42.8,1,0,1,Not Completed
L09195,C05,1,32.0,1,2,0,Completed
L09196,C02,5,48.2,4,4,1,Completed
L09197,C06,5,41.0,3,3,1,Not Completed
L09198,C03,6,80.4,4,2,3,Not Completed
L09199,C03,5,73.0,6,5,5,Completed
L09200,C05,5,58.0,3,2,0,Not Completed
L09201,C02,5,87.0,4,3,5,Completed
L09202,C10,4,59.8,4,5,1,Completed
L09203,C05,5,65.3,1,0,2,Not Completed
L09204,C04,12,99.2,6,5,5,Not Completed
L09205,C01,2,38.0,2,0,2,Not Completed
L09206,C09,3,37.5,0,0,1,Not Completed
L09207,C07,6,78.5,2,2,1,Not Completed
L09208,C05,4,67.5,2,5,1,Completed
L09209,C03,3,63.4,3,1,1,Completed
L09210,C08,5,87.7,4,1,6,Completed
L09211,C10,6,54.3,2,3,2,Completed
L09212,C04,9,65.9,3,3,5,Completed
L09213,C02,6,40.8,1,4,3,Not Completed
L09214,C02,1,37.2,3,1,0,Not Completed
L09215,C01,4,31.3,2,2,1,Not Completed
L09216,C08,5,62.2,6,1,2,Completed
L09217,C10,2,32.3,2,3,1,Completed
L09218,C10,7,53.2,3,0,3,Completed
L09219,C08,5,61.9,6,3,1,Completed
L09220,C02,5,95.1,2,3,2,Completed
L09221,C10,4,51.1,4,3,5,Not Completed
L09222,C04,6,62.8,5,4,2,Completed
L09223,C04,4,91.3,6,5,6,Completed
L09224,C07,7,48.6,6,2,2,Completed
L09225,C01,3,62.5,5,4,1,Not Completed
L09226,C09,3,14.2,2,3,2,Completed
L09227,C10,6,74.2,4,2,6,Completed
L09228,C08,0,29.4,1,0,0,Not Completed
L09229,C08,4,54.4,3,1,1,Completed
L09230,C04,11,53.9,2,4,2,Completed
L09231,C01,7,71.9,0,2,6,Completed
L09232,C08,3,26.2,0,2,1,Not Completed
L09233,C06,0,41.1,3,0,2,Not Completed
L09234,C10,2,70.4,3,4,4,Completed
L09235,C02,10,78.3,4,5,3,Completed
L09236,C04,7,26.4,5,2,1,Completed
L09237,C04,4,78.3,2,4,1,Completed
L09238,C07,2,26.7,2,2,0,Not Completed
L09239,C08,7,62.4,4,1,1,Completed
L09240,C10,5,72.7,5,1,4,Completed
L09241,C03,7,86.7,5,2,1,Completed
L09242,C05,6,85.5,6,2,3,Completed
L09243,C01,6,82.8,4,4,5,Completed
L09244,C03,5,79.7,2,4,3,Completed
L09245,C04,12,90.9,6,1,6,Completed
L09246,C06,4,69.7,7,1,5,Completed
L09247,C05,5,25.1,4,2,0,Completed
L09248,C04,4,72.4,2,3,4,Completed
L09249,C07,6,47.2,5,1,8,Completed
L09250,C09,6,33.1,0,1,2,Completed
L09251,C03,5,85.4,2,3,2,Completed
L09252,C04,0,43.5,1,1,1,Not Completed
L09253,C08,2,30.7,4,2,1,Not Completed
L09254,C08,3,47.0,1,2,1,Not Completed
L09255,C09,6,63.7,5,5,4,Completed
L09256,C02,4,14.4,1,1,1,Not Completed
L09257,C06,8,69.0,4,1,0,Completed
L09258,C10,9,74.9,5,2,6,Not Completed
L09259,C04,6,61.0,2,0,4,Not Completed
L09260,C05,7,62.5,6,3,3,Completed
L09261,C10,5,39.6,7,3,1,Completed
L09262,C02,4,27.5,1,3,0,Not Completed
L09263,C08,1,28.4,0,0,1,Completed
L09264,C09,4,23.6,2,1,0,Not Completed
L09265,C02,7,40.5,2,4,2,Completed
L09266,C08,6,13.2,0,0,2,Not Completed
L09267,C05,3,93.2,3,3,4,Completed
L09268,C09,9,83.6,7,3,3,Completed
L09269,C10,3,51.6,4,2,2,Completed
L09270,C09,5,75.4,7,4,4,Completed
L09271,C01,3,83.3,3,8,6,Completed
L09272,C08,5,56.6,3,4,0,Completed
L09273,C10,7,68.4,3,6,5,Completed
L09274,C07,6,54.9,0,4,5,Completed
L09275,C07,3,20.4,0,0,0,Not Completed
L09276,C01,3,64.8,3,5,5,Completed
L09277,C09,5,58.1,3,3,4,Not Completed
L09278,C01,4,56.4,3,0,1,Not Completed
L09279,C04,7,68.6,7,1,2,Completed
L09280,C10,5,76.9,4,5,1,Completed
L09281,C10,8,72.7,2,3,3,Completed
L09282,C10,11,58.0,3,1,2,Completed
L09283,C05,2,27.8,2,0,0,Not Completed
L09284,C02,3,37.1,5,3,3,Completed
L09285,C05,8,63.6,3,0,4,Not Completed
L09286,C02,7,80.8,3,2,3,Completed
L09287,C09,9,86.7,7,1,4,Completed
L09288,C06,1,66.2,4,5,0,Not Completed
L09289,C05,8,65.8,4,7,6,Completed
L09290,C01,5,60.7,3,1,6,Completed
L09291,C05,7,83.2,6,1,6,Completed
L09292,C09,5,45.2,1,1,1,Not Completed
L09293,C08,4,32.3,1,4,2,Not Completed
L09294,C01,12,89.0,7,5,3,Completed
L09295,C02,9,83.6,3,6,5,Completed
L09296,C04,7,100.0,1,3,5,Completed
L09297,C02,6,39.6,4,7,3,Completed
L09298,C10,8,45.5,0,2,2,Completed
L09299,C07,0,45.9,2,3,4,Not Completed
L09300,C01,3,46.8,5,5,1,Completed
L09301,C08,6,67.5,4,1,3,Not Completed
L09302,C04,4,75.8,2,8,4,Completed
L09303,C03,3,78.2,2,2,3,Completed
L09304,C06,2,66.3,3,2,3,Completed
L09305,C01,6,90.0,7,3,3,Completed
L09306,C05,7,51.3,4,3,3,Completed
L09307,C09,3,35.3,3,2,1,Not Completed
L09308,C10,4,33.1,1,2,4,Not Completed
L09309,C04,5,51.6,2,4,1,Completed
L09310,C07,5,52.7,6,5,2,Not Completed
L09311,C03,6,34.6,2,3,0,Not Completed
L09312,C06,7,63.5,6,1,6,Not Completed
L09313,C03,4,49.6,2,0,1,Not Completed
L09314,C06,7,44.1,2,2,2,Completed
L09315,C02,5,66.5,5,2,5,Completed
L09316,C10,4,33.0,1,1,2,Not Completed
L09317,C09,5,70.6,2,5,5,Not Completed
L09318,C04,9,59.3,1,5,2,Completed
L09319,C08,4,69.7,3,6,3,Completed
L09320,C01,4,24.9,1,0,0,Not Completed
L09321,C08,4,46.8,2,1,4,Completed
L09322,C03,2,27.0,4,2,3,Not Completed
L09323,C02,15,82.8,3,2,5,Completed
L09324,C07,7,67.6,6,6,2,Completed
L09325,C05,6,51.2,3,2,1,Completed
L09326,C06,8,53.1,3,0,1,Completed
L09327,C06,0,25.1,1,1,2,Not Completed
L09328,C01,3,15.5,2,0,0,Not Completed
L09329,C01,5,61.5,3,3,6,Completed
L09330,C07,3,62.0,4,1,4,Not Completed
L09331,C07,7,71.7,2,2,0,Completed
L09332,C01,9,77.9,5,3,2,Completed
L09333,C04,8,34.8,2,5,2,Not Completed
L09334,C07,7,76.0,9,2,1,Not Completed
L09335,C07,9,48.9,3,2,4,Completed
L09336,C09,5,71.3,6,8,5,Completed
L09337,C05,5,70.9,3,3,2,Completed
L09338,C06,2,79.9,2,4,4,Not Completed
L09339,C06,3,32.4,3,2,5,Not Completed
L09340,C04,3,39.3,0,1,0,Not Completed
L09341,C01,6,34.3,2,1,1,Completed
L09342,C01,4,52.4,1,4,1,Completed
L09343,C09,3,40.9,3,1,2,Not Completed
L09344,C02,4,66.4,3,2,5,Completed
L09345,C07,4,43.1,3,3,1,Completed
L09346,C06,8,93.9,4,4,5,Completed
L09347,C04,11,85.3,5,5,1,Completed
L09348,C09,3,28.7,0,0,0,Not Completed
L09349,C07,8,88.2,5,3,3,Completed
L09350,C01,9,84.9,6,4,2,Completed
L09351,C08,6,33.6,0,5,1,Completed
L09352,C05,5,82.0,8,4,4,Completed
L09353,C04,5,60.0,7,2,2,Completed
L09354,C08,8,61.5,2,2,1,Completed
L09355,C07,1,16.6,0,0,2,Completed
L09356,C04,7,48.4,3,4,3,Completed
L09357,C10,8,20.2,1,2,0,Completed
L09358,C07,9,68.8,2,1,2,Not Completed
L09359,C07,2,61.2,2,1,2,Completed
L09360,C01,7,74.8,5,8,1,Completed
L09361,C03,9,63.5,4,2,5,Completed
L09362,C05,6,91.8,2,4,2,Completed
L09363,C07,5,59.1,4,2,3,Completed
L09364,C05,3,58.5,1,1,1,Completed
L09365,C08,2,27.0,3,2,2,Completed
L09366,C03,4,64.1,5,2,3,Completed
L09367,C08,2,28.9,3,1,1,Completed
L09368,C09,6,99.6,0,3,3,Completed
L09369,C08,4,36.5,3,0,4,Not Completed
L09370,C08,4,59.5,2,2,0,Not Completed
L09371,C09,6,43.3,1,0,1,Not Completed
L09372,C01,6,25.9,4,2,0,Not Completed
L09373,C07,10,100.0,5,6,4,Completed
L09374,C10,3,48.1,2,2,1,Completed
L09375,C06,5,77.8,4,4,2,Completed
L09376,C03,1,60.5,1,2,2,Not Completed
L09377,C10,5,45.4,2,4,1,Not Completed
L09378,C02,4,54.1,0,0,0,Not Completed
L09379,C04,1,60.0,2,1,6,Not Completed
L09380,C02,6,65.9,4,2,3,Completed
L09381,C05,4,19.0,1,0,0,Not Completed
L09382,C05,3,36.8,0,3,2,Not Completed
L09383,C05,2,64.3,7,2,3,Completed
L09384,C10,11,81.9,5,3,4,Completed
L09385,C05,1,47.1,0,3,0,Not Completed
L09386,C05,5,73.0,6,2,5,Completed
L09387,C09,5,55.2,4,4,4,Completed
L09388,C09,10,60.4,4,5,5,Completed
L09389,C03,2,19.1,1,0,0,Not Completed
L09390,C01,8,65.5,3,4,3,Completed
L09391,C07,3,48.5,2,3,1,Completed
L09392,C09,6,69.3,2,5,1,Completed
L09393,C06,3,83.2,6,2,3,Completed
L09394,C03,5,49.3,4,3,4,Completed
L09395,C08,3,45.4,3,1,0,Completed
L09396,C07,3,46.0,1,1,1,Not Completed
L09397,C06,1,38.7,4,3,2,Not Completed
L09398,C09,10,86.9,5,6,5,Completed
L09399,C08,7,78.9,2,1,4,Completed
L09400,C07,9,86.9,7,6,2,Completed
L09401,C07,4,61.1,1,3,5,Completed
L09402,C07,6,28.5,1,1,2,Not Completed
L09403,C06,3,18.6,1,1,2,Not Completed
L09404,C05,7,93.5,4,6,3,Completed
L09405,C08,9,91.7,3,7,7,Completed
L09406,C07,2,17.3,1,3,1,Not Completed
L09407,C05,5,49.3,0,3,2,Not Completed
L09408,C02,4,61.6,3,0,2,Completed
L09409,C08,3,42.7,1,2,1,Not Completed
L09410,C07,6,82.0,1,6,5,Completed
L09411,C04,3,37.2,4,0,1,Completed
L09412,C04,3,66.1,3,0,2,Not Completed
L09413,C03,2,18.7,3,1,0,Not Completed
L09414,C10,4,15.0,0,1,0,Not Completed
L09415,C09,13,84.8,5,4,4,Not Completed
L09416,C06,2,42.1,4,2,1,Not Completed
L09417,C05,9,85.3,8,6,6,Completed
L09418,C08,4,29.6,3,1,2,Not Completed
L09419,C06,3,30.6,0,0,4,Not Completed
L09420,C10,9,62.8,3,1,2,Completed
L09421,C01,11,52.2,3,1,1,Completed
L09422,C01,7,87.9,3,1,1,Completed
L09423,C06,2,29.7,2,1,1,Not Completed
L09424,C02,7,54.7,3,1,3,Completed
L09425,C07,4,58.1,6,1,4,Not Completed
L09426,C08,11,76.0,6,3,2,Completed
L09427,C02,9,76.6,5,2,2,Completed
L09428,C05,9,78.8,4,2,3,Completed
L09429,C07,4,93.2,5,2,2,Completed
L09430,C09,2,16.4,0,0,2,Not Completed
L09431,C05,3,26.2,0,1,1,Not Completed
L09432,C02,6,36.7,4,3,8,Completed
L09433,C06,3,48.5,3,1,2,Completed
L09434,C05,13,61.0,5,2,7,Completed
L09435,C08,5,70.8,4,3,1,Completed
L09436,C06,8,91.0,5,6,0,Completed
L09437,C03,9,78.7,5,4,4,Completed
L09438,C08,4,68.3,5,2,3,Not Completed
L09439,C05,6,68.1,3,3,1,Completed
L09440,C02,4,44.3,1,4,3,Completed
L09441,C06,4,28.5,3,1,2,Completed
L09442,C10,6,62.2,1,2,3,Completed
L09443,C08,14,81.8,3,6,5,Completed
L09444,C03,3,30.0,1,0,1,Not Completed
L09445,C08,7,76.4,6,8,3,Completed
L09446,C03,6,57.9,4,5,3,Completed
L09447,C06,3,39.4,1,2,1,Completed
L09448,C06,4,52.1,7,2,5,Not Completed
L09449,C03,0,45.5,5,1,2,Not Completed
L09450,C04,3,54.0,2,3,1,Not Completed
L09451,C10,3,34.2,3,2,0,Not Completed
L09452,C03,8,68.6,2,2,6,Completed
L09453,C08,2,38.2,1,2,0,Not Completed
L09454,C07,6,89.5,8,5,5,Completed
L09455,C06,10,98.4,6,4,5,Completed
L09456,C02,6,42.1,2,4,3,Completed
L09457,C02,12,66.9,4,2,4,Completed
L09458,C02,5,28.1,2,0,2,Not Completed
L09459,C06,2,47.3,0,1,3,Not Completed
L09460,C10,8,60.6,6,4,2,Completed
L09461,C09,2,41.0,3,2,4,Completed
L09462,C01,1,15.1,1,0,2,Not Completed
L09463,C03,7,68.5,3,5,3,Completed
L09464,C02,6,84.9,3,6,1,Completed
L09465,C10,6,59.2,5,2,2,Completed
L09466,C03,3,50.2,5,2,2,Completed
L09467,C02,6,39.2,4,4,4,Completed
L09468,C07,4,56.9,3,1,3,Completed
L09469,C06,4,35.1,0,2,1,Not Completed
L09470,C03,4,28.4,1,2,2,Not Completed
L09471,C07,4,47.5,4,0,3,Not Completed
L09472,C01,0,19.7,0,0,2,Not Completed
L09473,C01,6,64.6,6,5,3,Completed
L09474,C01,6,67.2,10,3,5,Completed
L09475,C04,8,33.6,2,3,1,Completed
L09476,C10,3,56.5,2,3,0,Not Completed
L09477,C06,2,51.0,7,6,2,Completed
L09478,C08,1,12.5,5,1,0,Completed
L09479,C04,6,78.8,9,3,5,Completed
L09480,C08,6,43.0,0,2,2,Completed
L09481,C10,5,54.0,3,5,2,Not Completed
L09482,C04,7,70.8,3,4,0,Completed
L09483,C10,11,71.8,4,2,1,Completed
L09484,C07,4,67.9,7,1,2,Completed
L09485,C08,5,66.7,5,1,2,Not Completed
L09486,C03,2,18.2,2,3,1,Not Completed
L09487,C07,7,65.5,1,1,3,Completed
L09488,C05,9,78.3,1,4,4,Completed
L09489,C10,5,86.9,8,3,3,Completed
L09490,C10,5,28.9,3,0,0,Completed
L09491,C04,3,42.0,0,0,0,Not Completed
L09492,C10,7,69.5,6,4,4,Completed
L09493,C09,4,79.4,1,2,5,Completed
L09494,C06,8,82.7,3,3,4,Not Completed
L09495,C01,2,76.2,3,2,4,Not Completed
L09496,C02,3,43.0,3,1,3,Not Completed
L09497,C01,1,38.0,2,0,2,Not Completed
L09498,C02,5,51.5,1,1,1,Completed
L09499,C10,4,77.4,4,1,3,Completed
L09500,C03,1,21.1,3,1,2,Not Completed
L09501,C07,9,56.9,6,0,4,Completed
L09502,C07,4,100.0,5,4,9,Completed
L09503,C07,5,66.2,2,2,3,Completed
L09504,C02,6,68.7,2,6,8,Completed
L09505,C06,4,62.5,4,6,2,Completed
L09506,C07,11,72.3,4,5,4,Completed
L09507,C06,3,52.9,7,1,7,Completed
L09508,C02,7,53.0,1,1,0,Not Completed
L09509,C08,3,57.0,3,4,2,Completed
L09510,C01,6,74.4,2,1,2,Completed
L09511,C06,5,26.6,1,2,0,Not Completed
L09512,C05,8,54.3,4,4,2,Completed
L09513,C03,2,23.6,0,0,3,Completed
L09514,C08,5,44.2,2,1,0,Not Completed
L09515,C02,4,51.3,4,4,1,Not Completed
L09516,C10,7,61.2,0,3,2,Completed
L09517,C09,1,15.4,1,0,0,Not Completed
L09518,C04,6,53.5,2,3,6,Completed
L09519,C04,13,69.8,3,1,1,Completed
L09520,C02,4,21.6,0,1,2,Completed
L09521,C10,3,57.8,4,4,1,Completed
L09522,C07,5,93.1,5,1,4,Completed
L09523,C01,4,76.5,6,5,5,Completed
L09524,C05,6,56.4,4,2,1,Completed
L09525,C01,3,52.1,1,1,1,Not Completed
L09526,C06,2,45.6,3,3,2,Completed
L09527,C05,2,31.0,3,2,1,Not Completed
L09528,C01,11,71.5,5,5,3,Completed
L09529,C09,5,64.9,3,1,1,Completed
L09530,C03,5,69.6,2,7,3,Completed
L09531,C06,2,30.1,2,3,1,Not Completed
L09532,C07,8,93.0,4,3,7,Completed
L09533,C10,4,79.1,4,2,4,Completed
L09534,C05,6,48.7,5,3,5,Completed
L09535,C10,7,89.7,2,7,1,Not Completed
L09536,C04,7,54.8,1,4,1,Completed
L09537,C09,7,57.5,7,6,3,Completed
L09538,C03,3,72.3,1,2,1,Not Completed
L09539,C08,4,43.7,2,2,2,Not Completed
L09540,C01,9,59.0,2,1,3,Completed
L09541,C10,10,84.6,5,5,8,Completed
L09542,C10,7,68.8,3,1,3,Completed
L09543,C05,8,47.1,3,1,4,Not Completed
L09544,C06,1,22.8,0,1,2,Not Completed
L09545,C06,7,51.9,2,3,5,Not Completed
L09546,C03,3,31.8,4,2,2,Not Completed
L09547,C07,2,51.9,6,3,2,Not Completed
L09548,C07,6,44.7,1,1,2,Completed
L09549,C06,5,43.9,6,2,1,Not Completed
L09550,C02,6,35.2,7,2,3,Completed
L09551,C10,9,39.7,3,3,1,Completed
L09552,C02,5,33.9,0,1,2,Not Completed
L09553,C07,6,74.7,4,6,2,Completed
L09554,C02,4,47.3,4,1,1,Completed
L09555,C02,6,39.1,2,0,4,Completed
L09556,C01,4,49.0,3,3,6,Completed
L09557,C04,0,47.1,3,3,2,Completed
L09558,C07,4,66.2,9,3,4,Completed
L09559,C06,5,38.0,1,2,2,Completed
L09560,C07,3,13.1,1,1,1,Not Completed
L09561,C07,2,36.0,1,2,0,Not Completed
L09562,C02,2,37.9,3,0,1,Not Completed
L09563,C01,6,25.1,1,1,2,Completed
L09564,C07,1,48.2,1,3,2,Not Completed
L09565,C07,7,18.8,2,0,1,Completed
L09566,C06,5,66.4,4,3,4,Completed
L09567,C03,8,77.4,7,2,4,Not Completed
L09568,C09,2,29.0,0,0,1,Not Completed
L09569,C01,11,54.3,1,2,1,Completed
L09570,C07,6,61.4,5,2,2,Completed
L09571,C02,6,65.1,2,4,3,Completed
L09572,C07,7,45.9,2,0,3,Completed
L09573,C05,5,82.3,8,2,5,Completed
L09574,C08,8,56.3,6,7,2,Completed
L09575,C01,2,25.0,1,1,0,Completed
L09576,C06,6,45.4,0,1,1,Not Completed
L09577,C02,6,87.8,7,3,4,Completed
L09578,C07,8,63.8,7,6,5,Completed
L09579,C02,8,60.6,2,2,2,Completed
L09580,C01,1,26.6,0,1,0,Not Completed
L09581,C08,5,73.9,1,2,1,Not Completed
L09582,C01,2,26.3,2,2,0,Not Completed
L09583,C03,3,21.6,1,0,1,Not Completed
L09584,C09,15,63.1,4,1,8,Completed
L09585,C08,6,60.4,0,2,5,Not Completed
L09586,C09,3,40.2,3,3,1,Completed
L09587,C04,4,33.7,1,4,2,Completed
L09588,C06,4,38.3,1,2,1,Not Completed
L09589,C08,3,65.5,6,4,7,Completed
L09590,C02,8,73.6,5,5,3,Completed
L09591,C08,3,29.7,0,0,1,Not Completed
L09592,C01,7,88.4,4,5,1,Completed
L09593,C10,3,47.3,3,2,1,Completed
L09594,C07,5,88.4,1,3,2,Completed
L09595,C05,8,46.7,2,2,7,Completed
L09596,C05,8,74.3,3,5,4,Completed
L09597,C02,7,74.9,5,5,7,Completed
L09598,C04,4,44.6,0,2,1,Not Completed
L09599,C08,5,71.2,1,3,6,Completed
L09600,C06,4,73.1,5,2,1,Completed
L09601,C06,6,71.2,1,1,2,Completed
L09602,C02,3,42.1,2,2,6,Completed
L09603,C07,5,58.2,4,3,3,Completed
L09604,C04,4,54.5,2,1,3,Not Completed
L09605,C02,6,52.7,2,0,1,Completed
L09606,C10,8,72.0,10,4,4,Completed
L09607,C05,3,43.7,4,4,3,Not Completed
L09608,C06,2,18.2,3,1,0,Not Completed
L09609,C10,7,45.5,4,2,0,Not Completed
L09610,C04,0,28.2,1,5,1,Not Completed
L09611,C10,2,53.1,2,3,1,Completed
L09612,C07,3,16.1,0,0,1,Not Completed
L09613,C07,4,62.7,2,2,1,Completed
L09614,C03,9,82.7,5,3,5,Completed
L09615,C01,6,42.5,3,4,4,Completed
L09616,C05,8,95.6,9,3,5,Completed
L09617,C01,8,48.2,1,4,4,Completed
L09618,C01,5,69.0,2,1,5,Completed
L09619,C06,2,49.4,2,0,4,Not Completed
L09620,C08,1,0.0,0,3,2,Not Completed
L09621,C02,0,7.1,2,2,1,Not Completed
L09622,C08,1,37.0,2,2,2,Completed
L09623,C10,2,43.7,2,1,5,Not Completed
L09624,C08,3,56.4,1,4,4,Completed
L09625,C08,5,96.7,9,5,2,Completed
L09626,C08,7,22.8,0,1,2,Completed
L09627,C03,6,41.9,7,2,5,Completed
L09628,C04,4,53.3,1,5,6,Completed
L09629,C10,5,58.4,5,4,2,Completed
L09630,C07,4,34.9,4,1,4,Completed
L09631,C08,5,94.1,4,3,4,Completed
L09632,C10,5,43.8,0,2,1,Not Completed
L09633,C03,4,40.8,1,2,1,Not Completed
L09634,C04,8,58.6,2,2,2,Completed
L09635,C07,6,61.7,4,3,3,Completed
L09636,C01,6,41.8,2,7,2,Completed
L09637,C06,9,66.3,3,7,3,Completed
L09638,C08,6,68.4,5,7,1,Not Completed
L09639,C07,8,62.2,2,2,3,Completed
L09640,C03,7,64.3,4,2,7,Completed
L09641,C08,6,75.3,2,5,3,Completed
L09642,C02,6,72.3,6,5,4,Completed
L09643,C09,7,37.0,1,1,1,Completed
L09644,C02,3,53.3,2,3,5,Not Completed
L09645,C09,7,60.9,3,3,3,Completed
L09646,C05,2,18.7,2,1,1,Not Completed
L09647,C05,4,77.2,3,3,4,Completed
L09648,C05,5,61.1,4,4,4,Completed
L09649,C02,5,68.2,4,1,9,Completed
L09650,C05,7,73.6,4,3,2,Completed
L09651,C09,8,100.0,5,5,3,Completed
L09652,C08,3,20.9,0,2,0,Completed
L09653,C02,5,47.4,1,3,1,Not Completed
L09654,C07,2,57.8,2,6,3,Not Completed
L09655,C09,5,78.7,1,3,6,Not Completed
L09656,C09,2,25.5,2,1,0,Not Completed
L09657,C05,5,50.2,4,2,3,Completed
L09658,C01,9,90.6,8,3,5,Completed
L09659,C10,5,44.4,1,6,3,Not Completed
L09660,C04,5,68.6,4,4,2,Completed
L09661,C04,5,44.3,5,4,1,Completed
L09662,C08,6,32.3,2,2,3,Not Completed
L09663,C03,5,51.6,1,2,1,Not Completed
L09664,C09,4,60.5,4,1,0,Not Completed
L09665,C01,6,54.2,4,3,2,Completed
L09666,C08,6,66.9,3,1,2,Not Completed
L09667,C10,8,66.3,3,5,2,Completed
L09668,C10,4,79.4,3,2,0,Completed
L09669,C10,3,57.4,5,0,1,Not Completed
L09670,C09,12,80.8,5,1,4,Completed
L09671,C03,2,71.6,1,3,1,Completed
L09672,C10,2,46.9,3,3,1,Completed
L09673,C10,10,77.1,4,2,2,Completed
L09674,C06,8,68.5,5,1,5,Completed
L09675,C05,5,91.4,1,2,1,Completed
L09676,C02,2,39.2,5,4,1,Completed
L09677,C06,7,57.6,2,2,3,Completed
L09678,C08,4,51.6,3,4,3,Completed
L09679,C05,6,40.5,5,2,1,Completed
L09680,C05,3,91.8,3,3,3,Completed
L09681,C06,5,59.2,1,0,6,Not Completed
L09682,C01,3,33.6,1,3,0,Not Completed
L09683,C10,6,39.9,1,1,2,Not Completed
L09684,C03,3,59.1,2,3,1,Not Completed
L09685,C02,4,72.2,4,4,2,Completed
L09686,C01,7,38.0,4,5,1,Completed
L09687,C09,5,90.6,5,1,2,Completed
L09688,C09,6,40.3,4,6,1,Completed
L09689,C01,5,74.2,3,5,2,Completed
L09690,C02,6,51.0,2,1,2,Not Completed
L09691,C05,2,33.6,1,1,1,Not Completed
L09692,C02,5,68.7,2,4,0,Completed
L09693,C08,3,58.2,2,1,4,Completed
L09694,C01,8,43.3,2,2,2,Completed
L09695,C06,5,66.9,5,5,2,Completed
L09696,C04,0,32.4,1,1,3,Not Completed
L09697,C05,2,35.9,1,2,1,Not Completed
L09698,C05,7,79.3,7,2,3,Completed
L09699,C02,1,29.0,3,2,1,Not Completed
L09700,C03,8,97.6,3,4,2,Completed
L09701,C01,6,69.4,2,3,6,Completed
L09702,C02,5,80.9,5,2,4,Completed
L09703,C10,5,66.2,7,4,4,Completed
L09704,C03,5,74.7,6,3,3,Completed
L09705,C04,11,73.2,3,0,4,Completed
L09706,C02,0,57.7,1,2,3,Not Completed
L09707,C08,2,28.2,4,2,1,Not Completed
L09708,C10,9,87.0,5,2,5,Completed
L09709,C08,1,25.0,4,2,3,Not Completed
L09710,C07,4,37.2,0,1,0,Not Completed
L09711,C09,10,98.1,2,2,1,Completed
L09712,C05,8,81.2,8,5,5,Completed
L09713,C09,2,34.4,3,1,2,Not Completed
L09714,C08,0,29.6,6,2,2,Not Completed
L09715,C01,5,52.8,3,3,6,Not Completed
L09716,C05,2,44.1,1,0,2,Not Completed
L09717,C03,7,57.0,3,5,4,Completed
L09718,C01,0,17.4,2,1,0,Not Completed
L09719,C09,8,61.4,10,5,5,Completed
L09720,C01,7,72.3,3,1,1,Completed
L09721,C08,3,58.3,3,3,4,Not Completed
L09722,C10,3,67.2,4,3,4,Not Completed
L09723,C05,4,44.0,2,3,2,Completed
L09724,C04,5,42.4,3,2,0,Completed
L09725,C07,3,63.8,7,1,3,Not Completed
L09726,C08,2,38.8,1,2,2,Not Completed
L09727,C03,4,67.6,1,1,1,Not Completed
L09728,C03,2,41.5,3,1,3,Completed
L09729,C07,7,49.4,6,4,3,Completed
L09730,C10,4,79.4,4,3,0,Completed
L09731,C03,5,63.4,4,3,0,Completed
L09732,C04,4,20.9,1,2,1,Not Completed
L09733,C10,4,33.2,0,1,0,Not Completed
L09734,C02,9,56.9,2,4,2,Not Completed
L09735,C01,6,73.1,3,2,3,Not Completed
L09736,C06,7,64.9,7,0,1,Completed
L09737,C01,4,35.9,1,0,1,Completed
L09738,C02,1,40.2,3,2,2,Completed
L09739,C07,7,49.5,6,1,3,Not Completed
L09740,C07,7,92.7,5,1,2,Completed
L09741,C05,2,60.8,1,3,3,Completed
L09742,C04,8,69.2,2,6,3,Completed
L09743,C06,4,59.0,4,5,5,Not Completed
L09744,C07,1,25.0,1,2,1,Completed
L09745,C08,2,21.2,0,1,0,Not Completed
L09746,C08,5,81.4,5,5,3,Completed
L09747,C07,7,75.4,7,2,5,Completed
L09748,C09,3,25.4,1,0,0,Not Completed
L09749,C09,5,26.1,0,1,1,Not Completed
L09750,C02,7,73.5,5,5,4,Completed
L09751,C10,4,46.3,1,2,2,Not Completed
L09752,C09,6,85.8,3,4,2,Completed
L09753,C04,7,100.0,3,6,7,Completed
L09754,C01,5,100.0,9,3,4,Completed
L09755,C07,3,59.1,1,4,1,Completed
L09756,C05,2,49.1,2,1,3,Not Completed
L09757,C08,1,35.0,2,1,2,Not Completed
L09758,C06,1,57.6,3,1,6,Not Completed
L09759,C01,8,77.7,6,1,2,Completed
L09760,C03,1,59.3,3,1,5,Completed
L09761,C09,4,43.4,2,2,1,Completed
L09762,C01,3,54.8,2,3,1,Not Completed
L09763,C08,9,70.7,6,8,6,Completed
L09764,C03,6,54.3,1,3,3,Completed
L09765,C05,7,89.2,8,4,3,Completed
L09766,C06,4,28.6,3,2,1,Completed
L09767,C03,5,94.6,5,4,3,Not Completed
L09768,C07,6,45.2,1,3,2,Completed
L09769,C07,7,63.6,2,1,0,Not Completed
L09770,C01,6,43.9,3,1,0,Completed
L09771,C04,4,60.2,8,2,3,Completed
L09772,C08,2,43.1,0,1,1,Completed
L09773,C08,2,65.6,5,8,1,Completed
L09774,C06,5,73.6,4,3,1,Completed
L09775,C08,6,47.1,1,3,5,Not Completed
L09776,C02,1,19.4,1,2,1,Not Completed
L09777,C02,8,81.4,1,5,3,Not Completed
L09778,C07,5,36.7,2,3,0,Not Completed
L09779,C07,4,65.7,4,3,4,Completed
L09780,C09,7,61.7,3,2,2,Completed
L09781,C02,5,55.9,0,2,5,Not Completed
L09782,C05,6,52.5,5,1,2,Completed
L09783,C07,5,72.0,4,2,5,Completed
L09784,C03,4,37.0,2,2,6,Not Completed
L09785,C05,6,85.7,2,5,3,Completed
L09786,C07,2,31.4,2,3,1,Completed
L09787,C03,7,43.7,9,3,2,Not Completed
L09788,C04,6,69.4,3,2,2,Completed
L09789,C03,7,54.2,3,1,1,Completed
L09790,C10,5,32.3,2,0,2,Not Completed
L09791,C03,6,68.8,6,5,5,Completed
L09792,C02,6,32.4,3,2,0,Completed
L09793,C01,4,88.8,4,3,1,Completed
L09794,C01,3,22.9,1,2,0,Completed
L09795,C02,6,68.3,0,2,3,Completed
L09796,C07,1,28.5,1,1,1,Not Completed
L09797,C01,3,55.3,2,0,0,Not Completed
L09798,C03,3,70.7,4,1,3,Completed
L09799,C01,1,38.5,1,0,0,Not Completed
L09800,C05,5,72.7,4,4,2,Completed
L09801,C01,5,66.1,6,3,4,Completed
L09802,C07,3,58.2,3,1,2,Completed
L09803,C07,7,58.6,5,1,0,Not Completed
L09804,C08,5,39.8,3,4,1,Completed
L09805,C03,2,21.1,0,1,2,Not Completed
L09806,C09,2,27.7,0,3,0,Completed
L09807,C07,4,39.4,2,2,0,Not Completed
L09808,C01,2,53.1,4,3,2,Completed
L09809,C05,3,31.3,2,1,2,Not Completed
L09810,C08,4,61.4,5,1,2,Completed
L09811,C04,2,37.1,2,0,1,Not Completed
L09812,C04,6,46.9,2,2,1,Completed
L09813,C07,5,71.9,2,1,2,Not Completed
L09814,C01,8,55.8,4,4,0,Completed
L09815,C10,2,54.7,0,2,2,Not Completed
L09816,C02,3,46.9,3,1,1,Completed
L09817,C01,3,81.5,6,1,1,Completed
L09818,C01,12,84.2,3,2,1,Completed
L09819,C04,6,73.1,3,0,3,Completed
L09820,C09,6,49.4,5,4,4,Completed
L09821,C09,3,36.0,3,4,0,Not Completed
L09822,C10,11,81.2,5,5,3,Completed
L09823,C06,5,56.7,7,3,0,Not Completed
L09824,C05,8,63.6,1,3,3,Completed
L09825,C04,5,55.0,3,6,4,Completed
L09826,C01,2,50.2,4,5,2,Not Completed
L09827,C10,6,56.6,4,3,2,Completed
L09828,C05,4,52.6,1,1,1,Not Completed
L09829,C05,4,51.2,1,1,1,Completed
L09830,C05,3,79.2,4,1,3,Completed
L09831,C08,3,23.7,0,1,1,Not Completed
L09832,C03,6,38.2,2,3,2,Not Completed
L09833,C08,6,27.3,3,2,0,Completed
L09834,C08,4,56.1,1,2,2,Completed
L09835,C09,5,19.2,2,5,0,Completed
L09836,C01,7,88.1,3,6,5,Completed
L09837,C02,2,21.9,0,0,1,Not Completed
L09838,C05,4,52.4,2,2,3,Completed
L09839,C09,6,52.8,3,5,4,Completed
L09840,C10,3,51.0,1,0,1,Completed
L09841,C06,5,47.0,0,3,2,Not Completed
L09842,C03,8,79.0,5,4,8,Completed
L09843,C02,8,64.4,3,4,4,Completed
L09844,C07,4,3.3,3,2,1,Completed
L09845,C03,5,60.2,5,1,3,Not Completed
L09846,C06,9,83.2,6,3,1,Completed
L09847,C09,6,55.4,8,1,3,Completed
L09848,C04,2,27.5,1,1,2,Not Completed
L09849,C04,6,68.6,1,1,5,Completed
L09850,C01,6,61.8,4,1,2,Completed
L09851,C03,3,22.2,1,3,3,Not Completed
L09852,C07,5,59.4,5,4,2,Completed
L09853,C04,3,33.0,2,2,5,Not Completed
L09854,C02,6,76.1,6,2,2,Completed
L09855,C02,5,72.9,3,4,5,Not Completed
L09856,C01,3,47.5,3,3,2,Not Completed
L09857,C07,2,27.5,0,1,1,Not Completed
L09858,C07,6,54.4,4,2,1,Completed
L09859,C05,3,69.2,3,2,0,Not Completed
L09860,C05,3,0.0,3,0,2,Not Completed
L09861,C02,4,59.6,3,5,2,Not Completed
L09862,C05,14,69.3,5,3,5,Completed
L09863,C01,8,49.8,3,1,3,Completed
L09864,C10,13,84.8,4,1,0,Completed
L09865,C01,4,79.2,8,3,5,Completed
L09866,C05,6,81.8,5,3,3,Completed
L09867,C01,6,52.0,5,2,0,Completed
L09868,C08,7,69.2,1,3,2,Completed
L09869,C02,6,47.3,4,1,3,Not Completed
L09870,C10,6,31.8,2,3,1,Completed
L09871,C01,4,46.6,0,3,1,Not Completed
L09872,C09,1,32.0,0,0,0,Not Completed
L09873,C07,5,49.4,1,0,4,Not Completed
L09874,C03,3,65.7,7,5,3,Completed
L09875,C02,5,73.0,5,5,4,Completed
L09876,C04,2,60.6,2,2,1,Completed
L09877,C09,6,35.3,1,4,0,Not Completed
L09878,C09,4,43.1,4,2,2,Not Completed
L09879,C02,4,56.5,3,3,3,Completed
L09880,C04,2,47.9,3,2,1,Not Completed
L09881,C03,1,27.5,3,0,1,Not Completed
L09882,C02,5,46.1,4,1,2,Completed
L09883,C07,6,88.5,4,1,5,Completed
L09884,C04,4,54.8,1,1,3,Completed
L09885,C03,1,34.4,4,3,1,Not Completed
L09886,C09,7,72.3,6,2,3,Not Completed
L09887,C08,10,96.0,7,2,8,Completed
L09888,C08,10,75.2,3,5,2,Completed
L09889,C01,4,62.8,6,2,4,Completed
L09890,C10,10,83.4,4,6,3,Completed
L09891,C06,7,50.5,4,6,1,Not Completed
L09892,C05,6,39.4,2,1,3,Completed
L09893,C01,5,50.1,1,1,2,Not Completed
L09894,C09,8,50.9,1,4,0,Completed
L09895,C06,4,41.7,3,0,4,Completed
L09896,C09,3,39.8,3,2,1,Completed
L09897,C07,9,67.7,6,1,1,Completed
L09898,C08,8,66.5,4,5,1,Completed
L09899,C07,4,42.9,4,3,4,Completed
L09900,C10,0,19.3,2,0,0,Not Completed
L09901,C03,7,65.8,1,2,3,Completed
L09902,C02,8,58.9,4,4,4,Not Completed
L09903,C08,4,57.2,0,2,2,Completed
L09904,C05,6,68.6,0,3,2,Completed
L09905,C06,9,58.2,4,1,0,Completed
L09906,C08,4,39.3,2,2,4,Completed
L09907,C06,8,50.0,4,1,3,Completed
L09908,C08,6,92.2,6,5,2,Completed
L09909,C04,5,39.5,1,3,2,Completed
L09910,C09,3,70.0,4,2,1,Not Completed
L09911,C02,2,11.2,1,0,2,Not Completed
L09912,C07,7,39.6,4,1,1,Completed
L09913,C09,9,70.8,3,1,3,Completed
L09914,C03,5,24.1,0,1,0,Not Completed
L09915,C04,7,80.5,5,2,0,Completed
L09916,C04,2,32.6,0,4,0,Not Completed
L09917,C06,7,40.0,4,1,1,Completed
L09918,C05,2,28.4,3,2,1,Not Completed
L09919,C02,9,83.1,9,3,3,Completed
L09920,C09,0,38.1,1,1,1,Completed
L09921,C02,8,25.0,1,2,3,Completed
L09922,C06,7,42.7,5,5,4,Completed
L09923,C06,10,59.1,6,5,4,Completed
L09924,C01,7,68.6,6,5,2,Completed
L09925,C01,2,43.6,2,1,1,Not Completed
L09926,C10,8,45.5,3,2,6,Not Completed
L09927,C07,2,23.0,2,0,0,Not Completed
L09928,C01,2,50.5,1,2,2,Not Completed
L09929,C08,5,78.7,3,5,1,Completed
L09930,C05,5,74.3,4,3,2,Completed
L09931,C01,5,48.7,2,2,3,Completed
L09932,C07,10,69.7,7,1,4,Completed
L09933,C05,8,70.7,4,3,3,Completed
L09934,C02,6,100.0,4,4,6,Completed
L09935,C09,7,71.2,4,4,3,Completed
L09936,C03,6,62.5,3,3,0,Not Completed
L09937,C03,9,55.1,8,7,3,Completed
L09938,C03,7,56.1,4,0,4,Completed
L09939,C08,1,44.4,2,0,1,Completed
L09940,C08,8,89.9,4,6,2,Completed
L09941,C10,3,41.5,3,3,1,Not Completed
L09942,C03,4,47.6,4,5,1,Completed
L09943,C08,5,57.0,2,4,0,Completed
L09944,C06,3,43.1,1,2,4,Not Completed
L09945,C04,1,46.4,2,5,2,Not Completed
L09946,C01,8,49.0,4,3,2,Completed
L09947,C09,0,83.6,4,6,6,Completed
L09948,C03,6,74.8,4,3,1,Completed
L09949,C07,1,38.9,1,2,1,Completed
L09950,C06,9,100.0,6,6,1,Completed
L09951,C01,6,70.6,4,4,3,Completed
L09952,C10,5,71.3,5,4,6,Completed
L09953,C09,9,77.7,6,3,7,Not Completed
L09954,C05,12,65.8,6,4,5,Completed
L09955,C07,0,32.9,5,1,0,Not Completed
L09956,C05,3,45.7,2,6,1,Completed
L09957,C08,2,31.5,1,1,0,Not Completed
L09958,C02,5,50.8,2,5,1,Not Completed
L09959,C05,5,73.4,6,3,3,Completed
L09960,C04,4,18.4,3,2,2,Not Completed
L09961,C05,7,90.8,6,2,6,Completed
L09962,C05,7,33.6,5,4,5,Completed
L09963,C02,3,59.0,2,0,2,Not Completed
L09964,C10,7,52.7,3,3,4,Completed
L09965,C01,4,34.9,4,5,2,Completed
L09966,C01,7,79.8,4,2,2,Completed
L09967,C04,4,47.9,3,2,2,Completed
L09968,C07,8,54.4,2,2,1,Completed
L09969,C02,3,61.8,5,4,4,Completed
L09970,C06,1,19.6,1,0,0,Completed
L09971,C08,8,49.9,8,5,0,Completed
L09972,C01,8,100.0,3,4,6,Completed
L09973,C10,8,67.4,5,5,2,Completed
L09974,C04,6,50.6,5,0,3,Completed
L09975,C07,4,59.5,5,3,2,Completed
L09976,C02,7,74.5,4,2,2,Not Completed
L09977,C08,4,20.5,1,2,1,Not Completed
L09978,C09,10,95.7,9,3,2,Completed
L09979,C02,9,100.0,4,1,0,Completed
L09980,C02,7,64.2,2,3,8,Completed
L09981,C03,6,56.5,4,5,0,Not Completed
L09982,C01,8,79.0,5,1,2,Completed
L09983,C10,2,36.8,3,0,0,Not Completed
L09984,C06,8,61.0,2,1,2,Not Completed
L09985,C07,5,61.5,4,0,4,Completed
L09986,C10,5,76.8,3,4,9,Completed
L09987,C09,9,63.8,7,3,4,Completed
L09988,C09,6,24.5,1,0,1,Not Completed
L09989,C04,6,43.0,3,3,0,Not Completed
L09990,C04,8,80.4,6,6,5,Completed
L09991,C03,4,29.6,2,0,1,Not Completed
L09992,C04,6,35.0,2,2,2,Not Completed
L09993,C04,3,3.7,0,0,0,Not Completed
L09994,C02,8,90.5,4,6,4,Completed
L09995,C04,0,38.2,2,1,1,Not Completed
L09996,C05,5,38.8,3,3,3,Completed
L09997,C04,1,82.1,2,2,3,Completed
L09998,C02,4,68.2,1,1,4,Completed
L09999,C04,4,52.6,3,1,0,Not Completed
L10000,C05,1,33.5,3,3,2,Not Completed
