Course_ID,Login_Frequency,Video_Completion,Quiz_Attempts,Assignment_Submissions,Discussion_Activity,Actual_Completion,Predicted_Completion,Completion_Probability,Dropout_Risk,Risk_Level
C07,6,84.9,8,8,1,1,1,0.94,0.06000000000000005,Low Risk
C01,10,89.2,8,8,2,1,1,0.9733333333333334,0.026666666666666616,Low Risk
C08,5,44.2,2,1,0,0,0,0.28,0.72,High Risk
C01,4,42.6,1,1,3,0,0,0.42333333333333334,0.5766666666666667,Medium Risk
C05,4,22.4,1,1,1,1,0,0.26666666666666666,0.7333333333333334,High Risk
C02,4,54.1,0,0,0,0,0,0.38333333333333336,0.6166666666666667,Medium Risk
C09,5,43.8,0,3,1,0,0,0.49,0.51,Medium Risk
C05,2,43.9,2,3,1,1,0,0.3433333333333333,0.6566666666666667,Medium Risk
C07,3,42.1,3,3,3,0,1,0.5166666666666667,0.4833333333333333,Medium Risk
C10,6,51.7,5,1,1,1,1,0.8033333333333333,0.19666666666666666,Low Risk
C03,4,43.1,0,4,0,0,0,0.30333333333333334,0.6966666666666667,Medium Risk
C01,2,62.4,6,1,1,1,1,0.7666666666666667,0.23333333333333328,Low Risk
C10,3,25.7,3,0,2,0,0,0.19,0.81,High Risk
C03,4,44.3,3,4,1,0,1,0.56,0.43999999999999995,Medium Risk
C04,4,77.7,6,5,2,0,1,0.91,0.08999999999999997,Low Risk
C06,6,75.8,7,7,1,1,1,0.9366666666666666,0.06333333333333335,Low Risk
C08,4,62.9,3,3,2,0,1,0.9433333333333334,0.05666666666666664,Low Risk
C05,4,54.8,4,4,1,1,0,0.49666666666666665,0.5033333333333334,Medium Risk
C08,0,33.7,2,2,3,0,0,0.32,0.6799999999999999,Medium Risk
C04,2,38.5,3,0,3,0,0,0.31,0.69,Medium Risk
C09,1,25.2,2,1,1,0,0,0.08666666666666667,0.9133333333333333,High Risk
C08,7,27.6,2,2,1,1,1,0.7366666666666667,0.2633333333333333,Low Risk
C03,9,94.8,4,4,7,1,1,0.9866666666666667,0.013333333333333308,Low Risk
C07,1,62.9,2,1,2,0,1,0.5833333333333334,0.41666666666666663,Medium Risk
C10,4,35.1,2,3,1,1,0,0.39,0.61,Medium Risk
C07,4,61.1,1,3,5,1,1,0.8633333333333333,0.13666666666666671,Low Risk
C08,6,13.2,0,0,2,0,1,0.5266666666666666,0.4733333333333334,Medium Risk
C10,7,34.3,1,4,3,1,1,0.6566666666666666,0.3433333333333334,Low Risk
C02,6,51.8,4,1,2,0,1,0.5466666666666666,0.45333333333333337,Medium Risk
C06,4,72.1,4,3,2,1,0,0.49666666666666665,0.5033333333333334,Medium Risk
C09,3,70.8,5,4,5,1,1,0.8466666666666667,0.15333333333333332,Low Risk
C08,3,26.7,0,1,0,1,0,0.32,0.6799999999999999,Medium Risk
C07,9,100.0,4,3,1,1,1,0.9566666666666667,0.043333333333333335,Low Risk
C01,5,81.0,1,2,5,0,1,0.8666666666666667,0.1333333333333333,Low Risk
C06,7,74.4,4,3,5,1,1,0.9666666666666667,0.033333333333333326,Low Risk
C07,10,65.6,6,2,6,1,1,0.9666666666666667,0.033333333333333326,Low Risk
C07,3,29.7,1,1,1,0,1,0.5966666666666667,0.4033333333333333,Medium Risk
C02,4,58.2,5,4,4,1,1,0.8,0.19999999999999996,Low Risk
C09,13,64.4,5,6,2,1,1,0.94,0.06000000000000005,Low Risk
C04,6,66.1,4,1,4,1,1,0.8933333333333333,0.10666666666666669,Low Risk
C04,4,52.5,2,1,1,1,0,0.3433333333333333,0.6566666666666667,Medium Risk
C09,7,45.5,2,1,3,1,1,0.8,0.19999999999999996,Low Risk
C02,8,68.1,5,4,4,1,1,0.9566666666666667,0.043333333333333335,Low Risk
C10,1,49.9,1,3,2,1,0,0.44333333333333336,0.5566666666666666,Medium Risk
C02,7,56.0,4,1,3,1,1,0.5733333333333334,0.42666666666666664,Medium Risk
C05,3,46.7,3,1,1,1,0,0.38333333333333336,0.6166666666666667,Medium Risk
C10,7,71.4,3,2,5,1,1,0.8120824215900803,0.18791757840991974,Low Risk
C02,1,43.5,2,1,0,0,0,0.12,0.88,High Risk
C01,8,100.0,3,4,6,1,1,0.9566666666666667,0.043333333333333335,Low Risk
C01,7,48.9,4,2,5,1,0,0.49333333333333335,0.5066666666666666,Medium Risk
C02,6,41.6,0,1,2,1,0,0.38666666666666666,0.6133333333333333,Medium Risk
C01,3,43.2,2,6,3,1,1,0.63,0.37,Low Risk
C06,7,96.3,6,7,6,1,1,0.9866666666666667,0.013333333333333308,Low Risk
C09,7,18.1,1,1,4,0,1,0.5866666666666667,0.41333333333333333,Medium Risk
C05,6,51.2,4,1,4,1,1,0.6366666666666667,0.3633333333333333,Low Risk
C05,2,13.5,0,2,0,0,0,0.23666666666666666,0.7633333333333333,High Risk
C07,2,49.1,3,2,1,1,0,0.35333333333333333,0.6466666666666667,Medium Risk
C06,3,62.5,1,2,2,1,1,0.6533333333333333,0.3466666666666667,Low Risk
C02,2,19.7,1,1,1,0,0,0.2,0.8,High Risk
C10,2,30.9,1,2,1,0,0,0.2833333333333333,0.7166666666666667,High Risk
C08,7,85.1,3,5,4,1,1,0.9233333333333333,0.07666666666666666,Low Risk
C01,2,37.1,7,4,0,0,1,0.55,0.44999999999999996,Medium Risk
C07,4,47.7,2,4,3,1,1,0.6066666666666667,0.3933333333333333,Low Risk
C08,7,81.7,4,4,1,0,1,0.9233333333333333,0.07666666666666666,Low Risk
C06,1,47.3,1,2,3,0,0,0.32666666666666666,0.6733333333333333,Medium Risk
C06,6,54.6,2,4,4,1,1,0.93,0.06999999999999995,Low Risk
C02,8,48.8,4,3,2,0,1,0.6866666666666666,0.31333333333333335,Low Risk
C09,5,73.7,4,6,5,1,1,0.9,0.09999999999999998,Low Risk
C07,9,67.5,3,2,6,1,1,0.93,0.06999999999999995,Low Risk
C09,8,61.9,2,3,2,1,1,0.6466666666666666,0.3533333333333334,Low Risk
C03,4,44.6,4,4,3,0,1,0.72,0.28,Low Risk
C10,4,80.1,9,5,2,1,1,0.8,0.19999999999999996,Low Risk
C07,5,63.3,4,3,5,1,1,0.91,0.08999999999999997,Low Risk
C06,2,31.3,0,4,0,0,0,0.16333333333333333,0.8366666666666667,High Risk
C01,4,66.1,0,2,2,1,1,0.5566666666666666,0.44333333333333336,Medium Risk
C06,6,76.5,2,4,5,1,1,0.9066666666666666,0.09333333333333338,Low Risk
C06,9,44.7,1,4,1,1,1,0.64,0.36,Low Risk
C05,4,56.5,3,2,2,0,1,0.5633333333333334,0.43666666666666665,Medium Risk
C09,4,52.2,4,3,3,0,1,0.72,0.28,Low Risk
C05,3,47.8,1,2,3,0,0,0.19333333333333333,0.8066666666666666,High Risk
C07,5,56.8,0,1,1,1,0,0.41333333333333333,0.5866666666666667,Medium Risk
C09,6,80.4,1,2,8,0,1,0.8433333333333334,0.15666666666666662,Low Risk
C03,7,75.1,6,4,2,1,1,0.93,0.06999999999999995,Low Risk
C10,3,54.3,2,0,2,1,0,0.37666666666666665,0.6233333333333333,Medium Risk
C10,4,74.5,2,3,2,1,1,0.7033333333333334,0.29666666666666663,Low Risk
C10,6,34.7,1,4,3,0,0,0.5,0.5,Medium Risk
C03,6,70.4,9,5,3,1,1,0.67,0.32999999999999996,Low Risk
C03,7,77.1,4,4,3,1,1,0.88,0.12,Low Risk
C08,5,62.7,5,4,1,1,1,0.9,0.09999999999999998,Low Risk
C03,12,90.6,7,1,3,1,1,0.86,0.14,Low Risk
C05,7,68.3,7,3,3,0,1,0.95,0.050000000000000044,Low Risk
C05,3,48.5,0,2,1,1,0,0.36333333333333334,0.6366666666666667,Medium Risk
C02,7,59.0,2,3,1,1,1,0.7033333333333334,0.29666666666666663,Low Risk
C04,4,58.0,0,6,1,0,1,0.7033333333333334,0.29666666666666663,Low Risk
C05,1,43.1,3,1,2,1,0,0.12666666666666668,0.8733333333333333,High Risk
C01,3,66.4,4,3,4,1,1,0.78,0.21999999999999997,Low Risk
C04,3,41.1,1,2,2,1,1,0.5366666666666666,0.4633333333333334,Medium Risk
C02,4,58.9,1,3,7,0,1,0.7833333333333333,0.21666666666666667,Low Risk
C06,8,72.9,3,3,2,1,1,0.9433333333333334,0.05666666666666664,Low Risk
C07,5,36.3,1,0,2,1,0,0.12666666666666668,0.8733333333333333,High Risk
C08,7,81.1,5,2,1,1,1,0.9266666666666666,0.07333333333333336,Low Risk
C07,6,24.0,3,1,4,1,0,0.29,0.71,High Risk
C07,3,40.3,2,3,1,0,0,0.2966666666666667,0.7033333333333334,High Risk
C04,10,49.8,2,3,1,1,1,0.7466666666666667,0.2533333333333333,Low Risk
C05,2,23.5,4,0,1,1,0,0.3466666666666667,0.6533333333333333,Medium Risk
C04,2,35.1,2,0,3,1,0,0.22666666666666666,0.7733333333333333,High Risk
C08,2,17.0,4,2,2,0,0,0.30666666666666664,0.6933333333333334,Medium Risk
C10,4,54.8,2,3,1,1,1,0.59,0.41000000000000003,Medium Risk
C08,4,68.3,5,2,3,0,1,0.7266666666666667,0.2733333333333333,Low Risk
C06,2,51.2,2,0,3,1,0,0.17333333333333334,0.8266666666666667,High Risk
C08,6,66.2,7,1,4,1,1,0.8166666666666667,0.18333333333333335,Low Risk
C07,8,71.1,6,2,8,1,1,0.98,0.020000000000000018,Low Risk
C09,4,50.2,2,3,2,0,1,0.55,0.44999999999999996,Medium Risk
C01,5,48.6,0,1,1,0,0,0.4,0.6,Medium Risk
C06,4,53.8,0,4,0,1,0,0.48333333333333334,0.5166666666666666,Medium Risk
C05,13,60.8,6,2,3,1,1,0.9433333333333334,0.05666666666666664,Low Risk
C03,4,49.2,5,3,1,1,1,0.6633333333333333,0.33666666666666667,Low Risk
C08,2,30.3,2,2,1,1,0,0.18333333333333332,0.8166666666666667,High Risk
C06,3,72.2,6,4,1,1,1,0.7933333333333333,0.20666666666666667,Low Risk
C05,2,13.3,1,0,2,0,0,0.1,0.9,High Risk
C09,6,76.4,4,3,3,1,1,0.7833333333333333,0.21666666666666667,Low Risk
C03,10,63.4,0,3,1,1,1,0.79,0.20999999999999996,Low Risk
C04,6,57.2,1,3,4,0,1,0.8166666666666667,0.18333333333333335,Low Risk
C10,6,59.0,2,4,2,1,1,0.7566666666666667,0.2433333333333333,Low Risk
C05,7,70.3,8,4,3,1,1,0.9766666666666667,0.023333333333333317,Low Risk
C03,6,59.3,1,5,2,0,1,0.6966666666666667,0.30333333333333334,Low Risk
C10,5,33.6,1,2,0,1,0,0.40249580508923394,0.597504194910766,Medium Risk
C04,5,60.6,7,1,7,1,1,0.9133333333333333,0.08666666666666667,Low Risk
C07,6,61.4,5,2,2,1,1,0.93,0.06999999999999995,Low Risk
C01,2,38.0,2,0,2,0,0,0.11333333333333333,0.8866666666666667,High Risk
C01,9,57.4,6,2,7,1,1,0.8266666666666667,0.17333333333333334,Low Risk
C09,4,64.7,3,3,1,0,1,0.9033333333333333,0.09666666666666668,Low Risk
C06,6,17.1,2,0,1,1,0,0.24333333333333335,0.7566666666666666,High Risk
C08,1,35.0,2,1,2,0,0,0.38333333333333336,0.6166666666666667,Medium Risk
C06,8,27.2,0,2,2,1,1,0.5066666666666667,0.4933333333333333,Medium Risk
C05,7,62.5,6,3,3,1,1,0.95,0.050000000000000044,Low Risk
C01,3,39.7,2,3,1,1,0,0.49333333333333335,0.5066666666666666,Medium Risk
C03,7,68.5,7,1,4,0,1,0.8766666666666667,0.1233333333333333,Low Risk
C04,4,48.8,0,0,2,1,0,0.37666666666666665,0.6233333333333333,Medium Risk
C07,4,58.1,6,1,4,0,1,0.86,0.14,Low Risk
C08,9,80.1,5,7,5,1,1,0.8566666666666667,0.1433333333333333,Low Risk
C02,6,47.9,9,0,3,1,1,0.5533333333333333,0.44666666666666666,Medium Risk
C01,6,92.8,7,4,6,1,1,0.88,0.12,Low Risk
C10,9,46.4,3,2,3,0,1,0.8333333333333334,0.16666666666666663,Low Risk
C08,11,59.6,1,3,2,0,1,0.8766666666666667,0.1233333333333333,Low Risk
C10,3,23.5,1,2,1,0,0,0.11,0.89,High Risk
C07,5,66.0,4,1,4,0,1,0.65,0.35,Low Risk
C03,9,66.7,7,1,2,1,1,0.9266666666666666,0.07333333333333336,Low Risk
C08,4,29.6,3,1,2,0,1,0.5166666666666667,0.4833333333333333,Medium Risk
C01,3,44.0,2,2,0,1,0,0.24,0.76,High Risk
C08,7,72.4,3,5,6,1,1,0.9666666666666667,0.033333333333333326,Low Risk
C01,3,41.6,2,2,1,0,0,0.17333333333333334,0.8266666666666667,High Risk
C04,9,89.5,9,4,7,1,1,0.9866666666666667,0.013333333333333308,Low Risk
C10,1,8.7,1,0,1,0,0,0.03,0.97,High Risk
C06,4,39.5,2,1,2,0,1,0.5266666666666666,0.4733333333333334,Medium Risk
C09,9,71.9,5,1,3,1,1,0.95,0.050000000000000044,Low Risk
C08,7,37.1,6,2,3,0,1,0.54,0.45999999999999996,Medium Risk
C09,6,48.8,3,0,4,1,1,0.6766666666666666,0.32333333333333336,Low Risk
C10,2,26.8,5,1,3,0,0,0.30333333333333334,0.6966666666666667,Medium Risk
C10,8,67.4,5,5,2,1,1,0.9666666666666667,0.033333333333333326,Low Risk
C08,8,79.8,5,6,2,1,1,0.9933333333333333,0.00666666666666671,Low Risk
C02,5,90.7,1,2,0,1,1,0.83,0.17000000000000004,Low Risk
C05,2,12.9,3,3,1,0,0,0.2733333333333333,0.7266666666666667,High Risk
C02,1,87.8,6,1,4,0,1,0.8433333333333334,0.15666666666666662,Low Risk
C10,5,35.1,3,6,0,1,1,0.6466666666666666,0.3533333333333334,Low Risk
C01,7,61.3,4,2,2,1,1,0.9266666666666666,0.07333333333333336,Low Risk
C10,5,75.7,10,0,4,1,1,0.8066666666666666,0.19333333333333336,Low Risk
C06,2,44.1,2,1,6,0,0,0.3933333333333333,0.6066666666666667,Medium Risk
C10,5,79.9,5,0,4,1,1,0.7066666666666667,0.29333333333333333,Low Risk
C07,7,62.4,2,5,3,1,1,0.8366666666666667,0.16333333333333333,Low Risk
C07,7,70.4,4,4,2,1,1,0.99,0.010000000000000009,Low Risk
C09,1,42.7,0,2,0,0,0,0.21666666666666667,0.7833333333333333,High Risk
C07,8,42.5,7,2,2,1,1,0.77,0.22999999999999998,Low Risk
C04,4,54.8,1,1,3,1,0,0.38333333333333336,0.6166666666666667,Medium Risk
C02,4,45.2,3,5,3,0,1,0.54,0.45999999999999996,Medium Risk
C03,4,28.9,1,0,1,0,0,0.056666666666666664,0.9433333333333334,High Risk
C10,6,63.5,3,1,4,1,0,0.36666666666666664,0.6333333333333333,Medium Risk
C08,6,78.4,6,8,5,1,1,0.9966666666666667,0.0033333333333332993,Low Risk
C04,6,41.6,3,3,3,1,1,0.53,0.47,Medium Risk
C05,3,6.1,1,0,0,0,0,0.03666666666666667,0.9633333333333334,High Risk
C06,4,41.1,1,2,4,0,0,0.3233333333333333,0.6766666666666667,Medium Risk
C08,7,56.6,5,3,0,0,1,0.8666666666666667,0.1333333333333333,Low Risk
C03,5,79.5,2,7,4,1,1,0.9733333333333334,0.026666666666666616,Low Risk
C02,4,57.3,3,2,5,1,1,0.7166666666666667,0.2833333333333333,Low Risk
C06,8,52.0,4,4,3,1,1,0.91,0.08999999999999997,Low Risk
C05,3,31.3,3,1,2,0,0,0.18,0.8200000000000001,High Risk
C01,6,54.9,3,0,3,0,1,0.7233333333333334,0.2766666666666666,Low Risk
C08,7,62.6,1,1,2,1,1,0.66,0.33999999999999997,Low Risk
C10,13,96.4,4,2,5,1,1,0.9366666666666666,0.06333333333333335,Low Risk
C07,5,77.6,3,4,3,1,1,0.95,0.050000000000000044,Low Risk
C08,3,67.2,1,5,4,1,1,0.7833333333333333,0.21666666666666667,Low Risk
C05,3,53.1,4,5,0,1,1,0.5666666666666667,0.43333333333333335,Medium Risk
C01,7,67.3,0,2,4,1,1,0.7366666666666667,0.2633333333333333,Low Risk
C10,10,43.7,2,2,0,0,1,0.7033333333333334,0.29666666666666663,Low Risk
C05,3,79.2,4,1,3,1,1,0.7266666666666667,0.2733333333333333,Low Risk
C03,4,4.0,3,0,0,0,0,0.14666666666666667,0.8533333333333333,High Risk
C10,3,27.7,2,0,2,0,0,0.36666666666666664,0.6333333333333333,Medium Risk
C05,3,0.0,3,0,2,0,0,0.43333333333333335,0.5666666666666667,Medium Risk
C06,13,68.1,4,6,2,1,1,0.9766666666666667,0.023333333333333317,Low Risk
C03,8,68.2,2,4,1,1,1,0.76,0.24,Low Risk
C04,3,38.1,3,6,3,1,1,0.6633333333333333,0.33666666666666667,Low Risk
C02,6,16.7,1,1,2,1,1,0.6433333333333333,0.3566666666666667,Low Risk
C04,5,42.2,3,3,2,0,0,0.41,0.5900000000000001,Medium Risk
C06,3,54.2,4,4,4,1,1,0.7766666666666666,0.22333333333333338,Low Risk
C01,3,47.6,8,1,6,1,1,0.6966666666666667,0.30333333333333334,Low Risk
C02,2,37.3,2,1,1,1,0,0.15333333333333332,0.8466666666666667,High Risk
C06,4,57.0,1,1,6,0,1,0.5766666666666667,0.42333333333333334,Medium Risk
C05,4,46.1,3,4,1,0,1,0.5766666666666667,0.42333333333333334,Medium Risk
C06,6,74.3,1,4,2,1,1,0.8633333333333333,0.13666666666666671,Low Risk
C10,3,20.4,3,0,2,0,0,0.25333333333333335,0.7466666666666666,High Risk
C07,1,61.0,3,2,4,1,1,0.8533333333333334,0.1466666666666666,Low Risk
C01,2,40.4,3,3,2,0,1,0.51,0.49,Medium Risk
C06,7,69.1,4,7,2,1,1,0.9533333333333334,0.046666666666666634,Low Risk
C06,5,67.7,2,2,5,0,1,0.87,0.13,Low Risk
C02,7,68.4,3,3,4,1,1,0.9358107257410742,0.06418927425892584,Low Risk
C07,7,49.5,0,1,2,0,1,0.7366666666666667,0.2633333333333333,Low Risk
C04,11,86.2,3,2,3,1,1,0.9266666666666666,0.07333333333333336,Low Risk
C08,6,83.4,3,1,2,1,1,0.6266666666666667,0.3733333333333333,Low Risk
C04,2,52.7,4,1,5,1,1,0.5866666666666667,0.41333333333333333,Medium Risk
C10,5,42.6,3,5,3,0,1,0.73,0.27,Low Risk
C10,6,68.4,0,1,3,1,1,0.6666666666666666,0.33333333333333337,Low Risk
C02,5,61.6,1,3,4,1,1,0.6733333333333333,0.32666666666666666,Low Risk
C02,7,80.8,3,2,3,1,1,0.7890458333333333,0.21095416666666666,Low Risk
C02,4,89.6,2,1,3,1,1,0.6933333333333334,0.30666666666666664,Low Risk
C02,13,81.6,4,4,4,1,1,0.9766666666666667,0.023333333333333317,Low Risk
C10,1,43.4,0,1,1,0,0,0.1,0.9,High Risk
C04,7,67.6,5,2,6,1,1,0.9366666666666666,0.06333333333333335,Low Risk
C04,4,59.3,2,4,2,1,1,0.7066666666666667,0.29333333333333333,Low Risk
C07,7,49.4,6,4,3,1,1,0.9033333333333333,0.09666666666666668,Low Risk
C10,7,56.7,4,3,3,1,1,0.8,0.19999999999999996,Low Risk
C05,4,53.8,3,0,1,0,0,0.48333333333333334,0.5166666666666666,Medium Risk
C07,5,38.9,4,4,5,1,1,0.7733333333333333,0.22666666666666668,Low Risk
C03,2,18.2,2,3,1,0,0,0.30666666666666664,0.6933333333333334,Medium Risk
C07,3,38.9,5,3,1,1,1,0.5633333333333334,0.43666666666666665,Medium Risk
C10,3,54.8,1,2,1,1,1,0.5533333333333333,0.44666666666666666,Medium Risk
C02,3,68.5,4,2,3,0,1,0.8666666666666667,0.1333333333333333,Low Risk
C03,5,62.2,2,1,4,1,1,0.7333333333333333,0.2666666666666667,Low Risk
C06,7,60.9,2,2,4,0,1,0.7566666666666667,0.2433333333333333,Low Risk
C08,3,37.1,0,2,0,1,0,0.4633333333333333,0.5366666666666666,Medium Risk
C04,6,61.4,2,3,4,1,1,0.8066666666666666,0.19333333333333336,Low Risk
C06,5,29.5,0,2,3,0,0,0.4533333333333333,0.5466666666666666,Medium Risk
C10,4,85.4,4,1,3,0,1,0.8033333333333333,0.19666666666666666,Low Risk
C01,3,54.4,2,4,1,1,1,0.7233333333333334,0.2766666666666666,Low Risk
C06,4,28.6,3,2,1,1,0,0.28,0.72,High Risk
C05,4,42.7,4,2,0,0,1,0.5266666666666666,0.4733333333333334,Medium Risk
C05,11,60.6,2,1,4,1,1,0.9433333333333334,0.05666666666666664,Low Risk
C06,4,38.1,4,1,1,1,0,0.42,0.5800000000000001,Medium Risk
C04,2,32.8,1,1,1,0,0,0.32666666666666666,0.6733333333333333,Medium Risk
C05,3,48.9,3,2,2,0,0,0.31333333333333335,0.6866666666666666,Medium Risk
C01,0,19.7,0,0,2,0,0,0.14333333333333334,0.8566666666666667,High Risk
C08,8,43.5,5,2,0,1,1,0.65,0.35,Low Risk
C04,4,17.9,1,1,2,0,0,0.43,0.5700000000000001,Medium Risk
C05,6,94.7,4,2,3,1,1,0.8566666666666667,0.1433333333333333,Low Risk
C07,2,36.1,1,2,0,0,0,0.10333333333333333,0.8966666666666667,High Risk
C01,3,59.1,5,3,2,1,1,0.5566666666666666,0.44333333333333336,Medium Risk
C05,1,12.7,0,1,0,1,0,0.05333333333333334,0.9466666666666667,High Risk
C06,6,83.9,5,5,5,1,1,0.9833333333333333,0.01666666666666672,Low Risk
C10,5,94.5,7,3,3,1,1,0.9,0.09999999999999998,Low Risk
C09,7,72.2,4,3,2,1,1,0.82,0.18000000000000005,Low Risk
C09,6,89.5,5,8,3,1,1,0.9433333333333334,0.05666666666666664,Low Risk
C04,5,33.7,1,1,4,0,0,0.38666666666666666,0.6133333333333333,Medium Risk
C01,13,69.5,8,2,6,1,1,0.9066666666666666,0.09333333333333338,Low Risk
C05,4,58.6,2,1,0,1,1,0.7,0.30000000000000004,Low Risk
C06,5,28.2,2,2,1,0,0,0.47333333333333333,0.5266666666666666,Medium Risk
C03,5,24.1,0,1,0,0,0,0.12333333333333334,0.8766666666666667,High Risk
C06,7,33.1,2,3,0,1,0,0.36666666666666664,0.6333333333333333,Medium Risk
C02,7,72.1,4,4,4,1,1,0.9533333333333334,0.046666666666666634,Low Risk
C10,7,74.8,6,1,4,1,1,0.6366666666666667,0.3633333333333333,Low Risk
C07,6,29.7,3,1,1,0,1,0.51,0.49,Medium Risk
C08,10,47.2,4,2,7,1,1,0.84,0.16000000000000003,Low Risk
C05,10,85.2,6,3,3,1,1,0.94,0.06000000000000005,Low Risk
C03,7,50.0,6,3,1,1,1,0.69,0.31000000000000005,Low Risk
C02,1,35.9,1,1,0,0,0,0.10337039639762059,0.8966296036023794,High Risk
C01,8,77.8,7,4,2,1,1,0.97,0.030000000000000027,Low Risk
C08,5,34.5,1,3,0,0,0,0.14,0.86,High Risk
C10,1,63.2,2,4,1,1,1,0.5733333333333334,0.42666666666666664,Medium Risk
C04,7,66.3,5,4,8,1,1,0.9266666666666666,0.07333333333333336,Low Risk
C01,4,35.6,3,1,3,0,1,0.6033333333333334,0.3966666666666666,Low Risk
C02,9,88.7,3,5,4,1,1,0.9484200829111008,0.051579917088899196,Low Risk
C04,2,34.1,2,1,1,0,0,0.08666666666666667,0.9133333333333333,High Risk
C01,7,68.6,6,5,2,1,1,0.99,0.010000000000000009,Low Risk
C08,5,44.5,2,4,5,1,1,0.5633333333333334,0.43666666666666665,Medium Risk
C02,3,16.3,0,2,0,0,0,0.31333333333333335,0.6866666666666666,Medium Risk
C08,2,48.6,2,2,3,1,0,0.2,0.8,High Risk
C08,8,73.8,4,1,3,1,1,0.9333333333333333,0.06666666666666665,Low Risk
C08,12,62.0,3,4,7,1,1,0.97,0.030000000000000027,Low Risk
C05,9,40.5,0,1,0,1,1,0.6833333333333333,0.31666666666666665,Low Risk
C06,4,61.2,3,5,1,1,1,0.7566666666666667,0.2433333333333333,Low Risk
C09,12,91.3,6,2,2,1,1,0.99,0.010000000000000009,Low Risk
C05,9,85.3,8,6,6,1,1,0.98,0.020000000000000018,Low Risk
C05,2,23.6,2,2,0,0,0,0.20333333333333334,0.7966666666666666,High Risk
C05,8,33.4,3,6,2,0,1,0.89,0.10999999999999999,Low Risk
C08,2,29.3,1,1,1,1,0,0.36,0.64,Medium Risk
C03,6,26.6,0,4,2,0,1,0.5666666666666667,0.43333333333333335,Medium Risk
C02,1,35.4,2,1,0,1,0,0.11294299957776753,0.8870570004222325,High Risk
C01,4,54.2,2,1,2,1,1,0.55,0.44999999999999996,Medium Risk
C01,1,40.0,1,0,1,0,0,0.17333333333333334,0.8266666666666667,High Risk
C10,5,54.5,2,3,2,0,1,0.78,0.21999999999999997,Low Risk
C10,4,87.8,4,6,4,1,1,0.8733333333333333,0.1266666666666667,Low Risk
C02,3,56.4,3,2,2,0,0,0.48333333333333334,0.5166666666666666,Medium Risk
C05,5,48.6,2,2,0,0,0,0.32,0.6799999999999999,Medium Risk
C06,10,67.4,1,4,2,1,1,0.8833333333333333,0.1166666666666667,Low Risk
C06,3,48.5,3,1,2,1,0,0.45,0.55,Medium Risk
C07,3,61.0,4,4,5,1,1,0.87,0.13,Low Risk
C09,3,38.3,0,2,1,1,0,0.25666666666666665,0.7433333333333334,High Risk
C10,4,75.3,3,3,2,1,1,0.7666666666666667,0.23333333333333328,Low Risk
C10,3,17.4,1,2,0,0,0,0.11666666666666667,0.8833333333333333,High Risk
C02,4,27.1,4,2,2,0,1,0.6966666666666667,0.30333333333333334,Low Risk
C09,5,80.0,4,2,3,1,1,0.8333333333333334,0.16666666666666663,Low Risk
C02,9,66.4,3,3,3,1,1,0.8652468928299734,0.13475310717002664,Low Risk
C08,3,22.9,2,2,0,1,0,0.15,0.85,High Risk
C03,4,71.1,0,2,2,1,1,0.51,0.49,Medium Risk
C09,7,61.4,5,3,0,0,1,0.6066666666666667,0.3933333333333333,Low Risk
C01,7,86.7,5,5,2,1,1,0.9933333333333333,0.00666666666666671,Low Risk
C07,6,91.0,6,0,3,1,1,0.9033333333333333,0.09666666666666668,Low Risk
C02,3,24.3,0,1,0,0,1,0.5166666666666667,0.4833333333333333,Medium Risk
C04,5,60.8,3,2,2,1,1,0.8533333333333334,0.1466666666666666,Low Risk
C08,2,82.0,4,2,5,1,1,0.93,0.06999999999999995,Low Risk
C10,3,51.7,8,4,2,0,1,0.67,0.32999999999999996,Low Risk
C07,2,63.7,4,0,6,1,1,0.67,0.32999999999999996,Low Risk
C01,3,33.6,1,1,2,0,0,0.30666666666666664,0.6933333333333334,Medium Risk
C02,8,63.2,1,1,2,1,1,0.74,0.26,Low Risk
C10,0,19.3,2,0,0,0,0,0.13333333333333333,0.8666666666666667,High Risk
C09,8,74.5,3,4,1,1,1,0.9666666666666667,0.033333333333333326,Low Risk
C08,3,71.2,5,3,2,0,1,0.6166666666666667,0.3833333333333333,Low Risk
C02,2,74.9,4,5,1,1,1,0.7633333333333333,0.2366666666666667,Low Risk
C03,9,79.7,2,5,5,1,1,0.9166666666666666,0.08333333333333337,Low Risk
C06,9,48.8,1,1,2,0,1,0.52,0.48,Medium Risk
C08,5,60.2,8,2,1,0,1,0.7533333333333333,0.2466666666666667,Low Risk
C07,3,55.8,4,5,5,1,1,0.6566666666666666,0.3433333333333334,Low Risk
C02,12,86.9,5,4,2,1,1,0.97,0.030000000000000027,Low Risk
C10,5,59.2,1,4,4,1,1,0.72,0.28,Low Risk
C05,1,25.8,2,4,3,0,0,0.3433333333333333,0.6566666666666667,Medium Risk
C01,6,61.8,4,1,2,1,1,0.7,0.30000000000000004,Low Risk
C07,7,71.7,4,6,3,0,1,0.9666666666666667,0.033333333333333326,Low Risk
C01,4,29.4,5,1,0,1,0,0.44333333333333336,0.5566666666666666,Medium Risk
C06,9,31.4,2,0,5,1,1,0.56,0.43999999999999995,Medium Risk
C03,2,58.4,0,1,3,0,0,0.4066666666666667,0.5933333333333333,Medium Risk
C01,4,62.5,1,2,1,1,0,0.35,0.65,Medium Risk
C02,3,14.2,2,1,1,0,0,0.31333333333333335,0.6866666666666666,Medium Risk
C03,4,91.9,1,0,5,1,1,0.7833333333333333,0.21666666666666667,Low Risk
C05,10,54.2,2,1,4,1,1,0.8833333333333333,0.1166666666666667,Low Risk
C01,3,49.7,3,3,2,0,0,0.41333333333333333,0.5866666666666667,Medium Risk
C08,5,96.7,5,5,3,1,1,0.9933333333333333,0.00666666666666671,Low Risk
C05,7,85.4,3,5,2,1,1,0.92,0.07999999999999996,Low Risk
C03,8,50.6,1,0,2,1,1,0.57,0.43000000000000005,Medium Risk
C06,11,97.3,4,2,2,1,1,0.9533333333333334,0.046666666666666634,Low Risk
C10,5,65.5,4,0,3,0,1,0.5833333333333334,0.41666666666666663,Medium Risk
C09,3,76.9,1,1,4,0,1,0.6766666666666666,0.32333333333333336,Low Risk
C09,7,50.1,0,3,3,1,1,0.6866666666666666,0.31333333333333335,Low Risk
C01,3,69.4,0,2,1,0,1,0.5666666666666667,0.43333333333333335,Medium Risk
C10,4,33.2,0,1,0,0,0,0.14,0.86,High Risk
C10,3,67.8,6,5,3,1,1,0.5266666666666666,0.4733333333333334,Medium Risk
C03,1,67.1,3,1,3,1,1,0.62,0.38,Low Risk
C04,6,64.0,3,2,6,1,1,0.9166666666666666,0.08333333333333337,Low Risk
C03,6,46.8,4,3,0,1,1,0.7166666666666667,0.2833333333333333,Low Risk
C03,9,47.5,1,4,1,1,1,0.62,0.38,Low Risk
C05,9,80.7,7,6,3,1,1,0.9733333333333334,0.026666666666666616,Low Risk
C02,6,65.1,2,4,3,1,1,0.6666666666666666,0.33333333333333337,Low Risk
C02,6,48.3,4,3,3,1,1,0.7833333333333333,0.21666666666666667,Low Risk
C08,3,39.1,1,1,2,0,0,0.4033333333333333,0.5966666666666667,Medium Risk
C05,7,100.0,5,4,3,1,1,0.93,0.06999999999999995,Low Risk
C10,2,39.9,3,1,1,0,0,0.25333333333333335,0.7466666666666666,High Risk
C10,9,86.9,5,1,4,1,1,0.93,0.06999999999999995,Low Risk
C02,4,23.3,1,1,2,0,1,0.73,0.27,Low Risk
C02,2,11.2,1,0,2,0,0,0.20666666666666667,0.7933333333333333,High Risk
C09,9,74.2,3,4,1,1,1,0.98,0.020000000000000018,Low Risk
C01,9,75.6,5,3,4,1,1,0.97,0.030000000000000027,Low Risk
C05,3,26.2,0,1,1,0,0,0.22333333333333333,0.7766666666666666,High Risk
C04,7,57.8,1,2,3,0,1,0.7233333333333334,0.2766666666666666,Low Risk
C08,4,32.3,1,4,2,0,0,0.4766666666666667,0.5233333333333333,Medium Risk
C08,9,69.4,3,4,0,1,1,0.9033333333333333,0.09666666666666668,Low Risk
C10,4,41.4,5,0,0,0,1,0.5533333333333333,0.44666666666666666,Medium Risk
C05,9,86.6,2,8,2,1,1,0.9033333333333333,0.09666666666666668,Low Risk
C06,9,95.3,2,4,4,1,1,0.8966666666666666,0.10333333333333339,Low Risk
C09,4,50.3,5,1,2,1,1,0.74,0.26,Low Risk
C06,4,20.4,3,2,2,0,0,0.34,0.6599999999999999,Medium Risk
C10,6,62.2,1,2,3,1,1,0.7766666666666666,0.22333333333333338,Low Risk
C07,9,83.3,2,3,2,1,1,0.9466666666666667,0.053333333333333344,Low Risk
C05,14,86.8,3,8,2,1,1,0.8966666666666666,0.10333333333333339,Low Risk
C09,13,85.0,2,2,3,1,1,0.93,0.06999999999999995,Low Risk
C08,4,62.6,2,1,1,0,1,0.55,0.44999999999999996,Medium Risk
C04,2,36.0,1,1,2,0,0,0.13666666666666666,0.8633333333333333,High Risk
C05,6,52.9,2,3,2,1,1,0.8733333333333333,0.1266666666666667,Low Risk
C03,3,41.9,3,2,2,0,0,0.2,0.8,High Risk
C03,3,22.0,0,1,0,0,0,0.03666666666666667,0.9633333333333334,High Risk
C06,3,62.3,0,1,1,0,0,0.36333333333333334,0.6366666666666667,Medium Risk
C09,1,32.0,0,0,0,0,0,0.26,0.74,High Risk
C07,10,71.6,4,5,0,1,1,0.9833333333333333,0.01666666666666672,Low Risk
C01,3,30.6,1,3,4,1,1,0.5933333333333334,0.4066666666666666,Medium Risk
C07,0,32.8,3,6,3,1,0,0.35,0.65,Medium Risk
C05,3,41.0,1,0,4,0,0,0.25666666666666665,0.7433333333333334,High Risk
C01,6,57.1,3,0,3,1,1,0.6966666666666667,0.30333333333333334,Low Risk
C01,7,26.4,1,1,1,1,1,0.5133333333333333,0.4866666666666667,Medium Risk
C02,3,51.6,3,3,3,1,1,0.8366666666666667,0.16333333333333333,Low Risk
C06,6,88.8,2,5,3,1,1,0.9533333333333334,0.046666666666666634,Low Risk
C09,6,51.3,1,4,2,1,1,0.6533333333333333,0.3466666666666667,Low Risk
C05,4,15.7,1,0,1,0,0,0.23333333333333334,0.7666666666666666,High Risk
C08,7,28.9,1,3,1,1,1,0.7366666666666667,0.2633333333333333,Low Risk
C03,2,25.1,2,3,3,1,0,0.2633333333333333,0.7366666666666667,High Risk
C07,4,58.7,1,6,1,0,1,0.8133333333333334,0.18666666666666665,Low Risk
C01,2,42.1,2,1,1,1,0,0.19,0.81,High Risk
C05,5,49.3,0,3,2,0,0,0.47,0.53,Medium Risk
C09,2,30.6,1,0,0,0,0,0.26,0.74,High Risk
C01,2,35.6,0,2,2,0,0,0.24666666666666667,0.7533333333333333,High Risk
C05,4,24.3,0,1,3,0,0,0.36666666666666664,0.6333333333333333,Medium Risk
C05,4,42.1,4,2,3,1,1,0.7266666666666667,0.2733333333333333,Low Risk
C02,12,85.5,2,4,3,0,1,0.9233333333333333,0.07666666666666666,Low Risk
C05,5,36.7,1,2,1,1,0,0.14,0.86,High Risk
C05,3,80.3,4,4,6,1,1,0.9666666666666667,0.033333333333333326,Low Risk
C02,7,62.3,5,2,2,1,1,0.7,0.30000000000000004,Low Risk
C04,1,19.6,0,1,2,0,0,0.2966666666666667,0.7033333333333334,High Risk
C05,4,39.5,5,2,6,0,1,0.7466666666666667,0.2533333333333333,Low Risk
C06,5,77.0,6,5,2,1,1,0.95,0.050000000000000044,Low Risk
C05,6,43.5,3,1,4,0,0,0.4533333333333333,0.5466666666666666,Medium Risk
C08,5,42.1,3,2,3,1,0,0.34,0.6599999999999999,Medium Risk
C04,5,41.8,5,4,2,1,1,0.8,0.19999999999999996,Low Risk
C03,3,50.2,5,2,2,1,0,0.39,0.61,Medium Risk
C03,3,63.4,2,0,2,1,0,0.38666666666666666,0.6133333333333333,Medium Risk
C03,5,63.6,2,2,2,1,1,0.67,0.32999999999999996,Low Risk
C10,2,58.6,2,1,2,1,0,0.48333333333333334,0.5166666666666666,Medium Risk
C04,3,58.6,0,1,0,1,0,0.2866666666666667,0.7133333333333334,High Risk
C06,2,35.5,1,2,3,1,1,0.5033333333333333,0.4966666666666667,Medium Risk
C09,3,63.0,4,5,5,1,1,0.8766666666666667,0.1233333333333333,Low Risk
C01,15,86.3,6,1,2,1,1,0.9533333333333334,0.046666666666666634,Low Risk
C03,8,84.5,1,5,1,1,1,0.8433333333333334,0.15666666666666662,Low Risk
C10,4,79.4,4,3,0,1,1,0.7966666666666666,0.20333333333333337,Low Risk
C08,0,21.4,2,1,1,0,0,0.4533333333333333,0.5466666666666666,Medium Risk
C07,6,32.8,2,2,0,1,0,0.4666666666666667,0.5333333333333333,Medium Risk
C10,5,78.9,5,3,2,1,1,0.79,0.20999999999999996,Low Risk
C10,4,39.7,1,0,3,0,0,0.41333333333333333,0.5866666666666667,Medium Risk
C05,7,75.5,7,6,2,1,1,0.9266666666666666,0.07333333333333336,Low Risk
C03,7,41.2,1,1,1,1,1,0.7,0.30000000000000004,Low Risk
C03,2,74.4,2,4,3,1,1,0.85,0.15000000000000002,Low Risk
C01,4,25.5,6,5,0,1,1,0.5033333333333333,0.4966666666666667,Medium Risk
C07,3,48.7,2,1,6,1,0,0.36,0.64,Medium Risk
C09,1,36.0,4,1,1,0,0,0.15666666666666668,0.8433333333333333,High Risk
C03,5,47.1,2,0,1,0,0,0.48333333333333334,0.5166666666666666,Medium Risk
C04,7,75.2,5,7,1,1,1,0.9033333333333333,0.09666666666666668,Low Risk
C07,5,88.3,7,4,2,1,1,0.9866666666666667,0.013333333333333308,Low Risk
C09,5,12.7,0,1,1,0,0,0.08333333333333333,0.9166666666666666,High Risk
C07,4,28.8,1,1,2,1,0,0.3466666666666667,0.6533333333333333,Medium Risk
C06,4,30.7,3,1,1,1,0,0.4666666666666667,0.5333333333333333,Medium Risk
C05,2,58.6,0,3,2,0,0,0.49,0.51,Medium Risk
C05,2,71.4,5,5,4,0,1,0.7233333333333334,0.2766666666666666,Low Risk
C08,9,80.4,5,3,4,1,1,0.97,0.030000000000000027,Low Risk
C09,4,31.6,2,1,0,0,0,0.10666666666666667,0.8933333333333333,High Risk
C07,5,61.7,2,1,2,1,1,0.5566666666666666,0.44333333333333336,Medium Risk
C08,4,9.6,1,3,1,0,0,0.31,0.69,Medium Risk
C10,3,37.6,1,1,1,0,0,0.15666666666666668,0.8433333333333333,High Risk
C07,4,72.0,1,5,4,1,1,0.8466666666666667,0.15333333333333332,Low Risk
C08,6,73.8,7,1,2,1,1,0.87,0.13,Low Risk
C10,3,56.5,2,3,0,0,1,0.7833333333333333,0.21666666666666667,Low Risk
C08,3,43.5,2,4,3,1,1,0.5066666666666667,0.4933333333333333,Medium Risk
C05,8,48.5,2,1,1,1,1,0.7833333333333333,0.21666666666666667,Low Risk
C05,4,45.4,2,3,1,0,1,0.61,0.39,Low Risk
C02,4,51.4,2,4,1,0,1,0.5766666666666667,0.42333333333333334,Medium Risk
C03,8,86.5,9,2,3,1,1,0.85,0.15000000000000002,Low Risk
C10,7,78.7,5,4,3,1,1,0.8766666666666667,0.1233333333333333,Low Risk
C01,3,67.5,3,1,1,1,1,0.7133333333333334,0.2866666666666666,Low Risk
C03,9,38.9,3,3,3,1,1,0.8066666666666666,0.19333333333333336,Low Risk
C09,2,69.1,3,5,2,1,1,0.8666666666666667,0.1333333333333333,Low Risk
C02,8,57.2,6,4,3,1,1,0.84,0.16000000000000003,Low Risk
C07,5,47.8,2,3,1,0,0,0.23333333333333334,0.7666666666666666,High Risk
C08,1,25.0,4,2,3,0,0,0.30666666666666664,0.6933333333333334,Medium Risk
C05,3,74.9,8,4,4,1,1,0.8933333333333333,0.10666666666666669,Low Risk
C02,3,70.5,2,6,1,1,1,0.8066666666666666,0.19333333333333336,Low Risk
C05,3,24.2,2,3,0,0,0,0.35333333333333333,0.6466666666666667,Medium Risk
C09,1,17.1,2,1,1,0,0,0.05333333333333334,0.9466666666666667,High Risk
C02,3,63.5,6,7,7,1,1,0.8633333333333333,0.13666666666666671,Low Risk
C04,6,61.0,2,0,4,0,1,0.63,0.37,Low Risk
C09,4,62.4,3,2,5,1,1,0.7433333333333333,0.2566666666666667,Low Risk
C09,2,27.8,2,1,1,0,0,0.07666666666666666,0.9233333333333333,High Risk
C03,4,54.9,4,0,4,1,1,0.6233333333333333,0.3766666666666667,Low Risk
C08,2,33.2,4,2,1,0,0,0.07666666666666666,0.9233333333333333,High Risk
C10,6,100.0,1,5,7,1,1,0.8733333333333333,0.1266666666666667,Low Risk
C02,10,78.3,4,5,3,1,1,0.95,0.050000000000000044,Low Risk
C09,7,71.2,1,4,5,1,1,0.71,0.29000000000000004,Low Risk
C04,11,73.2,3,0,4,1,1,0.94,0.06000000000000005,Low Risk
C07,1,43.0,2,0,0,0,0,0.14,0.86,High Risk
C04,6,62.9,4,4,3,1,1,0.7266666666666667,0.2733333333333333,Low Risk
C07,7,39.4,3,2,0,0,1,0.74,0.26,Low Risk
C03,4,67.6,1,1,1,0,0,0.38666666666666666,0.6133333333333333,Medium Risk
C01,6,36.7,2,0,0,0,1,0.5933333333333334,0.4066666666666666,Medium Risk
C05,4,45.7,6,1,4,1,1,0.7366666666666667,0.2633333333333333,Low Risk
C08,2,31.5,1,1,0,0,0,0.05,0.95,High Risk
C08,6,79.9,4,2,2,1,1,0.9133333333333333,0.08666666666666667,Low Risk
C08,6,72.1,6,6,9,1,1,0.9833333333333333,0.01666666666666672,Low Risk
C02,6,41.4,3,2,3,1,0,0.24333333333333335,0.7566666666666666,High Risk
C06,4,27.1,4,0,1,1,0,0.32666666666666666,0.6733333333333333,Medium Risk
C05,5,61.1,4,4,4,1,1,0.87,0.13,Low Risk
C02,6,65.9,0,3,6,1,1,0.74,0.26,Low Risk
C01,3,24.6,0,2,0,0,0,0.37333333333333335,0.6266666666666667,Medium Risk
C05,9,69.0,1,1,3,1,1,0.9533333333333334,0.046666666666666634,Low Risk
C10,5,67.3,8,1,4,1,1,0.8766666666666667,0.1233333333333333,Low Risk
C04,5,65.7,5,3,1,1,1,0.6133333333333333,0.3866666666666667,Low Risk
C01,4,26.2,4,2,2,1,1,0.54,0.45999999999999996,Medium Risk
C08,3,39.3,0,4,1,0,1,0.5966666666666667,0.4033333333333333,Medium Risk
C10,1,50.6,2,2,1,0,1,0.5333333333333333,0.4666666666666667,Medium Risk
C08,3,57.8,3,3,1,0,0,0.33,0.6699999999999999,Medium Risk
C07,4,44.7,3,4,1,1,1,0.6933333333333334,0.30666666666666664,Low Risk
C04,6,68.9,1,5,2,1,1,0.54,0.45999999999999996,Medium Risk
C09,4,79.4,1,2,5,1,1,0.7633333333333333,0.2366666666666667,Low Risk
C02,9,37.4,4,2,3,1,1,0.6666666666666666,0.33333333333333337,Low Risk
C10,8,70.9,3,3,2,1,1,0.9566666666666667,0.043333333333333335,Low Risk
C09,11,40.9,3,4,2,1,1,0.7833333333333333,0.21666666666666667,Low Risk
C06,3,52.8,1,4,3,1,1,0.6966666666666667,0.30333333333333334,Low Risk
C03,6,54.0,2,4,1,1,0,0.3466666666666667,0.6533333333333333,Medium Risk
C03,8,92.9,6,1,3,1,1,0.9433333333333334,0.05666666666666664,Low Risk
C09,5,51.0,2,1,3,1,1,0.8433333333333334,0.15666666666666662,Low Risk
C05,6,66.3,6,3,4,1,1,0.9333333333333333,0.06666666666666665,Low Risk
C02,7,70.1,2,3,6,1,1,0.87,0.13,Low Risk
C01,12,65.0,3,2,6,1,1,0.8933333333333333,0.10666666666666669,Low Risk
C02,3,57.8,6,6,2,1,1,0.8033333333333333,0.19666666666666666,Low Risk
C03,1,57.2,2,4,2,0,1,0.53,0.47,Medium Risk
C04,8,89.3,3,1,2,1,1,0.8466666666666667,0.15333333333333332,Low Risk
C10,1,35.4,0,0,3,0,0,0.3433333333333333,0.6566666666666667,Medium Risk
C07,8,73.9,1,3,2,1,1,0.8533333333333334,0.1466666666666666,Low Risk
C08,7,80.9,1,3,3,1,1,0.8833333333333333,0.1166666666666667,Low Risk
C04,10,76.4,8,5,3,1,1,0.9,0.09999999999999998,Low Risk
C02,2,65.6,4,2,1,1,1,0.5666666666666667,0.43333333333333335,Medium Risk
C06,4,95.4,9,5,2,1,1,0.8933333333333333,0.10666666666666669,Low Risk
C08,5,66.4,4,2,2,1,1,0.7333333333333333,0.2666666666666667,Low Risk
C10,10,69.0,8,5,5,1,1,0.9933333333333333,0.00666666666666671,Low Risk
C02,7,78.5,3,4,1,1,1,0.96,0.040000000000000036,Low Risk
C09,7,89.4,5,7,5,1,1,0.96,0.040000000000000036,Low Risk
C02,5,45.5,7,4,1,0,1,0.8266666666666667,0.17333333333333334,Low Risk
C03,4,66.2,4,4,1,1,1,0.8766666666666667,0.1233333333333333,Low Risk
C08,1,44.9,1,1,4,1,0,0.18,0.8200000000000001,High Risk
C06,7,42.8,0,1,1,0,0,0.31333333333333335,0.6866666666666666,Medium Risk
C02,6,65.6,3,2,2,1,1,0.9566666666666667,0.043333333333333335,Low Risk
C02,3,38.1,3,4,1,1,0,0.48333333333333334,0.5166666666666666,Medium Risk
C10,6,40.4,2,1,0,0,0,0.46785625000000003,0.5321437499999999,Medium Risk
C07,4,3.3,3,2,1,1,0,0.43,0.5700000000000001,Medium Risk
C05,2,24.9,1,0,0,0,0,0.13333333333333333,0.8666666666666667,High Risk
C06,2,52.2,3,1,3,0,0,0.39,0.61,Medium Risk
C02,3,33.4,3,1,3,1,0,0.39,0.61,Medium Risk
C01,6,72.6,6,2,2,1,1,0.8833333333333333,0.1166666666666667,Low Risk
C01,3,50.3,5,3,2,1,1,0.54,0.45999999999999996,Medium Risk
C09,7,79.6,4,3,2,1,1,0.9633333333333334,0.036666666666666625,Low Risk
C03,14,88.6,3,8,3,1,1,0.8366666666666667,0.16333333333333333,Low Risk
C01,2,29.8,1,3,1,0,0,0.45,0.55,Medium Risk
C06,7,73.0,4,3,6,1,1,0.9666666666666667,0.033333333333333326,Low Risk
C08,6,68.4,5,7,1,0,1,0.91,0.08999999999999997,Low Risk
C02,7,39.8,4,0,0,1,0,0.49118958333333335,0.5088104166666667,Medium Risk
C05,3,16.3,2,1,1,0,0,0.2,0.8,High Risk
C01,2,84.1,7,5,6,1,1,0.9366666666666666,0.06333333333333335,Low Risk
C08,8,56.5,4,3,7,1,1,0.8366666666666667,0.16333333333333333,Low Risk
C01,4,68.4,6,4,2,1,1,0.8666666666666667,0.1333333333333333,Low Risk
C07,2,26.1,3,0,3,0,0,0.41333333333333333,0.5866666666666667,Medium Risk
C02,6,89.1,3,4,4,0,1,0.8733333333333333,0.1266666666666667,Low Risk
C03,3,60.1,4,3,4,1,1,0.7733333333333333,0.22666666666666668,Low Risk
C02,1,37.7,1,0,0,0,0,0.26976980949664003,0.7302301905033599,High Risk
C03,9,81.4,7,1,3,1,1,0.8833333333333333,0.1166666666666667,Low Risk
C04,5,26.5,3,0,0,1,0,0.25666666666666665,0.7433333333333334,High Risk
C04,5,40.8,3,1,1,1,0,0.4766666666666667,0.5233333333333333,Medium Risk
C01,4,44.2,0,5,2,0,1,0.51,0.49,Medium Risk
C07,9,86.9,7,6,2,1,1,0.9766666666666667,0.023333333333333317,Low Risk
C01,4,67.0,2,4,1,1,1,0.8166666666666667,0.18333333333333335,Low Risk
C02,4,32.9,3,0,1,1,0,0.4533333333333333,0.5466666666666666,Medium Risk
C05,4,100.0,6,3,2,1,1,0.7433333333333333,0.2566666666666667,Low Risk
C09,5,36.9,1,1,0,0,0,0.23070753507807354,0.7692924649219265,High Risk
C09,6,55.4,8,1,3,1,1,0.7566666666666667,0.2433333333333333,Low Risk
C04,2,37.3,3,0,4,0,0,0.39,0.61,Medium Risk
C07,0,61.8,1,3,4,0,1,0.62,0.38,Low Risk
C08,4,30.8,1,2,3,0,0,0.26666666666666666,0.7333333333333334,High Risk
C07,3,47.1,1,4,2,0,1,0.5533333333333333,0.44666666666666666,Medium Risk
C07,9,48.9,3,2,4,1,1,0.8133333333333334,0.18666666666666665,Low Risk
C01,4,76.5,6,5,5,1,1,0.9366666666666666,0.06333333333333335,Low Risk
C02,2,61.3,2,3,4,0,1,0.6566666666666666,0.3433333333333334,Low Risk
C09,3,53.4,4,4,3,1,1,0.6833333333333333,0.31666666666666665,Low Risk
C09,3,67.8,6,4,5,1,1,0.8233333333333334,0.17666666666666664,Low Risk
C06,2,8.3,3,1,0,0,0,0.19,0.81,High Risk
C07,4,51.2,3,4,4,1,1,0.7833333333333333,0.21666666666666667,Low Risk
C04,5,62.4,8,1,3,1,1,0.8866666666666667,0.11333333333333329,Low Risk
C08,5,48.3,2,3,3,1,1,0.68,0.31999999999999995,Low Risk
C10,10,62.7,3,7,4,1,1,0.9333333333333333,0.06666666666666665,Low Risk
C03,7,54.9,5,1,2,1,1,0.8633333333333333,0.13666666666666671,Low Risk
C08,3,37.9,0,1,3,0,0,0.25333333333333335,0.7466666666666666,High Risk
C03,4,30.7,3,5,4,1,0,0.48333333333333334,0.5166666666666666,Medium Risk
C03,6,49.5,2,7,2,1,1,0.71,0.29000000000000004,Low Risk
C10,4,58.1,3,4,4,0,1,0.8533333333333334,0.1466666666666666,Low Risk
C08,5,22.5,2,3,1,0,0,0.38666666666666666,0.6133333333333333,Medium Risk
C07,4,41.2,3,2,0,0,0,0.44666666666666666,0.5533333333333333,Medium Risk
C06,3,47.0,6,2,1,0,1,0.6666666666666666,0.33333333333333337,Low Risk
C04,5,32.9,1,2,1,1,0,0.2966666666666667,0.7033333333333334,High Risk
C04,6,37.7,1,4,3,0,0,0.32666666666666666,0.6733333333333333,Medium Risk
C10,12,84.6,4,1,4,1,1,0.94,0.06000000000000005,Low Risk
C07,9,49.6,2,3,4,1,1,0.7933333333333333,0.20666666666666667,Low Risk
C04,7,55.4,2,3,1,1,1,0.5533333333333333,0.44666666666666666,Medium Risk
C03,6,54.2,4,3,3,1,1,0.8833333333333333,0.1166666666666667,Low Risk
C07,7,71.4,2,3,1,1,1,0.8666666666666667,0.1333333333333333,Low Risk
C02,2,61.4,3,3,2,0,1,0.9066666666666666,0.09333333333333338,Low Risk
C08,1,30.5,1,0,1,0,0,0.25666666666666665,0.7433333333333334,High Risk
C03,4,46.4,2,2,1,0,0,0.3433333333333333,0.6566666666666667,Medium Risk
C08,5,60.5,4,3,0,1,1,0.8866666666666667,0.11333333333333329,Low Risk
C07,5,45.4,4,6,2,1,1,0.8233333333333334,0.17666666666666664,Low Risk
C10,3,58.9,5,1,7,0,1,0.7466666666666667,0.2533333333333333,Low Risk
C02,9,57.6,2,6,5,1,1,0.7366666666666667,0.2633333333333333,Low Risk
C01,12,76.2,3,1,3,1,1,0.89,0.10999999999999999,Low Risk
C05,6,85.5,6,2,3,1,1,0.7166666666666667,0.2833333333333333,Low Risk
C02,7,89.9,2,3,5,1,1,0.9517534162444341,0.0482465837555659,Low Risk
C03,8,60.1,4,1,0,1,1,0.8366666666666667,0.16333333333333333,Low Risk
C04,2,17.7,3,0,2,0,0,0.15666666666666668,0.8433333333333333,High Risk
C08,3,51.9,3,2,0,1,1,0.57,0.43000000000000005,Medium Risk
C04,7,62.5,5,3,5,1,1,0.85,0.15000000000000002,Low Risk
C05,2,31.0,3,2,1,0,0,0.12,0.88,High Risk
C01,7,80.3,6,3,2,1,1,0.9566666666666667,0.043333333333333335,Low Risk
C08,6,76.2,2,8,4,1,1,0.9033333333333333,0.09666666666666668,Low Risk
C02,5,30.0,2,3,4,1,0,0.3933333333333333,0.6066666666666667,Medium Risk
C09,12,55.2,3,1,6,0,1,0.8833333333333333,0.1166666666666667,Low Risk
C05,13,91.6,4,3,4,1,1,0.9733333333333334,0.026666666666666616,Low Risk
C01,1,60.6,4,2,3,0,1,0.7866666666666666,0.21333333333333337,Low Risk
C01,4,78.8,3,2,3,0,1,0.7533333333333333,0.2466666666666667,Low Risk
C01,3,59.9,5,1,4,1,1,0.6833333333333333,0.31666666666666665,Low Risk
C01,5,65.1,4,3,2,0,1,0.8866666666666667,0.11333333333333329,Low Risk
C04,4,43.4,7,1,4,1,1,0.7,0.30000000000000004,Low Risk
C01,10,38.5,3,3,3,1,1,0.8266666666666667,0.17333333333333334,Low Risk
C09,11,79.5,7,3,7,1,1,0.85,0.15000000000000002,Low Risk
C02,9,76.9,5,4,3,1,1,0.92,0.07999999999999996,Low Risk
C09,7,40.9,1,2,4,1,1,0.6566666666666666,0.3433333333333334,Low Risk
C04,8,80.4,6,6,5,1,1,0.9866666666666667,0.013333333333333308,Low Risk
C03,6,40.6,3,1,1,1,1,0.68,0.31999999999999995,Low Risk
C02,3,55.8,2,1,4,0,1,0.6533333333333333,0.3466666666666667,Low Risk
C05,5,56.3,1,2,5,1,1,0.63,0.37,Low Risk
C06,6,55.8,0,3,1,0,1,0.5166666666666667,0.4833333333333333,Medium Risk
C05,6,64.9,1,1,2,1,0,0.4033333333333333,0.5966666666666667,Medium Risk
C08,1,48.2,1,1,4,0,0,0.24,0.76,High Risk
C04,4,33.2,2,1,2,1,0,0.4266666666666667,0.5733333333333333,Medium Risk
C10,4,31.0,1,0,1,1,0,0.3233333333333333,0.6766666666666667,Medium Risk
C04,8,73.1,5,5,6,1,1,0.9933333333333333,0.00666666666666671,Low Risk
C04,5,61.1,5,1,2,0,0,0.4666666666666667,0.5333333333333333,Medium Risk
C10,2,34.6,0,0,0,0,0,0.1,0.9,High Risk
C01,1,7.0,2,0,1,0,0,0.03,0.97,High Risk
C02,6,46.4,1,1,3,1,1,0.51,0.49,Medium Risk
C05,11,89.5,5,4,4,1,1,0.9833333333333333,0.01666666666666672,Low Risk
C05,7,32.1,2,1,3,0,1,0.5166666666666667,0.4833333333333333,Medium Risk
C09,3,41.7,2,4,2,1,0,0.43333333333333335,0.5666666666666667,Medium Risk
C07,7,100.0,3,2,4,1,1,0.8466666666666667,0.15333333333333332,Low Risk
C08,3,70.3,1,3,3,1,1,0.71,0.29000000000000004,Low Risk
C04,10,82.9,3,3,4,1,1,0.9933333333333333,0.00666666666666671,Low Risk
C01,2,41.5,3,4,1,0,0,0.4,0.6,Medium Risk
C08,12,67.7,8,4,2,1,1,0.98,0.020000000000000018,Low Risk
C08,7,55.4,6,2,2,1,1,0.83,0.17000000000000004,Low Risk
C04,4,72.9,2,2,1,1,1,0.7966666666666666,0.20333333333333337,Low Risk
C03,5,85.4,2,3,2,1,1,0.72,0.28,Low Risk
C08,5,70.7,3,3,2,0,1,0.5733333333333334,0.42666666666666664,Medium Risk
C05,2,36.9,1,2,0,0,1,0.5033333333333333,0.4966666666666667,Medium Risk
C02,5,45.3,0,2,2,0,0,0.48333333333333334,0.5166666666666666,Medium Risk
C03,10,81.0,1,7,3,1,1,0.9066666666666666,0.09333333333333338,Low Risk
C07,6,53.0,1,2,1,0,1,0.7033333333333334,0.29666666666666663,Low Risk
C10,11,71.8,4,2,1,1,1,0.9733333333333334,0.026666666666666616,Low Risk
C02,9,41.8,5,0,3,1,0,0.45666666666666667,0.5433333333333333,Medium Risk
C09,7,73.6,2,2,4,1,1,0.54405730949664,0.45594269050336,Medium Risk
C03,6,29.5,2,3,1,1,0,0.3233333333333333,0.6766666666666667,Medium Risk
C05,9,54.6,3,4,4,1,1,0.9766666666666667,0.023333333333333317,Low Risk
C05,2,52.5,3,3,1,0,1,0.5366666666666666,0.4633333333333334,Medium Risk
C07,3,38.7,4,1,3,0,0,0.35333333333333333,0.6466666666666667,Medium Risk
C01,4,38.8,2,0,1,0,1,0.54,0.45999999999999996,Medium Risk
C05,7,36.6,1,1,5,0,1,0.79,0.20999999999999996,Low Risk
C05,2,50.0,6,1,7,1,1,0.7066666666666667,0.29333333333333333,Low Risk
C01,3,54.8,2,3,1,0,1,0.6233333333333333,0.3766666666666667,Low Risk
C05,4,34.2,2,1,1,1,0,0.27666666666666667,0.7233333333333334,High Risk
C03,6,54.5,2,1,3,1,1,0.8033333333333333,0.19666666666666666,Low Risk
C08,8,49.6,3,1,5,1,1,0.86,0.14,Low Risk
C02,4,60.2,5,1,1,1,1,0.6566666666666666,0.3433333333333334,Low Risk
C06,3,82.2,5,0,0,1,1,0.75,0.25,Low Risk
C02,9,91.7,4,2,3,1,1,0.71,0.29000000000000004,Low Risk
C06,4,13.0,0,1,0,0,0,0.22666666666666666,0.7733333333333333,High Risk
C04,7,98.7,4,2,2,1,1,0.9733333333333334,0.026666666666666616,Low Risk
C02,7,73.5,5,5,4,1,1,0.9433333333333334,0.05666666666666664,Low Risk
C09,4,32.7,3,2,0,1,0,0.12,0.88,High Risk
C04,3,60.4,4,2,2,0,1,0.86,0.14,Low Risk
C01,11,54.3,1,2,1,1,1,0.8166666666666667,0.18333333333333335,Low Risk
C08,10,60.7,3,7,4,1,1,0.9766666666666667,0.023333333333333317,Low Risk
C09,1,17.1,1,0,3,1,0,0.46,0.54,Medium Risk
C09,5,81.1,3,6,3,1,1,0.97,0.030000000000000027,Low Risk
C07,2,61.0,4,1,2,1,1,0.6466666666666666,0.3533333333333334,Low Risk
C03,7,58.7,7,2,0,1,1,0.7466666666666667,0.2533333333333333,Low Risk
C02,0,41.1,4,2,3,1,0,0.44,0.56,Medium Risk
C03,7,74.3,5,3,7,1,1,0.9466666666666667,0.053333333333333344,Low Risk
C06,5,21.4,2,0,1,0,0,0.45,0.55,Medium Risk
C05,8,88.5,6,6,2,1,1,0.86,0.14,Low Risk
C03,7,59.9,8,1,1,1,1,0.8566666666666667,0.1433333333333333,Low Risk
C04,9,34.2,3,1,1,1,1,0.6966666666666667,0.30333333333333334,Low Risk
C07,3,47.1,1,5,3,0,1,0.7333333333333333,0.2666666666666667,Low Risk
C09,4,56.7,3,0,1,1,0,0.42333333333333334,0.5766666666666667,Medium Risk
C04,5,54.9,5,0,3,1,1,0.7166666666666667,0.2833333333333333,Low Risk
C10,8,62.8,5,6,5,1,1,0.91,0.08999999999999997,Low Risk
C03,1,67.9,4,2,2,1,1,0.5033333333333333,0.4966666666666667,Medium Risk
C09,5,36.9,2,2,2,0,0,0.3566666666666667,0.6433333333333333,Medium Risk
C04,7,62.1,4,0,3,0,1,0.7233333333333334,0.2766666666666666,Low Risk
C04,3,69.1,5,2,5,1,1,0.8566666666666667,0.1433333333333333,Low Risk
C02,8,75.4,3,2,1,0,1,0.9326073794103309,0.0673926205896691,Low Risk
C01,5,49.5,2,4,1,1,1,0.54,0.45999999999999996,Medium Risk
C08,9,63.4,3,2,2,1,1,0.9566666666666667,0.043333333333333335,Low Risk
C09,6,33.6,4,2,1,1,0,0.34,0.6599999999999999,Medium Risk
C10,5,53.8,6,3,2,1,1,0.85,0.15000000000000002,Low Risk
C05,5,33.6,6,3,2,1,0,0.47333333333333333,0.5266666666666666,Medium Risk
C08,10,65.2,5,5,3,1,1,0.9933333333333333,0.00666666666666671,Low Risk
C05,6,37.8,3,1,2,1,1,0.6266666666666667,0.3733333333333333,Low Risk
C09,7,60.8,1,3,3,0,1,0.75,0.25,Low Risk
C06,7,44.1,0,4,1,0,0,0.49666666666666665,0.5033333333333334,Medium Risk
C05,1,25.4,0,1,0,0,0,0.07666666666666666,0.9233333333333333,High Risk
C02,5,95.1,2,3,2,1,1,0.81,0.18999999999999995,Low Risk
C01,4,52.5,4,0,2,0,0,0.4766666666666667,0.5233333333333333,Medium Risk
C05,3,57.4,2,6,1,1,1,0.7,0.30000000000000004,Low Risk
C05,4,37.4,0,2,0,0,0,0.19666666666666666,0.8033333333333333,High Risk
C10,9,60.7,3,0,2,1,0,0.42333333333333334,0.5766666666666667,Medium Risk
C07,4,23.9,2,1,1,0,1,0.5466666666666666,0.45333333333333337,Medium Risk
C07,6,68.4,2,3,4,1,1,0.8166666666666667,0.18333333333333335,Low Risk
C03,7,54.7,5,5,3,1,1,0.94,0.06000000000000005,Low Risk
C06,3,56.0,2,1,0,0,0,0.33666666666666667,0.6633333333333333,Medium Risk
C10,11,100.0,3,3,2,1,1,0.8733333333333333,0.1266666666666667,Low Risk
C10,2,53.1,2,3,1,1,1,0.6033333333333334,0.3966666666666666,Low Risk
C07,8,67.4,4,0,1,1,1,0.8133333333333334,0.18666666666666665,Low Risk
C07,7,58.6,5,1,0,0,1,0.75,0.25,Low Risk
C07,1,22.4,0,4,0,0,0,0.47333333333333333,0.5266666666666666,Medium Risk
C08,2,36.2,3,2,0,0,0,0.31666666666666665,0.6833333333333333,Medium Risk
C06,5,17.6,0,1,2,0,0,0.48,0.52,Medium Risk
C04,5,60.8,4,2,1,0,1,0.6633333333333333,0.33666666666666667,Low Risk
C04,4,52.8,6,3,5,1,1,0.69,0.31000000000000005,Low Risk
C07,9,72.1,3,6,2,1,1,1.0,0.0,Low Risk
C03,3,58.8,6,6,0,0,1,0.7033333333333334,0.29666666666666663,Low Risk
C04,3,43.7,1,2,0,1,1,0.5466666666666666,0.45333333333333337,Medium Risk
C05,1,40.6,1,2,1,1,0,0.32,0.6799999999999999,Medium Risk
C04,2,34.3,1,0,1,1,0,0.2,0.8,High Risk
C06,2,29.3,1,2,0,0,0,0.24333333333333335,0.7566666666666666,High Risk
C07,5,36.7,2,3,0,0,0,0.27666666666666667,0.7233333333333334,High Risk
C10,7,79.8,10,1,2,1,1,0.8866666666666667,0.11333333333333329,Low Risk
C08,5,24.8,3,0,1,0,0,0.3466666666666667,0.6533333333333333,Medium Risk
C07,7,75.4,7,2,5,1,1,0.8966666666666666,0.10333333333333339,Low Risk
C05,1,22.2,1,0,0,0,0,0.10666666666666667,0.8933333333333333,High Risk
C01,3,48.4,2,1,2,1,0,0.2733333333333333,0.7266666666666667,High Risk
C02,5,47.4,2,0,2,1,1,0.55,0.44999999999999996,Medium Risk
C10,2,35.1,0,2,0,0,0,0.25,0.75,High Risk
C01,8,50.4,6,0,5,1,1,0.7466666666666667,0.2533333333333333,Low Risk
C03,5,66.7,2,3,3,1,1,0.69,0.31000000000000005,Low Risk
C03,1,43.3,1,1,2,0,0,0.13333333333333333,0.8666666666666667,High Risk
C03,5,73.9,4,4,1,1,1,0.8333333333333334,0.16666666666666663,Low Risk
C09,6,47.3,1,1,2,1,1,0.7466666666666667,0.2533333333333333,Low Risk
C05,6,34.8,0,1,0,1,0,0.38842008291110086,0.6115799170888991,Medium Risk
C08,8,92.8,8,3,6,1,1,0.9866666666666667,0.013333333333333308,Low Risk
C02,0,27.2,2,1,1,1,0,0.21333333333333335,0.7866666666666666,High Risk
C09,7,65.1,3,3,7,1,1,0.94,0.06000000000000005,Low Risk
C08,3,44.3,3,1,2,1,0,0.25666666666666665,0.7433333333333334,High Risk
C06,8,52.3,3,4,4,1,1,0.9233333333333333,0.07666666666666666,Low Risk
C10,6,48.2,3,1,6,1,1,0.71,0.29000000000000004,Low Risk
C04,6,37.5,0,2,3,1,0,0.23666666666666666,0.7633333333333333,High Risk
C01,3,59.7,2,2,3,1,1,0.62,0.38,Low Risk
C08,2,60.0,1,0,2,0,0,0.44666666666666666,0.5533333333333333,Medium Risk
C02,5,32.0,2,3,1,1,1,0.5166666666666667,0.4833333333333333,Medium Risk
C02,5,39.4,4,0,3,1,1,0.51,0.49,Medium Risk
C05,5,68.1,4,3,2,1,1,0.9266666666666666,0.07333333333333336,Low Risk
C05,2,29.9,1,2,1,0,0,0.17333333333333334,0.8266666666666667,High Risk
C01,6,62.5,3,2,5,1,1,0.8533333333333334,0.1466666666666666,Low Risk
C05,5,82.0,8,4,4,1,1,0.98,0.020000000000000018,Low Risk
C05,3,58.9,4,3,3,1,1,0.8533333333333334,0.1466666666666666,Low Risk
C01,4,26.8,1,3,1,1,1,0.51,0.49,Medium Risk
C08,5,53.2,2,1,1,1,0,0.4533333333333333,0.5466666666666666,Medium Risk
C08,1,13.7,0,2,3,0,0,0.23333333333333334,0.7666666666666666,High Risk
C08,9,69.4,6,1,2,0,1,0.9033333333333333,0.09666666666666668,Low Risk
C03,8,64.7,4,1,8,1,1,0.98,0.020000000000000018,Low Risk
C01,2,17.0,1,0,2,1,0,0.07333333333333333,0.9266666666666666,High Risk
C06,4,51.6,3,0,2,0,0,0.3566666666666667,0.6433333333333333,Medium Risk
C06,7,59.2,4,2,2,1,0,0.4633333333333333,0.5366666666666666,Medium Risk
C05,5,61.9,3,0,5,1,0,0.4866666666666667,0.5133333333333333,Medium Risk
C07,4,58.0,4,3,0,1,1,0.6766666666666666,0.32333333333333336,Low Risk
C05,8,68.6,4,2,6,1,1,0.9766666666666667,0.023333333333333317,Low Risk
C02,7,45.8,1,2,1,0,0,0.38118958333333336,0.6188104166666666,Medium Risk
C02,3,48.9,0,1,1,0,0,0.39,0.61,Medium Risk
C05,9,60.4,4,2,3,1,1,0.95,0.050000000000000044,Low Risk
C04,3,34.7,1,1,0,1,0,0.30333333333333334,0.6966666666666667,Medium Risk
C09,3,67.5,5,2,5,1,1,0.8233333333333334,0.17666666666666664,Low Risk
C04,5,34.0,2,3,0,1,0,0.44,0.56,Medium Risk
C09,1,52.7,6,6,2,0,1,0.5633333333333334,0.43666666666666665,Medium Risk
C08,1,20.3,1,3,0,0,1,0.59,0.41000000000000003,Medium Risk
C05,4,77.5,4,1,2,1,1,0.81,0.18999999999999995,Low Risk
C04,6,75.4,7,2,4,1,1,0.9433333333333334,0.05666666666666664,Low Risk
C08,7,67.1,6,2,1,1,1,0.8866666666666667,0.11333333333333329,Low Risk
C01,2,50.5,1,2,2,0,0,0.33666666666666667,0.6633333333333333,Medium Risk
C01,5,56.8,1,4,1,0,1,0.6166666666666667,0.3833333333333333,Low Risk
C02,2,64.0,5,3,2,1,0,0.5,0.5,Medium Risk
C02,1,23.3,1,2,1,0,0,0.25666666666666665,0.7433333333333334,High Risk
C03,8,60.9,1,2,4,1,1,0.88,0.12,Low Risk
C02,4,65.1,3,2,3,1,1,0.8,0.19999999999999996,Low Risk
C10,2,28.8,1,0,0,0,0,0.12,0.88,High Risk
C07,4,51.6,1,2,1,1,1,0.6366666666666667,0.3633333333333333,Low Risk
C02,9,100.0,4,1,0,1,1,0.7166666666666667,0.2833333333333333,Low Risk
C07,6,71.5,4,4,4,0,1,0.97,0.030000000000000027,Low Risk
C09,7,91.6,4,1,4,1,1,0.9633333333333334,0.036666666666666625,Low Risk
C04,3,39.2,5,2,3,1,0,0.47333333333333333,0.5266666666666666,Medium Risk
C06,4,27.9,5,3,2,0,1,0.7366666666666667,0.2633333333333333,Low Risk
C03,7,65.7,5,0,1,1,1,0.7966666666666666,0.20333333333333337,Low Risk
C03,9,67.1,3,3,4,1,1,0.9133333333333333,0.08666666666666667,Low Risk
C08,6,40.7,0,3,2,1,1,0.66,0.33999999999999997,Low Risk
C04,2,34.5,3,0,0,0,0,0.16666666666666666,0.8333333333333334,High Risk
C01,10,58.2,7,5,4,1,1,0.9666666666666667,0.033333333333333326,Low Risk
C07,4,53.4,4,2,3,0,1,0.57,0.43000000000000005,Medium Risk
C10,8,80.0,4,1,2,0,1,0.9466666666666667,0.053333333333333344,Low Risk
C10,7,58.1,7,2,4,1,1,0.6833333333333333,0.31666666666666665,Low Risk
C04,3,70.3,3,3,1,0,1,0.83,0.17000000000000004,Low Risk
C04,8,71.3,2,3,0,1,1,0.7933333333333333,0.20666666666666667,Low Risk
C01,1,26.8,2,1,1,1,0,0.2966666666666667,0.7033333333333334,High Risk
C02,2,52.7,1,5,1,0,0,0.49666666666666665,0.5033333333333334,Medium Risk
C07,1,38.9,1,2,1,1,0,0.3433333333333333,0.6566666666666667,Medium Risk
C05,3,60.0,8,0,6,1,1,0.7933333333333333,0.20666666666666667,Low Risk
C09,4,67.1,3,1,3,1,1,0.7466666666666667,0.2533333333333333,Low Risk
C02,5,37.8,1,1,1,1,1,0.5519721737831094,0.44802782621689063,Medium Risk
C03,5,51.6,1,2,1,0,1,0.54,0.45999999999999996,Medium Risk
C05,2,15.0,1,0,1,0,0,0.06333333333333334,0.9366666666666666,High Risk
C07,7,24.2,1,3,1,1,1,0.5866666666666667,0.41333333333333333,Medium Risk
C07,7,94.7,4,7,5,0,1,0.8933333333333333,0.10666666666666669,Low Risk
C10,4,66.0,7,4,0,1,1,0.7366666666666667,0.2633333333333333,Low Risk
C06,9,62.0,2,1,2,1,0,0.43666666666666665,0.5633333333333334,Medium Risk
C08,4,53.7,1,3,1,0,1,0.6333333333333333,0.3666666666666667,Low Risk
C03,5,94.6,5,4,3,0,1,0.96,0.040000000000000036,Low Risk
C05,3,56.5,2,1,3,0,1,0.7533333333333333,0.2466666666666667,Low Risk
C10,7,50.0,5,3,1,1,1,0.53,0.47,Medium Risk
C01,6,24.9,0,2,0,0,0,0.39666666666666667,0.6033333333333333,Medium Risk
C09,5,66.8,2,2,6,1,1,0.7166666666666667,0.2833333333333333,Low Risk
C06,8,81.2,4,5,4,1,1,0.99,0.010000000000000009,Low Risk
C06,7,37.0,1,4,2,1,1,0.5766666666666667,0.42333333333333334,Medium Risk
C09,6,39.3,2,3,6,1,1,0.7233333333333334,0.2766666666666666,Low Risk
C05,7,62.2,4,5,2,1,1,0.9333333333333333,0.06666666666666665,Low Risk
C09,8,57.1,4,4,5,1,1,0.8666666666666667,0.1333333333333333,Low Risk
C09,7,61.7,3,2,2,1,1,0.92,0.07999999999999996,Low Risk
C04,7,65.4,3,6,4,1,1,0.8366666666666667,0.16333333333333333,Low Risk
C04,0,22.1,2,1,0,0,0,0.11666666666666667,0.8833333333333333,High Risk
C04,6,50.6,5,0,3,1,0,0.4066666666666667,0.5933333333333333,Medium Risk
C01,5,52.8,3,3,6,0,1,0.8633333333333333,0.13666666666666671,Low Risk
C04,2,36.9,1,0,1,0,0,0.15,0.85,High Risk
C03,4,55.3,5,3,3,1,1,0.7933333333333333,0.20666666666666667,Low Risk
C02,4,11.2,0,0,0,1,0,0.24333333333333335,0.7566666666666666,High Risk
C01,4,46.6,0,3,1,0,1,0.6366666666666667,0.3633333333333333,Low Risk
C08,3,29.7,0,0,1,0,0,0.23666666666666666,0.7633333333333333,High Risk
C04,7,70.4,6,5,3,1,1,0.9333333333333333,0.06666666666666665,Low Risk
C06,10,57.3,4,3,3,1,1,0.8966666666666666,0.10333333333333339,Low Risk
C10,5,69.2,4,2,3,1,1,0.8133333333333334,0.18666666666666665,Low Risk
C01,3,43.9,5,2,1,0,1,0.56,0.43999999999999995,Medium Risk
C04,2,41.0,5,1,1,1,0,0.21666666666666667,0.7833333333333333,High Risk
C10,9,69.7,3,3,2,1,1,0.9566666666666667,0.043333333333333335,Low Risk
C05,4,53.1,1,1,0,1,0,0.37666666666666665,0.6233333333333333,Medium Risk
C01,6,61.2,4,0,2,0,1,0.52,0.48,Medium Risk
C01,5,68.2,2,0,3,1,1,0.6566666666666666,0.3433333333333334,Low Risk
C10,6,57.2,4,3,3,1,1,0.7666666666666667,0.23333333333333328,Low Risk
C03,6,56.5,4,5,0,0,1,0.8266666666666667,0.17333333333333334,Low Risk
C08,1,16.4,1,2,0,0,0,0.18666666666666668,0.8133333333333334,High Risk
C07,9,83.5,4,3,2,1,1,0.9733333333333334,0.026666666666666616,Low Risk
C06,10,56.4,4,3,2,1,1,0.8833333333333333,0.1166666666666667,Low Risk
C08,9,64.1,6,4,3,1,1,0.9866666666666667,0.013333333333333308,Low Risk
C09,3,43.4,0,1,0,0,1,0.6433333333333333,0.3566666666666667,Low Risk
C02,7,46.7,4,1,1,1,1,0.65,0.35,Low Risk
C03,4,50.3,1,3,0,1,0,0.47333333333333333,0.5266666666666666,Medium Risk
C02,2,77.6,7,4,4,0,1,0.8066666666666666,0.19333333333333336,Low Risk
C06,4,55.8,1,2,2,1,1,0.6066666666666667,0.3933333333333333,Low Risk
C05,3,65.0,2,4,1,0,1,0.71,0.29000000000000004,Low Risk
C09,8,62.3,4,3,1,1,1,0.8633333333333333,0.13666666666666671,Low Risk
C05,7,77.6,3,5,2,1,1,0.9266666666666666,0.07333333333333336,Low Risk
C09,3,40.9,3,1,2,0,0,0.29333333333333333,0.7066666666666667,High Risk
C03,9,84.5,5,4,5,1,1,0.9966666666666667,0.0033333333333332993,Low Risk
C05,10,69.7,1,2,1,1,1,0.9,0.09999999999999998,Low Risk
C01,6,63.3,3,2,2,1,1,0.83,0.17000000000000004,Low Risk
C02,7,64.2,2,3,8,1,1,0.8333333333333334,0.16666666666666663,Low Risk
C07,5,37.6,3,2,0,0,0,0.5,0.5,Medium Risk
C01,4,47.0,3,2,3,1,1,0.5433333333333333,0.45666666666666667,Medium Risk
C01,6,78.9,2,2,4,0,1,0.77,0.22999999999999998,Low Risk
C02,9,62.8,3,3,0,1,1,0.8433333333333334,0.15666666666666662,Low Risk
C07,3,24.2,1,0,1,0,0,0.16,0.84,High Risk
C01,1,19.9,0,0,2,0,0,0.09666666666666666,0.9033333333333333,High Risk
C10,7,99.2,1,6,3,1,1,0.71,0.29000000000000004,Low Risk
C02,8,55.2,2,5,0,1,1,0.6466666666666666,0.3533333333333334,Low Risk
C06,5,43.9,6,2,1,0,1,0.55,0.44999999999999996,Medium Risk
C02,6,63.4,2,1,2,1,1,0.82,0.18000000000000005,Low Risk
C05,2,27.9,0,1,1,1,0,0.2966666666666667,0.7033333333333334,High Risk
C06,8,15.7,1,1,1,1,0,0.44333333333333336,0.5566666666666666,Medium Risk
C04,8,56.6,3,3,0,1,1,0.8133333333333334,0.18666666666666665,Low Risk
C06,4,24.7,1,0,1,0,0,0.15333333333333332,0.8466666666666667,High Risk
C03,3,26.7,2,0,0,0,0,0.04,0.96,High Risk
C07,2,54.6,3,4,2,1,1,0.76,0.24,Low Risk
C03,3,77.7,2,6,4,0,1,0.9166666666666666,0.08333333333333337,Low Risk
C01,8,71.5,2,2,6,1,1,0.93,0.06999999999999995,Low Risk
C08,9,65.6,2,3,1,0,1,0.8933333333333333,0.10666666666666669,Low Risk
C04,3,51.2,2,3,2,1,0,0.33666666666666667,0.6633333333333333,Medium Risk
C08,5,44.3,0,1,1,1,1,0.7066666666666667,0.29333333333333333,Low Risk
C07,5,29.7,2,1,1,1,0,0.4866666666666667,0.5133333333333333,Medium Risk
C07,3,30.8,1,2,1,0,0,0.47333333333333333,0.5266666666666666,Medium Risk
C02,6,57.6,1,7,3,1,1,0.7866666666666666,0.21333333333333337,Low Risk
C08,8,57.3,6,2,4,1,1,0.89,0.10999999999999999,Low Risk
C07,3,42.9,4,0,1,1,0,0.30666666666666664,0.6933333333333334,Medium Risk
C07,3,58.3,2,4,4,1,1,0.7133333333333334,0.2866666666666666,Low Risk
C06,2,50.7,4,0,4,1,1,0.66,0.33999999999999997,Low Risk
C10,5,81.1,3,1,1,1,1,0.6666666666666666,0.33333333333333337,Low Risk
C08,3,59.7,4,1,6,0,1,0.6866666666666666,0.31333333333333335,Low Risk
C01,8,74.7,6,3,3,0,1,0.96,0.040000000000000036,Low Risk
C01,5,56.0,5,1,3,0,1,0.7633333333333333,0.2366666666666667,Low Risk
C10,2,29.2,2,2,2,0,0,0.36,0.64,Medium Risk
C04,10,91.9,5,7,4,1,1,0.9533333333333334,0.046666666666666634,Low Risk
C07,2,54.6,6,1,5,0,0,0.48333333333333334,0.5166666666666666,Medium Risk
C09,6,45.7,2,1,1,1,1,0.6166666666666667,0.3833333333333333,Low Risk
C07,5,37.8,1,0,3,0,0,0.19333333333333333,0.8066666666666666,High Risk
C03,5,51.9,7,3,4,1,0,0.49666666666666665,0.5033333333333334,Medium Risk
C02,5,66.5,5,2,5,1,1,0.7066666666666667,0.29333333333333333,Low Risk
C09,2,19.2,1,0,2,0,0,0.19333333333333333,0.8066666666666666,High Risk
C03,6,63.6,3,4,3,1,1,0.86,0.14,Low Risk
C06,6,71.7,6,2,5,1,1,0.96,0.040000000000000036,Low Risk
C03,5,14.3,5,0,3,0,1,0.52,0.48,Medium Risk
C08,10,79.9,2,1,4,1,1,0.9666666666666667,0.033333333333333326,Low Risk
C05,9,79.0,10,3,4,1,1,0.97,0.030000000000000027,Low Risk
C05,8,33.5,4,1,5,1,1,0.77,0.22999999999999998,Low Risk
C10,6,49.8,2,2,3,1,1,0.9133333333333333,0.08666666666666667,Low Risk
C04,4,19.5,1,3,1,0,0,0.32,0.6799999999999999,Medium Risk
C05,4,53.7,5,1,2,0,1,0.81,0.18999999999999995,Low Risk
C01,7,75.1,1,3,4,1,1,0.7966666666666666,0.20333333333333337,Low Risk
C07,3,28.8,4,4,1,1,0,0.46,0.54,Medium Risk
C05,9,89.5,6,5,5,1,1,0.9733333333333334,0.026666666666666616,Low Risk
C01,5,72.8,2,3,4,0,1,0.9466666666666667,0.053333333333333344,Low Risk
C10,3,65.4,2,3,0,0,1,0.6166666666666667,0.3833333333333333,Low Risk
C04,8,44.8,3,0,0,0,0,0.49666666666666665,0.5033333333333334,Medium Risk
C10,4,43.0,1,1,0,0,0,0.22666666666666666,0.7733333333333333,High Risk
C08,12,66.7,4,4,5,1,1,0.9733333333333334,0.026666666666666616,Low Risk
C09,8,72.1,7,4,4,1,1,0.9933333333333333,0.00666666666666671,Low Risk
C10,7,46.7,3,7,3,1,1,0.9466666666666667,0.053333333333333344,Low Risk
C09,7,49.7,6,2,1,1,1,0.7066666666666667,0.29333333333333333,Low Risk
C01,2,43.6,2,1,1,0,0,0.15,0.85,High Risk
C07,9,62.5,7,2,8,1,1,0.9733333333333334,0.026666666666666616,Low Risk
C01,1,26.8,1,0,0,1,0,0.4666666666666667,0.5333333333333333,Medium Risk
C09,5,63.4,1,1,5,1,1,0.77,0.22999999999999998,Low Risk
C07,1,22.3,0,1,0,0,0,0.016666666666666666,0.9833333333333333,High Risk
C02,3,32.2,1,1,2,0,1,0.6833333333333333,0.31666666666666665,Low Risk
C03,2,29.8,0,2,3,1,0,0.4633333333333333,0.5366666666666666,Medium Risk
C05,4,60.1,0,2,2,1,1,0.75,0.25,Low Risk
C08,6,76.7,2,4,3,1,1,0.62,0.38,Low Risk
C03,10,86.5,10,2,8,1,1,0.9633333333333334,0.036666666666666625,Low Risk
C04,2,56.8,2,3,1,0,1,0.5566666666666666,0.44333333333333336,Medium Risk
C02,10,85.3,6,3,1,1,1,0.98,0.020000000000000018,Low Risk
C01,9,31.0,2,0,0,0,0,0.4766666666666667,0.5233333333333333,Medium Risk
C05,3,46.0,1,5,4,1,1,0.5866666666666667,0.41333333333333333,Medium Risk
C02,4,72.3,2,2,4,0,1,0.6933333333333334,0.30666666666666664,Low Risk
C02,10,90.8,8,2,4,1,1,0.9833333333333333,0.01666666666666672,Low Risk
C06,6,59.2,10,3,3,1,1,0.7466666666666667,0.2533333333333333,Low Risk
C04,2,54.0,2,4,5,0,1,0.7633333333333333,0.2366666666666667,Low Risk
C06,5,56.2,1,1,2,1,0,0.3233333333333333,0.6766666666666667,Medium Risk
C07,1,27.5,0,1,1,0,0,0.06333333333333334,0.9366666666666666,High Risk
C09,4,54.0,1,5,2,1,1,0.6333333333333333,0.3666666666666667,Low Risk
C09,4,40.3,6,1,5,1,1,0.7966666666666666,0.20333333333333337,Low Risk
C02,3,36.1,2,2,2,1,0,0.26666666666666666,0.7333333333333334,High Risk
C06,6,76.6,3,3,7,1,1,0.9833333333333333,0.01666666666666672,Low Risk
C08,1,37.7,1,2,1,0,0,0.21666666666666667,0.7833333333333333,High Risk
C06,3,80.9,3,5,5,0,1,0.9333333333333333,0.06666666666666665,Low Risk
C01,3,81.5,6,1,1,1,1,0.7966666666666666,0.20333333333333337,Low Risk
C10,7,36.6,1,0,3,1,1,0.6866666666666666,0.31333333333333335,Low Risk
C07,3,63.8,7,1,3,0,1,0.7266666666666667,0.2733333333333333,Low Risk
C06,7,46.0,3,1,4,1,1,0.7566666666666667,0.2433333333333333,Low Risk
C08,3,31.9,1,1,3,0,0,0.10333333333333333,0.8966666666666667,High Risk
C04,6,44.2,2,5,2,0,1,0.64,0.36,Low Risk
C02,6,35.0,1,3,1,1,1,0.6733333333333333,0.32666666666666666,Low Risk
C02,5,96.0,3,3,3,1,1,0.7433333333333333,0.2566666666666667,Low Risk
C02,11,38.0,4,2,3,1,1,0.75,0.25,Low Risk
C10,3,20.2,1,2,3,0,0,0.3566666666666667,0.6433333333333333,Medium Risk
C05,6,81.6,5,4,2,1,1,0.9533333333333334,0.046666666666666634,Low Risk
C07,4,0.0,0,1,0,0,0,0.14333333333333334,0.8566666666666667,High Risk
C03,0,19.0,1,1,0,0,0,0.31333333333333335,0.6866666666666666,Medium Risk
C08,9,59.3,2,6,1,1,1,0.8266666666666667,0.17333333333333334,Low Risk
C02,3,78.4,2,3,3,0,1,0.86,0.14,Low Risk
C10,5,64.7,4,2,4,0,1,0.8266666666666667,0.17333333333333334,Low Risk
C09,7,68.8,6,0,3,1,1,0.79,0.20999999999999996,Low Risk
C10,6,56.6,4,3,2,1,1,0.7766666666666666,0.22333333333333338,Low Risk
C04,10,77.3,6,2,3,1,1,0.9433333333333334,0.05666666666666664,Low Risk
C01,5,78.5,1,4,5,1,1,0.8566666666666667,0.1433333333333333,Low Risk
C06,7,50.9,5,3,2,1,1,0.73,0.27,Low Risk
C03,7,53.7,2,2,0,1,0,0.48,0.52,Medium Risk
C08,2,27.0,3,2,2,1,0,0.36,0.64,Medium Risk
C03,1,27.6,1,0,1,0,0,0.14,0.86,High Risk
C09,3,57.9,3,2,1,0,1,0.6666666666666666,0.33333333333333337,Low Risk
C02,2,40.4,3,0,0,0,0,0.21333333333333335,0.7866666666666666,High Risk
C01,6,87.5,4,3,5,1,1,0.9033333333333333,0.09666666666666668,Low Risk
C04,2,45.2,3,4,0,0,0,0.3566666666666667,0.6433333333333333,Medium Risk
C06,6,40.3,2,0,4,1,1,0.5166666666666667,0.4833333333333333,Medium Risk
C02,3,30.8,5,0,0,0,0,0.36,0.64,Medium Risk
C02,4,27.5,1,3,0,0,0,0.20666666666666667,0.7933333333333333,High Risk
C05,1,19.9,2,1,1,0,0,0.043333333333333335,0.9566666666666667,High Risk
C02,9,78.2,1,0,2,1,1,0.6933333333333334,0.30666666666666664,Low Risk
C06,5,51.1,5,4,1,1,1,0.8,0.19999999999999996,Low Risk
C07,6,29.8,0,2,3,0,0,0.48,0.52,Medium Risk
C04,4,39.9,1,2,1,0,0,0.27666666666666667,0.7233333333333334,High Risk
C09,3,69.3,2,1,1,0,0,0.2966666666666667,0.7033333333333334,High Risk
C08,5,61.9,6,3,1,1,1,0.8466666666666667,0.15333333333333332,Low Risk
C10,2,54.8,1,2,2,1,0,0.4866666666666667,0.5133333333333333,Medium Risk
C10,3,65.2,2,1,6,0,1,0.72,0.28,Low Risk
C10,9,80.6,5,2,2,1,1,0.9366666666666666,0.06333333333333335,Low Risk
C09,1,44.6,3,0,2,1,0,0.16666666666666666,0.8333333333333334,High Risk
C06,3,49.7,6,1,6,1,1,0.8466666666666667,0.15333333333333332,Low Risk
C01,5,100.0,9,3,4,1,1,0.9533333333333334,0.046666666666666634,Low Risk
C07,7,62.2,2,4,2,1,1,0.87,0.13,Low Risk
C07,4,41.0,2,0,1,0,0,0.14,0.86,High Risk
C09,5,39.6,1,1,0,0,0,0.36517845791402553,0.6348215420859744,Medium Risk
C10,6,31.8,2,3,1,1,1,0.6466666666666666,0.3533333333333334,Low Risk
C10,5,5.7,1,0,0,0,0,0.23333333333333334,0.7666666666666666,High Risk
C02,2,55.0,4,0,2,1,0,0.38,0.62,Medium Risk
C04,7,75.5,7,7,2,1,1,0.8933333333333333,0.10666666666666669,Low Risk
C07,9,82.8,5,4,4,1,1,0.9966666666666667,0.0033333333333332993,Low Risk
C07,4,45.7,1,2,3,0,1,0.7566666666666667,0.2433333333333333,Low Risk
C01,5,68.7,3,1,1,1,1,0.8366666666666667,0.16333333333333333,Low Risk
C01,11,79.4,3,5,1,1,1,0.9866666666666667,0.013333333333333308,Low Risk
C07,1,50.8,4,1,3,0,0,0.42333333333333334,0.5766666666666667,Medium Risk
C02,9,76.9,6,2,3,1,1,0.86,0.14,Low Risk
C02,2,30.7,4,3,1,0,1,0.7233333333333334,0.2766666666666666,Low Risk
C05,5,73.4,6,3,3,1,0,0.3566666666666667,0.6433333333333333,Medium Risk
C08,6,56.0,4,7,4,0,1,0.8966666666666666,0.10333333333333339,Low Risk
C10,6,43.1,4,4,1,1,1,0.61,0.39,Low Risk
C09,7,84.0,8,1,5,1,1,0.9766666666666667,0.023333333333333317,Low Risk
C09,1,38.8,0,3,1,0,0,0.29333333333333333,0.7066666666666667,High Risk
C01,0,18.2,0,2,1,0,0,0.17666666666666667,0.8233333333333334,High Risk
C07,4,100.0,5,4,9,1,1,0.9866666666666667,0.013333333333333308,Low Risk
C04,5,34.6,2,5,3,1,1,0.6233333333333333,0.3766666666666667,Low Risk
C02,3,69.7,7,3,1,1,1,0.7333333333333333,0.2666666666666667,Low Risk
C10,1,55.2,2,1,0,0,0,0.36666666666666664,0.6333333333333333,Medium Risk
C08,5,58.6,5,0,0,0,1,0.7966666666666666,0.20333333333333337,Low Risk
C10,3,10.7,2,0,0,0,0,0.056666666666666664,0.9433333333333334,High Risk
C03,12,63.5,3,1,5,1,1,0.9333333333333333,0.06666666666666665,Low Risk
C03,3,63.8,2,1,2,1,1,0.5066666666666667,0.4933333333333333,Medium Risk
C01,6,78.5,3,2,0,1,1,0.8033333333333333,0.19666666666666666,Low Risk
C05,3,26.8,1,1,0,0,0,0.13333333333333333,0.8666666666666667,High Risk
C03,5,68.3,6,5,4,1,1,0.9333333333333333,0.06666666666666665,Low Risk
C03,1,77.2,3,5,4,1,1,0.8433333333333334,0.15666666666666662,Low Risk
C08,9,72.1,6,4,11,1,1,0.9833333333333333,0.01666666666666672,Low Risk
C06,7,61.9,1,3,1,1,1,0.5033333333333333,0.4966666666666667,Medium Risk
C06,4,58.2,1,2,3,1,1,0.61,0.39,Low Risk
C05,5,54.8,4,1,3,0,1,0.7333333333333333,0.2666666666666667,Low Risk
C05,6,100.0,6,0,7,1,1,0.95,0.050000000000000044,Low Risk
C02,3,39.0,0,2,0,1,0,0.42333333333333334,0.5766666666666667,Medium Risk
C08,6,86.7,5,6,2,1,1,0.9933333333333333,0.00666666666666671,Low Risk
C03,5,72.8,5,6,6,1,1,0.8366666666666667,0.16333333333333333,Low Risk
C08,0,20.2,2,0,0,0,0,0.24333333333333335,0.7566666666666666,High Risk
C10,7,40.3,0,1,0,0,0,0.35118958333333333,0.6488104166666666,Medium Risk
C01,9,80.1,3,1,3,0,1,0.9566666666666667,0.043333333333333335,Low Risk
C01,7,77.9,1,2,5,1,1,0.6533333333333333,0.3466666666666667,Low Risk
C08,3,72.9,1,1,4,1,1,0.6566666666666666,0.3433333333333334,Low Risk
C03,11,70.5,3,1,3,1,1,0.89,0.10999999999999999,Low Risk
C01,5,49.4,0,4,0,1,1,0.6366666666666667,0.3633333333333333,Low Risk
C06,1,57.6,3,1,6,0,1,0.68,0.31999999999999995,Low Risk
C07,3,48.5,2,3,1,1,0,0.2966666666666667,0.7033333333333334,High Risk
C03,5,53.9,4,1,2,0,1,0.6,0.4,Medium Risk
C07,4,48.0,6,2,3,0,1,0.56,0.43999999999999995,Medium Risk
C01,3,68.3,8,4,4,1,1,0.8066666666666666,0.19333333333333336,Low Risk
C03,4,26.6,1,1,0,0,0,0.17666666666666667,0.8233333333333334,High Risk
C03,5,77.5,2,5,2,1,1,0.93,0.06999999999999995,Low Risk
C08,3,45.9,3,2,0,0,0,0.49,0.51,Medium Risk
C10,3,36.4,2,1,0,0,0,0.15666666666666668,0.8433333333333333,High Risk
C10,3,39.8,7,2,0,1,1,0.53,0.47,Medium Risk
C06,3,39.0,2,0,3,0,0,0.2966666666666667,0.7033333333333334,High Risk
C09,6,59.4,2,3,3,1,1,0.67,0.32999999999999996,Low Risk
C07,3,57.3,4,3,2,1,1,0.6266666666666667,0.3733333333333333,Low Risk
C10,4,32.3,1,3,2,0,0,0.25,0.75,High Risk
C01,4,36.6,3,0,1,0,0,0.5,0.5,Medium Risk
C07,9,100.0,5,4,2,1,1,0.9366666666666666,0.06333333333333335,Low Risk
C03,9,75.5,1,3,3,0,1,0.84,0.16000000000000003,Low Risk
C08,1,61.8,5,3,3,1,1,0.5766666666666667,0.42333333333333334,Medium Risk
C04,4,58.2,2,1,1,0,1,0.6166666666666667,0.3833333333333333,Low Risk
C05,3,42.5,1,2,2,0,0,0.22666666666666666,0.7733333333333333,High Risk
C01,4,49.7,3,2,1,1,0,0.32666666666666666,0.6733333333333333,Medium Risk
C05,8,61.7,2,2,2,1,1,0.6733333333333333,0.32666666666666666,Low Risk
C04,11,55.3,4,5,5,1,1,0.95,0.050000000000000044,Low Risk
C10,10,72.6,4,3,3,1,1,0.99,0.010000000000000009,Low Risk
C07,3,38.3,2,0,2,1,0,0.09,0.91,High Risk
C06,10,42.2,3,2,1,1,1,0.8433333333333334,0.15666666666666662,Low Risk
C04,1,59.9,0,2,3,1,1,0.52,0.48,Medium Risk
C03,4,43.6,7,2,3,1,0,0.4666666666666667,0.5333333333333333,Medium Risk
C04,3,42.8,3,3,3,0,1,0.5833333333333334,0.41666666666666663,Medium Risk
C07,7,77.8,3,4,3,1,1,0.9133333333333333,0.08666666666666667,Low Risk
C06,5,66.9,5,5,2,1,1,0.7466666666666667,0.2533333333333333,Low Risk
C03,9,55.1,8,7,3,1,1,0.9466666666666667,0.053333333333333344,Low Risk
C08,4,69.3,3,3,4,1,1,0.8433333333333334,0.15666666666666662,Low Risk
C02,5,66.3,2,4,4,1,1,0.7466666666666667,0.2533333333333333,Low Risk
C05,9,86.8,1,2,2,1,1,0.8366666666666667,0.16333333333333333,Low Risk
C08,3,65.0,3,0,3,0,1,0.5266666666666666,0.4733333333333334,Medium Risk
C10,13,83.5,9,4,5,1,1,0.9633333333333334,0.036666666666666625,Low Risk
C06,5,60.5,5,1,2,1,1,0.5266666666666666,0.4733333333333334,Medium Risk
C07,3,23.2,0,1,0,0,0,0.14666666666666667,0.8533333333333333,High Risk
C03,7,81.2,4,1,4,1,1,0.91,0.08999999999999997,Low Risk
C02,7,74.9,5,5,7,1,1,0.8333333333333334,0.16666666666666663,Low Risk
C07,4,47.4,3,7,2,1,1,0.7466666666666667,0.2533333333333333,Low Risk
C07,3,20.4,0,0,0,0,0,0.11,0.89,High Risk
C02,12,68.6,5,2,3,1,1,0.95,0.050000000000000044,Low Risk
C05,7,67.5,0,6,3,1,1,0.8666666666666667,0.1333333333333333,Low Risk
C08,2,93.1,1,5,5,1,1,0.8433333333333334,0.15666666666666662,Low Risk
C09,6,81.1,4,2,4,1,1,0.92,0.07999999999999996,Low Risk
C05,3,37.3,3,2,3,0,0,0.35,0.65,Medium Risk
C07,3,79.2,5,3,3,0,1,0.7466666666666667,0.2533333333333333,Low Risk
C01,13,69.7,3,3,2,1,1,0.9566666666666667,0.043333333333333335,Low Risk
C04,5,71.9,3,7,7,1,1,0.9266666666666666,0.07333333333333336,Low Risk
C08,8,80.6,2,2,4,0,1,0.9473906428299733,0.05260935717002668,Low Risk
C03,11,48.8,5,2,1,1,1,0.9133333333333333,0.08666666666666667,Low Risk
C06,1,22.8,0,1,2,0,0,0.06,0.94,High Risk
C02,9,94.8,8,2,6,1,1,0.98,0.020000000000000018,Low Risk
C02,6,66.0,2,6,4,1,1,0.7433333333333333,0.2566666666666667,Low Risk
C02,3,16.9,1,1,1,0,0,0.34,0.6599999999999999,Medium Risk
C09,9,78.8,7,4,2,0,1,0.9866666666666667,0.013333333333333308,Low Risk
C05,3,31.9,1,1,2,1,0,0.28,0.72,High Risk
C08,6,67.5,4,1,3,0,1,0.56,0.43999999999999995,Medium Risk
C08,2,48.4,2,1,4,1,0,0.32666666666666666,0.6733333333333333,Medium Risk
C03,5,27.7,2,1,3,0,0,0.31,0.69,Medium Risk
C10,3,24.8,3,0,1,0,0,0.09,0.91,High Risk
C10,11,31.8,1,4,2,1,1,0.7766666666666666,0.22333333333333338,Low Risk
C07,7,49.5,6,1,3,0,1,0.8933333333333333,0.10666666666666669,Low Risk
C05,10,69.0,5,5,4,1,1,1.0,0.0,Low Risk
C04,5,85.2,3,6,1,1,1,0.9133333333333333,0.08666666666666667,Low Risk
C05,3,82.9,3,2,3,1,1,0.7166666666666667,0.2833333333333333,Low Risk
C01,5,28.0,1,1,4,1,0,0.22,0.78,High Risk
C08,6,100.0,3,3,5,1,1,0.94,0.06000000000000005,Low Risk
C07,4,37.6,4,6,6,0,1,0.8233333333333334,0.17666666666666664,Low Risk
C08,8,72.9,5,5,4,1,1,0.9966666666666667,0.0033333333333332993,Low Risk
C01,6,42.6,1,1,1,0,1,0.5833333333333334,0.41666666666666663,Medium Risk
C08,7,77.4,3,4,3,0,1,0.89,0.10999999999999999,Low Risk
C10,7,60.6,3,0,1,1,1,0.5866666666666667,0.41333333333333333,Medium Risk
C02,5,30.6,1,3,0,0,0,0.4775318312677471,0.5224681687322529,Medium Risk
C10,3,38.6,3,3,2,1,0,0.4666666666666667,0.5333333333333333,Medium Risk
C10,6,53.1,5,3,2,1,1,0.8333333333333334,0.16666666666666663,Low Risk
C09,3,33.0,2,2,1,0,0,0.13,0.87,High Risk
C04,6,80.5,5,2,4,1,1,0.9,0.09999999999999998,Low Risk
C02,5,50.1,0,2,0,0,1,0.5466666666666666,0.45333333333333337,Medium Risk
C01,7,65.3,6,3,4,0,1,0.8033333333333333,0.19666666666666666,Low Risk
C10,13,100.0,3,7,2,1,1,0.8766666666666667,0.1233333333333333,Low Risk
C03,2,40.8,0,0,2,0,0,0.3333333333333333,0.6666666666666667,Medium Risk
C02,7,76.9,1,5,2,1,1,0.96,0.040000000000000036,Low Risk
C06,2,39.1,0,2,2,1,0,0.3233333333333333,0.6766666666666667,Medium Risk
C09,11,66.0,3,0,2,0,1,0.66,0.33999999999999997,Low Risk
C10,4,76.5,1,1,1,0,1,0.7433333333333333,0.2566666666666667,Low Risk
C01,4,61.5,4,1,8,1,1,0.8533333333333334,0.1466666666666666,Low Risk
C09,3,47.4,5,3,3,0,1,0.72,0.28,Low Risk
C05,7,60.7,5,4,3,1,1,0.9533333333333334,0.046666666666666634,Low Risk
C06,3,18.8,0,0,0,0,0,0.46,0.54,Medium Risk
C05,3,27.7,2,0,1,0,0,0.10666666666666667,0.8933333333333333,High Risk
C10,4,62.2,4,0,3,0,1,0.7466666666666667,0.2533333333333333,Low Risk
C05,4,38.7,5,4,1,0,0,0.47333333333333333,0.5266666666666666,Medium Risk
C09,11,71.0,3,3,3,1,1,0.96,0.040000000000000036,Low Risk
C05,6,80.8,0,7,6,1,1,0.87,0.13,Low Risk
C08,7,76.5,5,4,4,1,1,0.9833333333333333,0.01666666666666672,Low Risk
C07,5,76.0,6,5,7,1,1,0.9666666666666667,0.033333333333333326,Low Risk
C07,7,37.7,3,0,3,1,1,0.6566666666666666,0.3433333333333334,Low Risk
C02,10,64.7,6,3,2,1,1,0.95,0.050000000000000044,Low Risk
C10,10,100.0,3,5,5,1,1,0.9066666666666666,0.09333333333333338,Low Risk
C08,4,27.0,1,0,1,1,0,0.19666666666666666,0.8033333333333333,High Risk
C03,6,77.7,3,2,3,1,1,0.5933333333333334,0.4066666666666666,Medium Risk
C09,6,63.0,2,4,6,1,1,0.7,0.30000000000000004,Low Risk
C07,7,60.7,3,1,2,0,1,0.9133333333333333,0.08666666666666667,Low Risk
C02,3,38.8,3,0,1,1,0,0.2833333333333333,0.7166666666666667,High Risk
C06,6,42.4,2,3,2,1,1,0.6466666666666666,0.3533333333333334,Low Risk
C03,6,72.7,7,2,2,1,1,0.7966666666666666,0.20333333333333337,Low Risk
C03,5,43.8,3,4,3,1,1,0.6833333333333333,0.31666666666666665,Low Risk
C03,5,59.4,4,2,3,1,1,0.68,0.31999999999999995,Low Risk
C02,9,42.0,3,2,4,1,1,0.7493704372182445,0.2506295627817555,Low Risk
C10,4,70.3,9,3,3,1,1,0.9133333333333333,0.08666666666666667,Low Risk
C08,5,38.5,1,3,2,1,1,0.5866666666666667,0.41333333333333333,Medium Risk
C07,10,96.6,4,3,3,1,1,0.9566666666666667,0.043333333333333335,Low Risk
C07,8,34.1,0,1,3,1,1,0.6,0.4,Medium Risk
C02,6,57.8,0,3,4,1,1,0.73,0.27,Low Risk
C08,11,92.5,2,4,7,1,1,0.9866666666666667,0.013333333333333308,Low Risk
C05,5,76.1,5,4,4,1,1,0.84,0.16000000000000003,Low Risk
C02,7,64.3,3,3,3,1,1,0.8707239761633067,0.12927602383669334,Low Risk
C02,5,62.2,2,2,1,0,1,0.8233333333333334,0.17666666666666664,Low Risk
C07,3,36.3,2,2,0,1,0,0.25666666666666665,0.7433333333333334,High Risk
C10,6,54.3,2,3,2,1,1,0.84,0.16000000000000003,Low Risk
C06,3,29.2,2,0,3,1,0,0.24333333333333335,0.7566666666666666,High Risk
C06,7,62.3,2,5,4,1,1,0.8433333333333334,0.15666666666666662,Low Risk
C01,5,73.1,0,2,3,1,1,0.8033333333333333,0.19666666666666666,Low Risk
C09,6,35.0,1,1,0,1,0,0.23361551766740793,0.766384482332592,High Risk
C04,5,63.8,5,2,1,1,1,0.7133333333333334,0.2866666666666666,Low Risk
C02,2,30.8,2,0,2,0,0,0.06333333333333334,0.9366666666666666,High Risk
C07,3,54.2,0,0,1,0,0,0.22,0.78,High Risk
C06,4,25.7,1,0,3,0,0,0.19333333333333333,0.8066666666666666,High Risk
C07,9,70.6,7,3,2,1,1,0.9166666666666666,0.08333333333333337,Low Risk
C05,10,76.5,6,3,3,1,1,0.96,0.040000000000000036,Low Risk
C05,6,63.5,5,4,4,1,1,0.97,0.030000000000000027,Low Risk
C10,9,62.5,2,5,1,1,1,0.8166666666666667,0.18333333333333335,Low Risk
C01,6,67.2,10,3,5,1,1,0.6766666666666666,0.32333333333333336,Low Risk
C05,2,18.3,0,1,1,0,0,0.16,0.84,High Risk
C02,9,66.2,4,4,6,1,1,0.8933333333333333,0.10666666666666669,Low Risk
C02,9,54.4,1,2,4,1,1,0.85785625,0.14214375,Low Risk
C08,1,23.2,5,0,1,0,0,0.21,0.79,High Risk
C08,7,83.4,3,6,1,1,1,0.74,0.26,Low Risk
C04,2,34.1,2,3,1,1,0,0.37,0.63,Medium Risk
C09,3,39.0,4,1,1,0,0,0.3233333333333333,0.6766666666666667,Medium Risk
C02,8,50.1,4,1,1,0,1,0.72,0.28,Low Risk
C05,4,57.0,4,3,4,1,1,0.73,0.27,Low Risk
C08,3,42.0,1,3,1,0,1,0.6,0.4,Medium Risk
C04,7,53.9,3,2,7,1,1,0.6333333333333333,0.3666666666666667,Low Risk
C09,0,16.5,0,1,1,0,0,0.18333333333333332,0.8166666666666667,High Risk
C01,4,51.0,4,4,2,0,1,0.7066666666666667,0.29333333333333333,Low Risk
C08,6,53.4,4,4,2,1,1,0.8366666666666667,0.16333333333333333,Low Risk
C02,7,80.4,7,6,4,1,1,0.9733333333333334,0.026666666666666616,Low Risk
C02,6,23.3,0,3,0,1,1,0.5766666666666667,0.42333333333333334,Medium Risk
C06,5,56.1,4,2,0,0,1,0.54,0.45999999999999996,Medium Risk
C05,8,53.0,4,0,2,1,1,0.62,0.38,Low Risk
C04,10,79.8,5,2,4,1,1,0.9666666666666667,0.033333333333333326,Low Risk
C04,10,67.4,7,3,3,1,1,0.9366666666666666,0.06333333333333335,Low Risk
C04,4,41.8,3,2,2,1,0,0.36,0.64,Medium Risk
C05,7,75.1,4,1,5,1,1,0.9466666666666667,0.053333333333333344,Low Risk
C07,9,52.8,3,4,2,1,1,0.93,0.06999999999999995,Low Risk
C05,7,52.1,1,2,3,1,1,0.8066666666666666,0.19333333333333336,Low Risk
C05,4,61.1,5,6,2,1,1,0.9033333333333333,0.09666666666666668,Low Risk
C02,3,60.1,1,0,4,0,1,0.5966666666666667,0.4033333333333333,Medium Risk
C04,5,84.5,0,2,3,1,1,0.76,0.24,Low Risk
C02,2,51.5,5,2,1,1,0,0.45666666666666667,0.5433333333333333,Medium Risk
C01,8,63.9,5,5,4,1,1,0.9233333333333333,0.07666666666666666,Low Risk
C09,7,60.9,3,3,3,1,1,0.8366666666666667,0.16333333333333333,Low Risk
C07,4,50.6,3,4,4,1,1,0.8,0.19999999999999996,Low Risk
C10,10,84.6,5,5,8,1,1,0.9733333333333334,0.026666666666666616,Low Risk
C02,4,68.7,1,5,0,1,1,0.7166666666666667,0.2833333333333333,Low Risk
C07,6,88.5,4,1,5,1,1,0.93,0.06999999999999995,Low Risk
C09,10,80.9,8,1,4,1,1,0.98,0.020000000000000018,Low Risk
C08,6,89.2,4,6,5,1,1,0.9866666666666667,0.013333333333333308,Low Risk
C06,3,35.8,1,1,0,0,0,0.3933333333333333,0.6066666666666667,Medium Risk
C08,0,22.3,1,2,1,1,0,0.22666666666666666,0.7733333333333333,High Risk
C05,8,48.4,4,4,2,1,1,0.92,0.07999999999999996,Low Risk
C06,14,54.7,2,7,2,1,1,0.8666666666666667,0.1333333333333333,Low Risk
C05,4,45.1,2,1,3,0,1,0.7866666666666666,0.21333333333333337,Low Risk
C05,5,69.1,3,3,6,1,1,0.9,0.09999999999999998,Low Risk
C04,14,89.6,3,3,4,1,1,0.9766666666666667,0.023333333333333317,Low Risk
C01,14,82.4,8,3,1,1,1,0.9833333333333333,0.01666666666666672,Low Risk
C03,6,59.7,4,2,4,1,1,0.74,0.26,Low Risk
C10,5,69.7,7,3,2,1,1,0.92,0.07999999999999996,Low Risk
C06,1,66.2,4,5,0,0,1,0.6233333333333333,0.3766666666666667,Low Risk
C01,6,63.1,3,1,4,1,1,0.74,0.26,Low Risk
C04,8,44.3,3,3,3,1,1,0.78,0.21999999999999997,Low Risk
C01,3,34.4,0,2,1,0,0,0.22666666666666666,0.7733333333333333,High Risk
C03,5,82.5,4,6,6,1,1,0.9833333333333333,0.01666666666666672,Low Risk
C06,0,61.4,4,2,2,0,1,0.7133333333333334,0.2866666666666666,Low Risk
C02,5,59.9,2,1,4,0,1,0.8066666666666666,0.19333333333333336,Low Risk
C05,4,64.1,1,4,1,1,1,0.85,0.15000000000000002,Low Risk
C10,3,57.9,2,3,3,1,1,0.7533333333333333,0.2466666666666667,Low Risk
C04,8,78.3,4,3,3,1,1,0.9266666666666666,0.07333333333333336,Low Risk
C05,4,45.4,1,1,3,1,1,0.51,0.49,Medium Risk
C04,8,34.8,2,5,2,0,1,0.69,0.31000000000000005,Low Risk
C07,6,59.9,2,3,2,0,1,0.6766666666666666,0.32333333333333336,Low Risk
C07,6,74.3,3,4,5,1,1,0.93,0.06999999999999995,Low Risk
C03,3,62.3,4,3,1,0,1,0.8033333333333333,0.19666666666666666,Low Risk
C02,8,72.3,5,1,1,1,1,0.8533333333333334,0.1466666666666666,Low Risk
C05,1,8.0,1,2,0,0,1,0.7266666666666667,0.2733333333333333,Low Risk
C04,6,60.5,2,2,3,1,1,0.71,0.29000000000000004,Low Risk
C04,0,29.4,1,1,0,0,0,0.10666666666666667,0.8933333333333333,High Risk
C02,2,54.3,5,0,2,1,0,0.37333333333333335,0.6266666666666667,Medium Risk
C08,4,41.1,2,1,4,0,1,0.61,0.39,Low Risk
C04,5,100.0,4,2,7,1,1,0.8066666666666666,0.19333333333333336,Low Risk
C03,6,30.6,5,1,4,1,1,0.57,0.43000000000000005,Medium Risk
C06,8,53.1,3,0,1,1,1,0.54,0.45999999999999996,Medium Risk
C07,7,53.0,2,1,1,1,1,0.7466666666666667,0.2533333333333333,Low Risk
C02,2,19.5,3,2,0,0,0,0.2866666666666667,0.7133333333333334,High Risk
C02,6,52.3,2,6,2,1,1,0.7533333333333333,0.2466666666666667,Low Risk
C01,6,70.7,2,2,1,1,1,0.9133333333333333,0.08666666666666667,Low Risk
C05,1,20.8,0,1,3,0,0,0.5,0.5,Medium Risk
C10,6,100.0,4,5,3,1,1,0.8433333333333334,0.15666666666666662,Low Risk
C04,4,72.5,6,2,3,1,1,0.8566666666666667,0.1433333333333333,Low Risk
C10,7,55.2,2,5,2,1,1,0.7333333333333333,0.2666666666666667,Low Risk
C10,7,32.3,4,1,3,1,0,0.42,0.5800000000000001,Medium Risk
C07,7,57.1,5,2,4,1,1,0.9033333333333333,0.09666666666666668,Low Risk
C07,8,60.8,3,0,2,0,1,0.7833333333333333,0.21666666666666667,Low Risk
C03,0,32.3,2,1,1,0,0,0.17666666666666667,0.8233333333333334,High Risk
C10,9,100.0,3,5,1,1,1,0.87,0.13,Low Risk
C09,5,40.0,0,5,1,1,1,0.63,0.37,Low Risk
C10,2,50.5,3,2,2,0,0,0.37,0.63,Medium Risk
C04,6,53.5,2,3,6,1,1,0.78,0.21999999999999997,Low Risk
C02,5,79.3,2,1,4,1,1,0.89,0.10999999999999999,Low Risk
C01,3,93.1,1,5,8,1,1,0.8966666666666666,0.10333333333333339,Low Risk
C06,7,34.7,2,3,3,0,1,0.5466666666666666,0.45333333333333337,Medium Risk
C10,5,38.7,1,2,3,0,1,0.6333333333333333,0.3666666666666667,Low Risk
C02,7,35.6,1,4,1,1,1,0.6433333333333333,0.3566666666666667,Low Risk
C09,8,65.0,2,4,2,1,1,0.8066666666666666,0.19333333333333336,Low Risk
C04,2,56.9,2,0,3,1,0,0.46,0.54,Medium Risk
C08,15,87.5,2,2,1,1,1,0.7566666666666667,0.2433333333333333,Low Risk
C08,8,62.6,4,2,6,1,1,0.8733333333333333,0.1266666666666667,Low Risk
C02,2,38.9,4,4,0,0,1,0.5133333333333333,0.4866666666666667,Medium Risk
C07,9,68.8,2,1,2,0,1,0.7633333333333333,0.2366666666666667,Low Risk
C09,10,95.7,9,3,2,1,1,0.98,0.020000000000000018,Low Risk
C04,8,87.0,3,3,1,1,1,0.9466666666666667,0.053333333333333344,Low Risk
C03,6,64.5,6,4,3,1,1,0.88,0.12,Low Risk
C01,12,76.0,5,3,3,1,1,0.9933333333333333,0.00666666666666671,Low Risk
C03,3,43.0,7,1,1,1,0,0.31,0.69,Medium Risk
C04,5,15.6,0,1,1,0,0,0.27666666666666667,0.7233333333333334,High Risk
C10,7,73.3,5,1,5,1,1,0.7466666666666667,0.2533333333333333,Low Risk
C04,3,50.7,7,5,3,1,1,0.67,0.32999999999999996,Low Risk
C03,4,52.2,3,3,3,1,1,0.8,0.19999999999999996,Low Risk
C04,5,65.5,4,3,2,1,1,0.56,0.43999999999999995,Medium Risk
C09,0,34.6,2,3,2,0,0,0.33666666666666667,0.6633333333333333,Medium Risk
C03,7,58.9,1,4,5,1,1,0.8433333333333334,0.15666666666666662,Low Risk
C03,3,92.1,5,3,2,1,1,0.9,0.09999999999999998,Low Risk
C09,3,61.9,2,4,1,0,1,0.58,0.42000000000000004,Medium Risk
C08,4,60.9,2,3,2,1,1,0.72,0.28,Low Risk
C09,4,37.5,5,1,0,1,0,0.3233333333333333,0.6766666666666667,Medium Risk
C02,7,42.9,2,2,1,0,0,0.3670727544271389,0.6329272455728612,Medium Risk
C01,8,70.8,2,3,3,1,1,0.8833333333333333,0.1166666666666667,Low Risk
C07,11,55.9,4,5,4,1,1,0.94,0.06000000000000005,Low Risk
C01,7,61.1,8,5,3,1,1,0.9433333333333334,0.05666666666666664,Low Risk
C04,5,43.6,2,0,3,0,0,0.37666666666666665,0.6233333333333333,Medium Risk
C05,5,22.3,2,1,0,1,0,0.29,0.71,High Risk
C01,5,87.4,5,4,4,1,1,0.97,0.030000000000000027,Low Risk
C10,4,55.6,1,2,5,1,1,0.6866666666666666,0.31333333333333335,Low Risk
C10,5,99.4,2,6,3,1,1,0.8733333333333333,0.1266666666666667,Low Risk
C06,8,92.3,3,2,2,1,1,0.8633333333333333,0.13666666666666671,Low Risk
C04,7,100.0,3,6,7,1,1,0.9533333333333334,0.046666666666666634,Low Risk
C07,2,56.4,3,7,2,1,1,0.6133333333333333,0.3866666666666667,Low Risk
C05,4,59.5,5,3,3,1,1,0.8533333333333334,0.1466666666666666,Low Risk
C09,4,92.8,9,3,1,1,1,0.9333333333333333,0.06666666666666665,Low Risk
C03,6,74.1,3,1,0,1,1,0.6566666666666666,0.3433333333333334,Low Risk
C05,8,52.3,4,6,5,1,1,0.93,0.06999999999999995,Low Risk
C03,2,43.5,2,0,1,0,0,0.08,0.92,High Risk
C05,4,67.6,4,4,2,1,1,0.9166666666666666,0.08333333333333337,Low Risk
C08,4,28.4,1,0,3,1,0,0.25666666666666665,0.7433333333333334,High Risk
C03,1,31.4,1,1,1,0,0,0.2,0.8,High Risk
C07,4,17.5,2,1,3,1,0,0.20666666666666667,0.7933333333333333,High Risk
C05,7,46.0,1,3,2,0,1,0.7366666666666667,0.2633333333333333,Low Risk
C10,4,25.1,1,0,0,0,0,0.15666666666666668,0.8433333333333333,High Risk
C02,8,76.7,5,3,2,1,1,0.9466666666666667,0.053333333333333344,Low Risk
C02,3,71.8,2,2,3,1,1,0.7333333333333333,0.2666666666666667,Low Risk
C09,6,62.8,3,6,1,1,1,0.92,0.07999999999999996,Low Risk
C04,2,82.6,3,3,5,1,1,0.8466666666666667,0.15333333333333332,Low Risk
C02,10,83.3,4,4,6,1,1,0.94,0.06000000000000005,Low Risk
C05,0,70.2,1,2,1,0,0,0.41,0.5900000000000001,Medium Risk
C05,7,47.8,3,4,3,0,1,0.9133333333333333,0.08666666666666667,Low Risk
C10,6,77.4,9,4,8,1,1,0.9633333333333334,0.036666666666666625,Low Risk
C10,3,43.7,3,3,3,1,1,0.5466666666666666,0.45333333333333337,Medium Risk
C04,8,29.9,3,0,0,1,0,0.2833333333333333,0.7166666666666667,High Risk
C04,2,33.6,2,1,0,0,0,0.09333333333333334,0.9066666666666666,High Risk
C10,4,18.4,2,3,1,0,0,0.23333333333333334,0.7666666666666666,High Risk
C10,12,67.3,3,2,2,1,1,0.9,0.09999999999999998,Low Risk
C04,7,42.8,10,2,3,1,1,0.63,0.37,Low Risk
C04,7,46.8,2,4,1,1,1,0.7366666666666667,0.2633333333333333,Low Risk
C02,2,26.4,2,4,2,0,0,0.3233333333333333,0.6766666666666667,Medium Risk
C01,4,84.3,2,2,4,1,1,0.7366666666666667,0.2633333333333333,Low Risk
C02,3,72.2,5,0,2,0,1,0.7533333333333333,0.2466666666666667,Low Risk
C06,3,71.5,0,1,1,1,1,0.5166666666666667,0.4833333333333333,Medium Risk
C05,4,33.6,5,6,1,0,0,0.4866666666666667,0.5133333333333333,Medium Risk
C05,5,25.8,1,1,2,0,0,0.42,0.5800000000000001,Medium Risk
C08,6,95.3,6,3,4,1,1,0.9833333333333333,0.01666666666666672,Low Risk
C03,5,50.8,2,1,4,1,1,0.5133333333333333,0.4866666666666667,Medium Risk
C07,5,53.0,2,2,2,1,1,0.55,0.44999999999999996,Medium Risk
C09,6,67.7,8,2,1,1,1,0.75,0.25,Low Risk
C01,4,56.5,6,2,5,1,1,0.7633333333333333,0.2366666666666667,Low Risk
C02,10,79.3,7,3,3,1,1,0.95,0.050000000000000044,Low Risk
C09,3,48.9,1,1,3,1,0,0.33,0.6699999999999999,Medium Risk
C09,7,18.6,3,1,2,1,0,0.49666666666666665,0.5033333333333334,Medium Risk
C07,6,62.0,3,3,3,0,1,0.9433333333333334,0.05666666666666664,Low Risk
C02,4,27.4,0,3,3,0,0,0.15666666666666668,0.8433333333333333,High Risk
C03,14,87.3,4,2,8,1,1,0.9766666666666667,0.023333333333333317,Low Risk
C02,10,82.5,3,4,5,1,1,0.96,0.040000000000000036,Low Risk
C02,4,27.8,0,1,1,0,1,0.6066666666666667,0.3933333333333333,Low Risk
C08,2,14.9,2,1,0,1,0,0.21333333333333335,0.7866666666666666,High Risk
C09,2,34.4,3,1,2,0,0,0.12666666666666668,0.8733333333333333,High Risk
C08,2,33.1,2,1,0,0,0,0.09333333333333334,0.9066666666666666,High Risk
C06,7,29.7,3,1,5,1,1,0.6066666666666667,0.3933333333333333,Low Risk
C09,7,78.4,6,3,0,1,1,0.8166666666666667,0.18333333333333335,Low Risk
C10,4,57.4,1,2,4,1,1,0.7633333333333333,0.2366666666666667,Low Risk
C03,4,95.0,1,5,4,1,1,0.7466666666666667,0.2533333333333333,Low Risk
C05,1,34.9,2,2,2,1,0,0.13333333333333333,0.8666666666666667,High Risk
C05,3,54.8,4,1,5,1,1,0.6,0.4,Medium Risk
C03,2,18.6,1,0,0,0,0,0.06666666666666667,0.9333333333333333,High Risk
C04,6,46.7,1,2,2,1,1,0.6033333333333334,0.3966666666666666,Low Risk
C06,6,99.0,5,1,5,1,1,0.9533333333333334,0.046666666666666634,Low Risk
C03,2,32.5,1,0,3,0,0,0.30666666666666664,0.6933333333333334,Medium Risk
C09,6,32.3,5,6,2,1,1,0.71,0.29000000000000004,Low Risk
C06,7,59.4,4,5,1,0,1,0.76,0.24,Low Risk
C07,6,46.9,1,1,0,0,0,0.47333333333333333,0.5266666666666666,Medium Risk
C06,6,49.6,3,5,1,0,1,0.6733333333333333,0.32666666666666666,Low Risk
C01,7,33.9,5,4,2,1,1,0.8133333333333334,0.18666666666666665,Low Risk
C06,5,63.6,3,2,6,1,1,0.7533333333333333,0.2466666666666667,Low Risk
C10,4,44.8,4,3,3,1,1,0.5666666666666667,0.43333333333333335,Medium Risk
C08,5,82.7,2,8,5,1,1,0.96,0.040000000000000036,Low Risk
C07,4,49.2,1,6,1,0,1,0.6033333333333334,0.3966666666666666,Low Risk
C03,12,96.9,6,1,3,1,1,0.97,0.030000000000000027,Low Risk
C05,4,50.6,2,4,1,0,1,0.6266666666666667,0.3733333333333333,Low Risk
C05,4,57.7,3,2,4,1,1,0.6266666666666667,0.3733333333333333,Low Risk
C03,6,51.8,2,3,1,1,1,0.5866666666666667,0.41333333333333333,Medium Risk
C02,8,80.3,5,5,3,1,1,0.96,0.040000000000000036,Low Risk
C01,3,20.9,0,2,2,0,1,0.69,0.31000000000000005,Low Risk
C09,11,74.7,7,3,5,1,1,0.94,0.06000000000000005,Low Risk
C04,7,43.5,1,1,1,0,1,0.5289646845759131,0.47103531542408694,Medium Risk
C09,5,43.3,1,2,2,1,0,0.36333333333333334,0.6366666666666667,Medium Risk
C01,9,58.5,3,7,3,1,1,0.9633333333333334,0.036666666666666625,Low Risk
C10,5,50.9,2,3,2,1,1,0.84,0.16000000000000003,Low Risk
C03,7,69.9,4,2,2,0,1,0.78,0.21999999999999997,Low Risk
C06,2,51.0,7,6,2,1,1,0.67,0.32999999999999996,Low Risk
C08,4,70.5,3,1,1,1,1,0.7266666666666667,0.2733333333333333,Low Risk
C07,3,52.1,4,2,0,0,1,0.5633333333333334,0.43666666666666665,Medium Risk
C03,3,50.9,5,1,3,0,1,0.51,0.49,Medium Risk
C09,2,65.1,5,2,3,1,1,0.72,0.28,Low Risk
C08,1,25.0,0,1,2,1,0,0.13333333333333333,0.8666666666666667,High Risk
C04,8,98.2,6,4,2,1,1,0.9233333333333333,0.07666666666666666,Low Risk
C07,2,16.4,2,1,1,1,0,0.17666666666666667,0.8233333333333334,High Risk
C03,6,47.1,4,2,2,1,1,0.85,0.15000000000000002,Low Risk
C05,5,34.7,3,3,1,1,0,0.31333333333333335,0.6866666666666666,Medium Risk
C03,6,56.6,8,3,5,1,1,0.7833333333333333,0.21666666666666667,Low Risk
C01,1,60.6,4,1,0,1,1,0.5333333333333333,0.4666666666666667,Medium Risk
C09,8,74.0,0,3,1,1,1,0.6733333333333333,0.32666666666666666,Low Risk
C09,5,65.3,0,3,0,1,1,0.79,0.20999999999999996,Low Risk
C03,8,58.7,3,4,0,1,1,0.7633333333333333,0.2366666666666667,Low Risk
C03,5,19.5,0,2,0,0,0,0.10333333333333333,0.8966666666666667,High Risk
C07,5,7.8,0,0,0,0,0,0.1,0.9,High Risk
C01,0,19.2,1,0,1,0,0,0.056666666666666664,0.9433333333333334,High Risk
C09,5,84.9,1,1,4,0,1,0.8033333333333333,0.19666666666666666,Low Risk
C03,7,53.4,5,5,1,1,1,0.9133333333333333,0.08666666666666667,Low Risk
C03,6,66.9,6,3,5,1,1,0.8633333333333333,0.13666666666666671,Low Risk
C02,5,31.5,1,0,2,1,0,0.3407239761633067,0.6592760238366933,Medium Risk
C10,4,43.4,3,3,3,0,1,0.54,0.45999999999999996,Medium Risk
C02,6,58.2,3,2,2,1,1,0.94,0.06000000000000005,Low Risk
C01,7,54.0,5,2,1,1,1,0.8266666666666667,0.17333333333333334,Low Risk
C10,2,16.1,0,0,2,0,0,0.18666666666666668,0.8133333333333334,High Risk
C05,4,50.2,3,1,2,0,0,0.2966666666666667,0.7033333333333334,High Risk
C05,8,65.8,4,7,6,1,1,0.9866666666666667,0.013333333333333308,Low Risk
C01,8,78.6,1,3,5,1,1,0.8366666666666667,0.16333333333333333,Low Risk
C07,6,47.4,1,3,6,1,1,0.6766666666666666,0.32333333333333336,Low Risk
C02,6,39.6,4,7,3,1,1,0.8733333333333333,0.1266666666666667,Low Risk
C03,6,75.9,4,3,2,1,1,0.8,0.19999999999999996,Low Risk
C09,7,50.2,1,2,1,0,1,0.72,0.28,Low Risk
C10,8,78.6,4,6,6,1,1,0.9966666666666667,0.0033333333333332993,Low Risk
C09,4,55.4,3,0,2,1,1,0.5266666666666666,0.4733333333333334,Medium Risk
C01,7,32.3,1,2,1,0,1,0.5833333333333334,0.41666666666666663,Medium Risk
C09,8,50.9,1,4,0,1,1,0.7266666666666667,0.2733333333333333,Low Risk
C09,5,54.0,8,1,1,1,1,0.5066666666666667,0.4933333333333333,Medium Risk
C10,9,63.6,5,2,2,1,1,0.9566666666666667,0.043333333333333335,Low Risk
C07,4,57.1,2,3,5,0,1,0.7433333333333333,0.2566666666666667,Low Risk
C07,4,52.0,4,5,1,0,1,0.8333333333333334,0.16666666666666663,Low Risk
C02,5,65.2,3,4,3,1,1,0.6833333333333333,0.31666666666666665,Low Risk
C05,7,60.1,3,6,3,1,1,0.9633333333333334,0.036666666666666625,Low Risk
C08,6,61.6,1,4,4,1,1,0.7266666666666667,0.2733333333333333,Low Risk
C05,5,37.4,5,3,1,0,1,0.54,0.45999999999999996,Medium Risk
C02,7,62.6,2,2,4,1,1,0.79,0.20999999999999996,Low Risk
C01,1,26.6,0,1,0,0,0,0.15333333333333332,0.8466666666666667,High Risk
C07,4,11.0,1,1,0,0,0,0.25666666666666665,0.7433333333333334,High Risk
C04,0,43.5,1,1,1,0,0,0.37,0.63,Medium Risk
C04,0,28.2,1,5,1,0,0,0.39,0.61,Medium Risk
C06,5,53.0,2,1,1,0,0,0.28,0.72,High Risk
C08,3,39.5,1,3,5,1,1,0.6566666666666666,0.3433333333333334,Low Risk
C05,14,71.0,3,2,3,0,1,0.93,0.06999999999999995,Low Risk
C03,4,60.2,0,2,2,0,0,0.38333333333333336,0.6166666666666667,Medium Risk
C01,2,41.4,0,1,1,0,0,0.18,0.8200000000000001,High Risk
C06,7,67.5,6,1,0,1,1,0.72,0.28,Low Risk
C07,1,17.2,1,2,1,0,0,0.41333333333333333,0.5866666666666667,Medium Risk
C06,2,39.4,0,2,1,0,0,0.43,0.5700000000000001,Medium Risk
C03,7,63.0,5,4,3,1,1,0.89,0.10999999999999999,Low Risk
C07,2,57.8,3,3,3,0,1,0.82,0.18000000000000005,Low Risk
C01,9,58.7,5,3,2,1,1,0.9433333333333334,0.05666666666666664,Low Risk
C07,1,48.8,2,0,0,1,0,0.12,0.88,High Risk
C03,7,38.0,2,8,4,1,1,0.7766666666666666,0.22333333333333338,Low Risk
C08,7,72.3,4,3,4,1,1,0.96,0.040000000000000036,Low Risk
C03,5,62.1,1,1,3,0,0,0.4866666666666667,0.5133333333333333,Medium Risk
C05,5,52.2,5,0,1,1,1,0.67,0.32999999999999996,Low Risk
C02,3,53.3,2,3,5,0,1,0.8,0.19999999999999996,Low Risk
C07,4,30.0,2,1,1,0,1,0.54,0.45999999999999996,Medium Risk
C01,2,65.8,1,2,3,0,1,0.65,0.35,Low Risk
C03,5,67.0,4,2,1,1,1,0.5033333333333333,0.4966666666666667,Medium Risk
C02,9,53.0,3,5,1,1,1,0.7866666666666666,0.21333333333333337,Low Risk
C09,8,73.5,8,1,3,1,1,0.9233333333333333,0.07666666666666666,Low Risk
C03,3,68.9,4,3,2,1,1,0.8666666666666667,0.1333333333333333,Low Risk
C06,4,91.3,7,3,4,1,1,0.99,0.010000000000000009,Low Risk
C08,4,58.4,9,3,1,1,1,0.5833333333333334,0.41666666666666663,Medium Risk
C02,1,63.5,2,3,1,1,1,0.6266666666666667,0.3733333333333333,Low Risk
C05,7,61.0,3,4,4,1,1,0.98,0.020000000000000018,Low Risk
C08,7,98.9,6,3,7,1,1,0.9633333333333334,0.036666666666666625,Low Risk
C07,7,29.3,2,4,2,0,1,0.7766666666666666,0.22333333333333338,Low Risk
C09,4,35.3,3,3,3,1,1,0.6866666666666666,0.31333333333333335,Low Risk
C04,4,37.6,4,1,2,1,0,0.49666666666666665,0.5033333333333334,Medium Risk
C03,6,50.7,3,3,0,1,1,0.68,0.31999999999999995,Low Risk
C07,4,60.3,1,4,3,1,1,0.8533333333333334,0.1466666666666666,Low Risk
C08,5,52.7,5,3,2,1,1,0.8866666666666667,0.11333333333333329,Low Risk
C01,6,49.5,4,1,1,1,1,0.85,0.15000000000000002,Low Risk
C05,7,71.7,3,3,3,0,1,0.8633333333333333,0.13666666666666671,Low Risk
C09,3,39.1,2,1,2,1,0,0.24666666666666667,0.7533333333333333,High Risk
C05,3,59.0,8,3,2,1,1,0.7933333333333333,0.20666666666666667,Low Risk
C08,4,74.7,5,3,2,1,1,0.68,0.31999999999999995,Low Risk
C09,3,4.3,2,2,1,0,0,0.25666666666666665,0.7433333333333334,High Risk
C04,11,84.8,3,1,2,1,1,0.8733333333333333,0.1266666666666667,Low Risk
C07,4,38.2,0,2,0,1,0,0.23666666666666666,0.7633333333333333,High Risk
C10,3,51.0,1,0,1,1,0,0.2633333333333333,0.7366666666666667,High Risk
C05,8,57.1,5,2,4,1,1,0.8866666666666667,0.11333333333333329,Low Risk
C05,0,56.0,1,2,5,0,0,0.33666666666666667,0.6633333333333333,Medium Risk
C07,7,68.0,7,3,4,1,1,0.8866666666666667,0.11333333333333329,Low Risk
C02,1,14.4,1,0,0,0,0,0.06333333333333334,0.9366666666666666,High Risk
C09,14,80.0,8,3,1,1,1,0.94,0.06000000000000005,Low Risk
C04,4,51.0,2,3,2,1,1,0.5633333333333334,0.43666666666666665,Medium Risk
C07,12,72.3,5,2,1,1,1,0.9166666666666666,0.08333333333333337,Low Risk
C03,5,27.9,0,2,0,0,0,0.16666666666666666,0.8333333333333334,High Risk
C07,7,88.8,5,4,4,1,1,0.9666666666666667,0.033333333333333326,Low Risk
C02,2,28.6,1,1,0,0,0,0.09485590010496853,0.9051440998950315,High Risk
C10,8,88.7,7,5,6,1,1,0.9866666666666667,0.013333333333333308,Low Risk
C09,8,69.2,5,3,9,1,1,0.85,0.15000000000000002,Low Risk
C08,5,70.8,4,3,1,1,1,0.62,0.38,Low Risk
C02,4,11.1,1,1,0,0,0,0.08268172872978273,0.9173182712702173,High Risk
C06,9,78.8,4,2,0,1,1,0.9466666666666667,0.053333333333333344,Low Risk
C01,12,71.5,2,1,5,0,1,0.88,0.12,Low Risk
C02,4,38.3,0,4,2,0,0,0.45,0.55,Medium Risk
C05,2,60.4,4,2,2,1,1,0.6833333333333333,0.31666666666666665,Low Risk
C04,1,73.3,0,2,5,1,1,0.84,0.16000000000000003,Low Risk
C07,5,58.2,4,3,3,1,1,0.8833333333333333,0.1166666666666667,Low Risk
C01,6,55.1,3,1,2,1,1,0.8066666666666666,0.19333333333333336,Low Risk
C03,9,70.0,4,4,6,1,1,0.99,0.010000000000000009,Low Risk
C08,8,49.9,8,5,0,1,1,0.8333333333333334,0.16666666666666663,Low Risk
C04,10,92.0,8,2,3,1,1,0.9733333333333334,0.026666666666666616,Low Risk
C04,11,70.1,3,4,6,1,1,0.9966666666666667,0.0033333333333332993,Low Risk
C04,6,100.0,3,5,1,1,1,0.9033333333333333,0.09666666666666668,Low Risk
C05,7,36.4,0,3,2,0,1,0.6733333333333333,0.32666666666666666,Low Risk
C07,9,67.5,1,5,3,1,1,0.97,0.030000000000000027,Low Risk
C06,6,19.9,5,1,3,0,0,0.43666666666666665,0.5633333333333334,Medium Risk
C04,4,65.4,1,1,2,0,0,0.4166666666666667,0.5833333333333333,Medium Risk
C01,7,60.8,1,3,1,1,1,0.7933333333333333,0.20666666666666667,Low Risk
C07,4,41.6,4,2,2,0,1,0.7,0.30000000000000004,Low Risk
C10,1,1.5,2,1,2,0,0,0.22666666666666666,0.7733333333333333,High Risk
C05,5,47.4,1,2,2,0,1,0.5466666666666666,0.45333333333333337,Medium Risk
C03,3,34.4,1,2,2,0,0,0.29,0.71,High Risk
C04,4,54.4,3,3,2,0,1,0.66,0.33999999999999997,Low Risk
C08,6,27.3,3,2,0,1,0,0.22666666666666666,0.7733333333333333,High Risk
C09,3,65.1,3,1,2,1,1,0.66,0.33999999999999997,Low Risk
C03,8,86.9,5,5,4,1,1,0.9833333333333333,0.01666666666666672,Low Risk
C06,2,16.0,1,1,2,0,0,0.08333333333333333,0.9166666666666666,High Risk
C02,6,58.1,2,0,0,1,0,0.49666666666666665,0.5033333333333334,Medium Risk
C06,3,41.6,2,1,4,1,0,0.41333333333333333,0.5866666666666667,Medium Risk
C06,2,30.9,1,1,1,0,0,0.17,0.83,High Risk
C02,3,45.1,0,1,1,1,0,0.33,0.6699999999999999,Medium Risk
C10,7,91.8,2,4,2,1,1,0.8333333333333334,0.16666666666666663,Low Risk
C03,4,49.6,2,0,1,0,0,0.31666666666666665,0.6833333333333333,Medium Risk
C09,12,80.8,5,1,4,1,1,0.9566666666666667,0.043333333333333335,Low Risk
C05,7,44.1,3,6,3,1,1,0.8766666666666667,0.1233333333333333,Low Risk
C09,2,38.9,4,2,4,1,1,0.74,0.26,Low Risk
C01,6,79.8,5,3,3,1,1,0.95,0.050000000000000044,Low Risk
C04,4,22.8,2,2,0,0,0,0.38,0.62,Medium Risk
C06,3,62.9,3,3,3,0,1,0.7066666666666667,0.29333333333333333,Low Risk
C02,7,54.7,3,1,3,1,1,0.7333333333333333,0.2666666666666667,Low Risk
C07,10,66.1,2,4,1,1,1,0.9,0.09999999999999998,Low Risk
C05,3,37.5,4,1,1,0,0,0.31666666666666665,0.6833333333333333,Medium Risk
C10,9,87.0,5,2,5,1,1,0.8866666666666667,0.11333333333333329,Low Risk
C04,5,93.5,4,1,1,1,1,0.75,0.25,Low Risk
C05,1,47.1,0,3,0,0,0,0.31,0.69,Medium Risk
C02,7,100.0,6,1,3,1,1,0.62,0.38,Low Risk
C07,6,74.7,4,6,2,1,1,0.9933333333333333,0.00666666666666671,Low Risk
C02,3,59.5,3,3,2,1,1,0.7266666666666667,0.2733333333333333,Low Risk
C05,9,67.6,2,1,5,1,1,0.86,0.14,Low Risk
C03,4,28.1,2,2,0,0,0,0.25666666666666665,0.7433333333333334,High Risk
C05,5,50.2,3,2,4,1,1,0.7566666666666667,0.2433333333333333,Low Risk
C08,2,55.2,3,2,0,0,1,0.5366666666666666,0.4633333333333334,Medium Risk
C07,8,78.6,5,4,5,1,1,0.98,0.020000000000000018,Low Risk
C05,3,44.3,1,1,0,0,0,0.4033333333333333,0.5966666666666667,Medium Risk
C05,4,46.3,1,1,3,1,1,0.59,0.41000000000000003,Medium Risk
C07,3,12.9,1,0,3,0,0,0.46,0.54,Medium Risk
C10,0,39.7,3,0,3,0,0,0.37,0.63,Medium Risk
C04,4,66.0,5,4,1,1,1,0.83,0.17000000000000004,Low Risk
C02,9,45.2,2,1,4,0,1,0.5833333333333334,0.41666666666666663,Medium Risk
C10,4,77.4,4,1,3,1,1,0.7033333333333334,0.29666666666666663,Low Risk
C01,2,50.9,2,3,0,0,1,0.6333333333333333,0.3666666666666667,Low Risk
C05,2,63.8,6,5,6,1,1,0.9166666666666666,0.08333333333333337,Low Risk
C03,11,84.0,3,6,10,1,1,0.9866666666666667,0.013333333333333308,Low Risk
C06,6,58.1,0,2,5,1,1,0.8,0.19999999999999996,Low Risk
C03,4,51.2,7,3,2,1,1,0.5366666666666666,0.4633333333333334,Medium Risk
C08,5,64.1,3,4,3,0,1,0.9166666666666666,0.08333333333333337,Low Risk
C10,1,24.7,1,2,0,1,0,0.18333333333333332,0.8166666666666667,High Risk
C09,4,53.7,5,1,4,0,1,0.7666666666666667,0.23333333333333328,Low Risk
C06,6,22.8,5,1,2,0,1,0.5433333333333333,0.45666666666666667,Medium Risk
C06,1,50.4,3,1,4,1,1,0.7566666666666667,0.2433333333333333,Low Risk
C02,4,32.3,0,3,1,0,0,0.15,0.85,High Risk
C05,5,50.7,3,2,2,0,0,0.4,0.6,Medium Risk
C02,4,41.2,1,3,3,1,0,0.44333333333333336,0.5566666666666666,Medium Risk
C02,0,57.3,2,2,2,1,0,0.31333333333333335,0.6866666666666666,Medium Risk
C05,4,38.6,2,3,1,1,1,0.5333333333333333,0.4666666666666667,Medium Risk
C09,2,37.4,1,0,1,0,0,0.07666666666666666,0.9233333333333333,High Risk
C05,9,45.8,2,2,3,0,1,0.8133333333333334,0.18666666666666665,Low Risk
C04,5,52.0,3,3,5,0,1,0.5366666666666666,0.4633333333333334,Medium Risk
C09,5,59.8,6,4,3,1,1,0.7966666666666666,0.20333333333333337,Low Risk
C03,9,91.3,6,2,3,1,1,0.9733333333333334,0.026666666666666616,Low Risk
C10,2,72.8,5,5,2,1,0,0.44333333333333336,0.5566666666666666,Medium Risk
C02,7,66.6,4,2,4,1,1,0.8594648505997956,0.1405351494002044,Low Risk
C01,5,36.2,2,2,2,0,0,0.22666666666666666,0.7733333333333333,High Risk
C07,3,58.5,7,4,1,1,1,0.6633333333333333,0.33666666666666667,Low Risk
C05,7,43.5,3,3,1,1,1,0.9033333333333333,0.09666666666666668,Low Risk
C05,4,33.7,3,5,3,0,1,0.52,0.48,Medium Risk
C10,7,68.4,3,6,5,1,1,0.9466666666666667,0.053333333333333344,Low Risk
C07,6,62.6,7,2,4,0,1,0.9,0.09999999999999998,Low Risk
C02,6,66.7,5,2,3,0,1,0.84,0.16000000000000003,Low Risk
C09,5,96.5,7,3,6,1,1,0.9566666666666667,0.043333333333333335,Low Risk
C05,6,63.2,3,2,3,1,1,0.85,0.15000000000000002,Low Risk
C04,5,63.9,5,7,2,1,1,0.9466666666666667,0.053333333333333344,Low Risk
C02,2,30.5,3,4,0,0,0,0.39,0.61,Medium Risk
C05,6,58.3,1,3,1,1,1,0.8166666666666667,0.18333333333333335,Low Risk
C07,5,60.5,4,4,4,1,1,0.9266666666666666,0.07333333333333336,Low Risk
C01,3,46.0,3,1,3,0,1,0.5633333333333334,0.43666666666666665,Medium Risk
C03,6,60.3,5,2,4,0,1,0.7733333333333333,0.22666666666666668,Low Risk
C04,3,59.4,1,2,4,1,1,0.6566666666666666,0.3433333333333334,Low Risk
C07,2,22.0,1,1,1,0,0,0.05,0.95,High Risk
C01,3,66.0,4,4,3,1,1,0.8033333333333333,0.19666666666666666,Low Risk
C06,4,36.9,3,1,2,0,1,0.6266666666666667,0.3733333333333333,Low Risk
C01,2,39.5,6,0,4,0,1,0.65,0.35,Low Risk
C01,3,55.9,2,4,3,1,1,0.84,0.16000000000000003,Low Risk
C04,5,55.0,3,6,4,1,1,0.63,0.37,Low Risk
C01,5,54.6,2,5,2,0,1,0.7533333333333333,0.2466666666666667,Low Risk
C03,1,23.0,1,0,0,0,0,0.15666666666666668,0.8433333333333333,High Risk
C07,4,56.9,3,1,3,1,1,0.61,0.39,Low Risk
C07,4,32.0,3,2,2,0,1,0.71,0.29000000000000004,Low Risk
C02,5,38.3,2,1,0,0,0,0.3699108284750877,0.6300891715249123,Medium Risk
C05,11,52.0,4,2,4,1,1,0.88,0.12,Low Risk
C02,7,37.6,4,4,5,1,1,0.8366666666666667,0.16333333333333333,Low Risk
C01,8,53.1,4,2,1,1,1,0.76,0.24,Low Risk
C04,10,77.4,4,4,5,1,1,0.9733333333333334,0.026666666666666616,Low Risk
C10,5,58.9,2,1,1,1,1,0.79,0.20999999999999996,Low Risk
C07,3,13.1,1,1,1,0,0,0.19666666666666666,0.8033333333333333,High Risk
C07,6,23.6,1,1,1,0,0,0.29,0.71,High Risk
C09,6,79.4,5,3,2,1,1,0.9366666666666666,0.06333333333333335,Low Risk
C08,5,36.8,0,0,1,0,0,0.47333333333333333,0.5266666666666666,Medium Risk
C04,8,33.6,2,3,1,1,1,0.65,0.35,Low Risk
C05,6,70.4,1,5,4,1,1,0.8833333333333333,0.1166666666666667,Low Risk
C10,3,17.9,6,1,1,0,0,0.18666666666666668,0.8133333333333334,High Risk
C02,9,48.1,3,1,2,1,1,0.75,0.25,Low Risk
C06,10,84.7,6,6,3,1,1,0.9766666666666667,0.023333333333333317,Low Risk
C10,1,18.9,1,2,1,0,0,0.17666666666666667,0.8233333333333334,High Risk
C02,1,43.6,1,2,2,0,0,0.15333333333333332,0.8466666666666667,High Risk
C03,2,46.1,3,6,1,1,1,0.6366666666666667,0.3633333333333333,Low Risk
C06,2,35.2,2,2,2,0,0,0.3433333333333333,0.6566666666666667,Medium Risk
C07,1,18.0,0,0,0,1,0,0.07333333333333333,0.9266666666666666,High Risk
C02,6,39.7,3,2,3,0,0,0.33,0.6699999999999999,Medium Risk
C09,0,9.3,2,0,2,0,0,0.20666666666666667,0.7933333333333333,High Risk
C06,8,83.2,6,6,1,1,1,0.9833333333333333,0.01666666666666672,Low Risk
C10,2,45.4,1,1,1,0,0,0.19666666666666666,0.8033333333333333,High Risk
C09,7,36.1,2,1,3,0,1,0.7066666666666667,0.29333333333333333,Low Risk
C06,2,29.7,2,1,1,0,0,0.23666666666666666,0.7633333333333333,High Risk
C03,4,72.4,3,4,5,1,1,0.79,0.20999999999999996,Low Risk
C02,9,39.0,1,0,1,1,1,0.5033333333333333,0.4966666666666667,Medium Risk
C07,6,94.5,3,4,3,1,1,0.79,0.20999999999999996,Low Risk
C02,10,84.3,10,3,5,1,1,0.99,0.010000000000000009,Low Risk
C09,7,58.5,7,5,4,1,1,0.8966666666666666,0.10333333333333339,Low Risk
C05,6,39.4,2,1,3,1,1,0.7833333333333333,0.21666666666666667,Low Risk
C05,7,52.6,2,2,2,0,1,0.7733333333333333,0.22666666666666668,Low Risk
C08,5,74.9,2,3,3,1,1,0.83,0.17000000000000004,Low Risk
C09,4,52.9,3,3,2,1,1,0.6666666666666666,0.33333333333333337,Low Risk
C07,3,51.4,2,5,3,1,1,0.6233333333333333,0.3766666666666667,Low Risk
C10,7,57.6,6,4,3,1,1,0.79,0.20999999999999996,Low Risk
C01,4,58.0,3,2,1,1,1,0.5133333333333333,0.4866666666666667,Medium Risk
C09,7,73.7,5,2,3,1,1,0.5466666666666666,0.45333333333333337,Medium Risk
C05,7,79.3,7,2,3,1,1,0.8733333333333333,0.1266666666666667,Low Risk
C07,6,94.2,7,4,4,1,1,0.95,0.050000000000000044,Low Risk
C05,2,34.8,2,2,2,1,0,0.18333333333333332,0.8166666666666667,High Risk
C10,4,16.6,1,0,0,0,0,0.12333333333333334,0.8766666666666667,High Risk
C01,5,70.3,7,6,4,1,1,0.9266666666666666,0.07333333333333336,Low Risk
C01,9,67.0,2,3,4,1,1,0.95,0.050000000000000044,Low Risk
C06,5,40.7,2,1,0,1,0,0.37118958333333335,0.6288104166666666,Medium Risk
C07,5,29.6,2,0,1,1,0,0.19333333333333333,0.8066666666666666,High Risk
C04,2,31.1,2,2,1,1,1,0.5533333333333333,0.44666666666666666,Medium Risk
C04,5,58.6,3,2,3,1,1,0.6966666666666667,0.30333333333333334,Low Risk
C07,6,75.0,6,5,3,0,1,0.98,0.020000000000000018,Low Risk
C10,3,62.0,4,6,3,0,1,0.6766666666666666,0.32333333333333336,Low Risk
C09,6,44.0,3,1,3,1,1,0.7066666666666667,0.29333333333333333,Low Risk
C10,3,44.7,2,1,1,0,0,0.22333333333333333,0.7766666666666666,High Risk
C09,4,75.1,5,5,0,0,1,0.8333333333333334,0.16666666666666663,Low Risk
C05,6,54.4,1,6,3,1,1,0.9,0.09999999999999998,Low Risk
C06,5,54.7,1,5,1,1,0,0.49,0.51,Medium Risk
C10,6,73.6,5,4,2,1,1,0.95,0.050000000000000044,Low Risk
C06,8,52.7,4,1,0,0,1,0.8066666666666666,0.19333333333333336,Low Risk
C09,5,87.3,1,3,3,1,1,0.7833333333333333,0.21666666666666667,Low Risk
C08,3,64.3,4,5,4,1,1,0.8133333333333334,0.18666666666666665,Low Risk
C06,8,79.0,3,6,5,1,1,0.97405730949664,0.025942690503359955,Low Risk
C04,11,62.4,7,7,6,1,1,0.9533333333333334,0.046666666666666634,Low Risk
C10,3,23.7,2,2,6,1,0,0.41333333333333333,0.5866666666666667,Medium Risk
C08,7,33.4,2,3,1,1,1,0.5466666666666666,0.45333333333333337,Medium Risk
C01,4,47.3,3,2,1,1,0,0.24,0.76,High Risk
C01,7,53.3,4,2,3,1,1,0.6166666666666667,0.3833333333333333,Low Risk
C08,9,51.7,3,3,0,1,1,0.7833333333333333,0.21666666666666667,Low Risk
C07,8,88.2,5,3,3,1,1,0.9633333333333334,0.036666666666666625,Low Risk
C08,3,56.4,1,4,4,1,1,0.7466666666666667,0.2533333333333333,Low Risk
C03,4,71.2,3,2,4,0,1,0.87,0.13,Low Risk
C10,6,74.5,5,2,2,1,1,0.8066666666666666,0.19333333333333336,Low Risk
C07,9,56.4,3,1,3,1,1,0.9233333333333333,0.07666666666666666,Low Risk
C04,6,62.8,5,4,2,1,1,0.9,0.09999999999999998,Low Risk
C09,7,83.0,2,3,5,1,1,0.7866666666666666,0.21333333333333337,Low Risk
C08,6,57.1,2,4,1,1,0,0.42333333333333334,0.5766666666666667,Medium Risk
C10,1,36.5,1,1,0,0,0,0.06333333333333334,0.9366666666666666,High Risk
C09,7,70.2,5,2,2,1,1,0.72,0.28,Low Risk
C02,7,70.3,8,4,2,1,1,0.9733333333333334,0.026666666666666616,Low Risk
C05,12,57.8,1,1,2,1,1,0.81,0.18999999999999995,Low Risk
C06,8,74.0,3,0,4,1,1,0.7111895833333334,0.2888104166666666,Low Risk
C05,3,42.8,0,3,1,0,0,0.18333333333333332,0.8166666666666667,High Risk
C03,6,45.6,3,3,5,1,1,0.8266666666666667,0.17333333333333334,Low Risk
C02,3,33.6,0,4,1,0,0,0.3466666666666667,0.6533333333333333,Medium Risk
C10,6,59.2,2,4,1,1,1,0.75,0.25,Low Risk
C02,8,51.3,4,1,1,1,1,0.72,0.28,Low Risk
C02,4,64.3,4,8,6,1,1,0.84,0.16000000000000003,Low Risk
C06,3,32.4,3,2,5,0,1,0.54,0.45999999999999996,Medium Risk
C07,5,54.6,1,4,1,1,1,0.65,0.35,Low Risk
C07,8,54.8,8,1,2,1,1,0.79,0.20999999999999996,Low Risk
C04,6,54.1,2,1,2,1,1,0.5666666666666667,0.43333333333333335,Medium Risk
C03,1,47.3,5,1,1,0,0,0.32666666666666666,0.6733333333333333,Medium Risk
C07,4,70.4,3,7,0,0,1,0.83,0.17000000000000004,Low Risk
C03,7,43.7,2,3,0,1,0,0.49666666666666665,0.5033333333333334,Medium Risk
C01,8,92.9,5,6,5,1,1,0.9866666666666667,0.013333333333333308,Low Risk
C09,10,74.6,7,1,4,1,1,0.9333333333333333,0.06666666666666665,Low Risk
C03,5,59.1,2,3,4,1,1,0.7366666666666667,0.2633333333333333,Low Risk
C03,8,100.0,6,2,3,0,1,0.9233333333333333,0.07666666666666666,Low Risk
C08,7,75.3,5,5,7,1,1,0.97,0.030000000000000027,Low Risk
C10,11,58.0,3,1,2,1,1,0.9133333333333333,0.08666666666666667,Low Risk
C07,3,77.1,4,6,4,1,1,0.93,0.06999999999999995,Low Risk
C03,4,81.4,4,2,5,1,1,0.9466666666666667,0.053333333333333344,Low Risk
C06,14,72.8,4,5,4,1,1,0.9566666666666667,0.043333333333333335,Low Risk
C05,5,5.0,2,0,1,0,0,0.34,0.6599999999999999,Medium Risk
C08,3,45.4,3,1,0,1,0,0.19,0.81,High Risk
C08,4,75.0,5,2,3,1,1,0.82,0.18000000000000005,Low Risk
C01,9,90.6,8,3,5,1,1,0.9866666666666667,0.013333333333333308,Low Risk
C07,4,38.1,1,4,1,1,1,0.5033333333333333,0.4966666666666667,Medium Risk
C01,6,55.4,6,2,3,1,1,0.6933333333333334,0.30666666666666664,Low Risk
C05,13,65.3,3,4,4,1,1,0.9733333333333334,0.026666666666666616,Low Risk
C09,5,26.1,0,1,1,0,0,0.23333333333333334,0.7666666666666666,High Risk
C09,7,55.5,5,3,5,1,1,0.7733333333333333,0.22666666666666668,Low Risk
C09,1,61.8,0,2,0,1,0,0.41,0.5900000000000001,Medium Risk
C10,3,57.4,5,0,1,0,1,0.6266666666666667,0.3733333333333333,Low Risk
C04,5,47.5,2,3,2,1,1,0.66,0.33999999999999997,Low Risk
C05,14,81.8,2,1,2,1,1,0.7233333333333334,0.2766666666666666,Low Risk
C09,4,58.2,4,2,1,0,0,0.4633333333333333,0.5366666666666666,Medium Risk
C07,5,50.9,4,1,1,1,0,0.47333333333333333,0.5266666666666666,Medium Risk
C04,6,57.2,2,1,1,0,1,0.5833333333333334,0.41666666666666663,Medium Risk
C02,12,79.9,1,3,1,1,1,0.8933333333333333,0.10666666666666669,Low Risk
C03,10,92.4,3,3,6,1,1,0.9766666666666667,0.023333333333333317,Low Risk
C03,2,90.1,4,3,3,1,1,0.9033333333333333,0.09666666666666668,Low Risk
C01,10,81.2,5,0,2,1,1,0.7066666666666667,0.29333333333333333,Low Risk
C07,7,73.6,4,8,7,1,1,0.9833333333333333,0.01666666666666672,Low Risk
C07,4,34.9,1,4,2,0,1,0.5033333333333333,0.4966666666666667,Medium Risk
C06,3,44.9,3,3,4,1,1,0.84,0.16000000000000003,Low Risk
C02,5,58.0,3,5,2,1,0,0.4533333333333333,0.5466666666666666,Medium Risk
C04,9,80.1,5,3,8,1,1,0.9433333333333334,0.05666666666666664,Low Risk
C01,1,23.8,3,0,1,1,0,0.21333333333333335,0.7866666666666666,High Risk
C05,5,62.1,3,2,3,1,1,0.6766666666666666,0.32333333333333336,Low Risk
C06,2,27.8,3,0,0,0,0,0.17,0.83,High Risk
C02,4,68.2,1,1,4,1,1,0.7066666666666667,0.29333333333333333,Low Risk
C10,9,45.5,4,3,0,1,1,0.5566666666666666,0.44333333333333336,Medium Risk
C06,5,68.8,3,3,5,1,1,0.83,0.17000000000000004,Low Risk
C03,1,66.9,3,0,1,0,1,0.5266666666666666,0.4733333333333334,Medium Risk
C04,7,60.1,3,3,3,1,1,0.7866666666666666,0.21333333333333337,Low Risk
C03,3,70.7,4,1,3,1,1,0.7833333333333333,0.21666666666666667,Low Risk
C06,5,49.0,3,0,1,0,0,0.2,0.8,High Risk
C02,6,51.5,1,4,0,1,1,0.7333333333333333,0.2666666666666667,Low Risk
C05,3,72.1,4,2,3,1,1,0.8566666666666667,0.1433333333333333,Low Risk
C08,5,41.5,1,4,2,0,0,0.47,0.53,Medium Risk
C04,4,72.4,2,3,4,1,1,0.9233333333333333,0.07666666666666666,Low Risk
C01,3,36.2,5,1,2,0,0,0.43333333333333335,0.5666666666666667,Medium Risk
C08,0,45.5,2,3,1,1,0,0.49333333333333335,0.5066666666666666,Medium Risk
C10,4,62.4,4,4,2,0,1,0.8633333333333333,0.13666666666666671,Low Risk
C05,4,69.2,2,3,3,1,1,0.76,0.24,Low Risk
C06,4,28.7,4,2,1,1,0,0.36333333333333334,0.6366666666666667,Medium Risk
C06,4,36.3,1,4,1,0,1,0.5133333333333333,0.4866666666666667,Medium Risk
C07,8,58.7,4,2,2,1,1,0.9066666666666666,0.09333333333333338,Low Risk
C06,4,43.8,9,4,3,0,1,0.7033333333333334,0.29666666666666663,Low Risk
C10,5,67.5,2,5,8,0,1,0.9233333333333333,0.07666666666666666,Low Risk
C09,4,48.3,2,2,1,0,0,0.21333333333333335,0.7866666666666666,High Risk
C08,3,94.1,6,5,3,1,1,0.98,0.020000000000000018,Low Risk
C06,5,30.9,6,1,2,1,0,0.36333333333333334,0.6366666666666667,Medium Risk
C05,9,40.4,4,3,2,1,1,0.83,0.17000000000000004,Low Risk
C06,4,78.9,5,4,2,1,1,0.87,0.13,Low Risk
C03,9,37.9,3,2,4,0,1,0.8033333333333333,0.19666666666666666,Low Risk
C04,9,65.6,1,4,4,1,1,0.88,0.12,Low Risk
C08,6,85.5,3,4,1,1,1,0.7033333333333334,0.29666666666666663,Low Risk
C07,10,85.6,4,8,3,1,1,0.9866666666666667,0.013333333333333308,Low Risk
C06,5,60.6,3,3,4,1,1,0.8033333333333333,0.19666666666666666,Low Risk
C08,3,55.2,2,3,3,0,1,0.6433333333333333,0.3566666666666667,Low Risk
C04,2,34.3,0,1,2,0,0,0.41,0.5900000000000001,Medium Risk
C01,2,26.3,2,2,0,0,0,0.49666666666666665,0.5033333333333334,Medium Risk
C05,6,59.9,2,5,0,0,1,0.73,0.27,Low Risk
C09,3,35.9,1,1,2,1,0,0.21,0.79,High Risk
C02,8,83.5,7,5,3,1,1,0.9633333333333334,0.036666666666666625,Low Risk
C07,6,59.1,6,3,2,1,1,0.8433333333333334,0.15666666666666662,Low Risk
C06,4,66.4,2,4,1,1,1,0.7633333333333333,0.2366666666666667,Low Risk
C07,4,65.4,3,1,3,0,1,0.64,0.36,Low Risk
C02,5,46.9,4,2,3,1,1,0.7133333333333334,0.2866666666666666,Low Risk
C10,5,68.5,3,4,3,0,1,0.8833333333333333,0.1166666666666667,Low Risk
C09,9,66.0,4,3,1,1,1,0.9266666666666666,0.07333333333333336,Low Risk
C07,5,47.8,4,0,0,0,0,0.29333333333333333,0.7066666666666667,High Risk
C08,4,77.9,4,2,1,1,1,0.84,0.16000000000000003,Low Risk
C10,1,31.6,2,1,0,0,0,0.043333333333333335,0.9566666666666667,High Risk
C05,8,65.7,3,5,4,1,1,0.9766666666666667,0.023333333333333317,Low Risk
C10,5,32.3,2,0,2,0,0,0.35,0.65,Medium Risk
C07,4,65.8,4,4,1,1,1,0.9066666666666666,0.09333333333333338,Low Risk
C04,7,71.3,4,4,5,1,1,0.99,0.010000000000000009,Low Risk
C10,5,7.1,1,2,2,1,0,0.37666666666666665,0.6233333333333333,Medium Risk
C09,8,57.9,6,2,1,1,1,0.7766666666666666,0.22333333333333338,Low Risk
C05,9,70.0,6,2,3,1,1,0.94,0.06000000000000005,Low Risk
C07,3,38.1,5,3,0,0,1,0.6233333333333333,0.3766666666666667,Low Risk
C03,2,45.8,3,3,3,1,1,0.6766666666666666,0.32333333333333336,Low Risk
C04,3,61.9,8,1,1,0,1,0.5933333333333334,0.4066666666666666,Medium Risk
C07,4,39.4,2,2,0,0,0,0.4166666666666667,0.5833333333333333,Medium Risk
C07,6,74.0,9,5,4,1,1,0.9666666666666667,0.033333333333333326,Low Risk
C06,3,79.5,6,3,2,0,1,0.7333333333333333,0.2666666666666667,Low Risk
C01,2,54.5,3,2,0,0,0,0.49,0.51,Medium Risk
C03,2,39.9,2,2,3,0,0,0.2866666666666667,0.7133333333333334,High Risk
C02,13,88.0,9,5,3,1,1,0.9833333333333333,0.01666666666666672,Low Risk
C10,8,45.1,2,4,1,0,1,0.7833333333333333,0.21666666666666667,Low Risk
C08,4,35.2,5,5,4,1,1,0.69,0.31000000000000005,Low Risk
C06,6,31.7,3,1,1,0,1,0.74,0.26,Low Risk
C03,6,40.1,4,1,2,1,1,0.6,0.4,Medium Risk
C02,4,30.3,2,3,0,0,0,0.3566666666666667,0.6433333333333333,Medium Risk
C04,0,33.2,0,1,1,0,0,0.21,0.79,High Risk
C10,8,56.0,4,1,0,1,1,0.7233333333333334,0.2766666666666666,Low Risk
C05,2,51.3,1,3,4,1,1,0.6566666666666666,0.3433333333333334,Low Risk
C01,2,73.0,1,3,2,1,1,0.59,0.41000000000000003,Medium Risk
C03,4,44.5,4,3,1,0,1,0.62,0.38,Low Risk
C08,7,64.5,3,6,3,1,1,0.9733333333333334,0.026666666666666616,Low Risk
C01,6,55.5,3,3,2,1,1,0.85,0.15000000000000002,Low Risk
C07,3,25.3,0,0,2,0,0,0.36333333333333334,0.6366666666666667,Medium Risk
C04,6,67.4,2,3,3,1,1,0.6366666666666667,0.3633333333333333,Low Risk
C10,6,63.8,3,1,4,1,0,0.3433333333333333,0.6566666666666667,Medium Risk
C02,6,39.5,0,1,0,0,0,0.4657488201794563,0.5342511798205437,Medium Risk
C09,6,80.3,5,5,6,1,1,0.9466666666666667,0.053333333333333344,Low Risk
C09,5,87.7,5,4,1,1,1,0.96,0.040000000000000036,Low Risk
C07,0,31.2,4,0,1,0,0,0.20333333333333334,0.7966666666666666,High Risk
C04,15,92.6,8,2,2,1,1,0.9366666666666666,0.06333333333333335,Low Risk
C01,2,50.2,4,5,2,0,1,0.6833333333333333,0.31666666666666665,Low Risk
C02,2,13.8,1,2,2,0,0,0.37666666666666665,0.6233333333333333,Medium Risk
C05,9,32.2,4,0,1,0,0,0.4066666666666667,0.5933333333333333,Medium Risk
C02,3,60.2,5,5,0,1,1,0.75,0.25,Low Risk
C01,0,17.4,2,1,0,0,0,0.35,0.65,Medium Risk
C04,6,51.8,2,3,4,0,1,0.8,0.19999999999999996,Low Risk
C09,7,87.7,5,5,4,1,1,0.9066666666666666,0.09333333333333338,Low Risk
C08,8,40.1,2,3,3,1,1,0.67,0.32999999999999996,Low Risk
C08,7,62.4,1,7,4,1,1,0.8733333333333333,0.1266666666666667,Low Risk
C04,2,58.7,2,3,2,0,1,0.6066666666666667,0.3933333333333333,Low Risk
C01,2,47.6,0,0,0,1,0,0.2966666666666667,0.7033333333333334,High Risk
C09,1,18.4,0,1,0,0,0,0.08666666666666667,0.9133333333333333,High Risk
C09,4,60.6,1,3,3,0,1,0.79,0.20999999999999996,Low Risk
C03,6,57.9,4,5,3,1,1,0.9466666666666667,0.053333333333333344,Low Risk
C01,7,80.9,1,3,1,0,1,0.87,0.13,Low Risk
C03,8,93.9,4,3,4,1,1,0.9566666666666667,0.043333333333333335,Low Risk
C07,6,48.9,5,0,1,0,0,0.3333333333333333,0.6666666666666667,Medium Risk
C10,5,58.4,5,4,2,1,1,0.7733333333333333,0.22666666666666668,Low Risk
C02,2,51.5,3,3,1,1,1,0.5933333333333334,0.4066666666666666,Medium Risk
C10,1,33.7,3,4,0,0,0,0.4066666666666667,0.5933333333333333,Medium Risk
C02,6,73.8,3,2,2,1,1,0.842247201904381,0.15775279809561904,Low Risk
C02,1,35.4,3,2,2,0,1,0.6133333333333333,0.3866666666666667,Low Risk
C08,2,50.1,3,3,5,1,1,0.7966666666666666,0.20333333333333337,Low Risk
C09,1,46.0,2,1,0,0,0,0.16333333333333333,0.8366666666666667,High Risk
C08,7,59.4,3,0,0,0,1,0.5866666666666667,0.41333333333333333,Medium Risk
C03,3,6.6,1,2,1,0,0,0.16666666666666666,0.8333333333333334,High Risk
C10,4,70.0,2,0,3,0,1,0.6766666666666666,0.32333333333333336,Low Risk
C08,3,58.0,3,1,2,0,1,0.51,0.49,Medium Risk
C08,1,62.0,2,1,2,1,0,0.45,0.55,Medium Risk
C09,7,43.6,4,0,2,1,1,0.5966666666666667,0.4033333333333333,Medium Risk
C09,3,50.2,4,3,0,0,0,0.23333333333333334,0.7666666666666666,High Risk
C10,3,53.4,1,2,1,0,1,0.6366666666666667,0.3633333333333333,Low Risk
C01,0,21.4,1,2,0,0,0,0.23333333333333334,0.7666666666666666,High Risk
C09,3,27.9,1,1,1,0,0,0.21666666666666667,0.7833333333333333,High Risk
C07,5,64.0,5,0,1,0,0,0.49666666666666665,0.5033333333333334,Medium Risk
C02,5,55.9,0,2,5,0,1,0.8333333333333334,0.16666666666666663,Low Risk
C01,3,42.2,2,2,2,0,0,0.39666666666666667,0.6033333333333333,Medium Risk
C09,10,78.1,8,3,4,1,1,0.93,0.06999999999999995,Low Risk
C01,7,59.7,3,2,1,1,1,0.73,0.27,Low Risk
C04,3,31.3,3,1,0,1,0,0.18333333333333332,0.8166666666666667,High Risk
C08,6,68.5,4,2,4,1,1,0.7633333333333333,0.2366666666666667,Low Risk
C06,6,88.4,2,5,3,1,1,0.9533333333333334,0.046666666666666634,Low Risk
C10,2,46.4,1,2,0,1,1,0.54,0.45999999999999996,Medium Risk
C09,3,100.0,6,4,3,1,1,0.9533333333333334,0.046666666666666634,Low Risk
C08,8,59.8,1,2,2,1,1,0.8133333333333334,0.18666666666666665,Low Risk
C07,11,72.7,4,5,3,1,1,0.9966666666666667,0.0033333333333332993,Low Risk
C09,5,55.2,4,4,4,1,1,0.8366666666666667,0.16333333333333333,Low Risk
C07,6,49.3,5,1,3,0,1,0.6566666666666666,0.3433333333333334,Low Risk
C04,9,69.7,2,4,6,1,1,0.9666666666666667,0.033333333333333326,Low Risk
C01,8,77.7,6,1,2,1,1,0.9366666666666666,0.06333333333333335,Low Risk
C03,3,60.0,2,1,3,1,1,0.87,0.13,Low Risk
C01,8,54.4,4,3,2,1,1,0.8533333333333334,0.1466666666666666,Low Risk
C04,4,49.0,4,2,2,1,1,0.8133333333333334,0.18666666666666665,Low Risk
C08,3,60.6,4,3,6,0,1,0.8133333333333334,0.18666666666666665,Low Risk
C04,2,67.0,0,1,2,0,1,0.57,0.43000000000000005,Medium Risk
C10,9,82.0,1,1,3,0,1,0.7566666666666667,0.2433333333333333,Low Risk
C01,9,68.9,5,3,6,1,1,0.9333333333333333,0.06666666666666665,Low Risk
C06,1,13.3,2,0,0,1,0,0.2733333333333333,0.7266666666666667,High Risk
C02,4,51.8,4,1,2,1,1,0.6633333333333333,0.33666666666666667,Low Risk
C05,3,20.9,0,2,1,0,0,0.22,0.78,High Risk
C06,5,74.0,2,6,2,1,1,0.89,0.10999999999999999,Low Risk
C03,9,44.9,3,1,5,1,1,0.8333333333333334,0.16666666666666663,Low Risk
C03,5,49.2,0,0,3,1,0,0.3566666666666667,0.6433333333333333,Medium Risk
C10,9,52.9,2,2,1,1,1,0.8933333333333333,0.10666666666666669,Low Risk
C08,4,87.3,7,6,4,1,1,0.9233333333333333,0.07666666666666666,Low Risk
C09,5,24.4,0,0,0,0,0,0.3333333333333333,0.6666666666666667,Medium Risk
C07,2,46.1,2,1,5,1,0,0.4633333333333333,0.5366666666666666,Medium Risk
C04,7,60.9,1,2,1,1,1,0.6733333333333333,0.32666666666666666,Low Risk
C06,8,53.2,5,4,1,1,1,0.8133333333333334,0.18666666666666665,Low Risk
C04,4,30.0,7,1,2,0,1,0.5933333333333334,0.4066666666666666,Medium Risk
C02,7,65.3,4,3,3,1,1,0.9,0.09999999999999998,Low Risk
C04,2,63.5,6,7,2,1,1,0.84,0.16000000000000003,Low Risk
C02,1,34.0,6,1,2,0,0,0.45666666666666667,0.5433333333333333,Medium Risk
C01,8,52.8,3,3,3,1,1,0.5566666666666666,0.44333333333333336,Medium Risk
C02,3,50.1,2,1,0,0,0,0.36333333333333334,0.6366666666666667,Medium Risk
C05,4,32.7,3,2,2,1,0,0.36666666666666664,0.6333333333333333,Medium Risk
C08,4,39.3,2,2,4,1,0,0.28,0.72,High Risk
C09,3,53.7,2,1,2,1,0,0.37,0.63,Medium Risk
C03,5,74.1,4,5,7,1,1,0.8933333333333333,0.10666666666666669,Low Risk
C03,3,52.4,5,2,3,1,1,0.56,0.43999999999999995,Medium Risk
C05,4,24.1,1,1,2,1,0,0.21666666666666667,0.7833333333333333,High Risk
C09,12,78.9,9,4,5,1,1,0.9533333333333334,0.046666666666666634,Low Risk
C10,5,45.4,2,4,1,0,0,0.4,0.6,Medium Risk
C09,3,33.2,1,0,1,1,0,0.08666666666666667,0.9133333333333333,High Risk
C08,4,59.5,2,2,0,0,1,0.66,0.33999999999999997,Low Risk
C03,5,52.2,2,1,1,1,0,0.32666666666666666,0.6733333333333333,Medium Risk
C01,10,47.5,5,1,2,1,1,0.8633333333333333,0.13666666666666671,Low Risk
C10,0,15.0,1,2,1,0,0,0.09333333333333334,0.9066666666666666,High Risk
C06,2,18.2,3,1,0,0,0,0.22,0.78,High Risk
C10,9,89.5,8,4,3,1,1,0.98,0.020000000000000018,Low Risk
C04,10,42.3,2,3,5,1,1,0.79,0.20999999999999996,Low Risk
C01,9,67.1,2,2,7,1,1,0.9533333333333334,0.046666666666666634,Low Risk
C07,4,42.1,0,2,2,0,0,0.4,0.6,Medium Risk
C01,8,82.8,5,3,4,1,1,0.9766666666666667,0.023333333333333317,Low Risk
C09,5,50.5,2,1,3,0,1,0.8333333333333334,0.16666666666666663,Low Risk
C07,2,32.1,4,2,1,1,0,0.2,0.8,High Risk
C09,6,99.6,0,3,3,1,1,0.8166666666666667,0.18333333333333335,Low Risk
C09,4,43.4,2,2,1,1,0,0.20666666666666667,0.7933333333333333,High Risk
C03,7,77.2,4,4,2,1,1,0.9533333333333334,0.046666666666666634,Low Risk
C04,8,69.1,3,4,5,1,1,0.98,0.020000000000000018,Low Risk
C06,2,58.1,4,2,4,1,1,0.68,0.31999999999999995,Low Risk
C01,2,46.6,2,2,4,1,0,0.2633333333333333,0.7366666666666667,High Risk
C02,5,47.6,1,2,1,0,1,0.5066666666666667,0.4933333333333333,Medium Risk
C06,3,19.3,1,1,0,1,0,0.23666666666666666,0.7633333333333333,High Risk
C02,4,35.7,1,5,3,0,1,0.5066666666666667,0.4933333333333333,Medium Risk
C03,7,61.6,0,1,3,1,1,0.8666666666666667,0.1333333333333333,Low Risk
C04,3,85.4,5,3,0,1,1,0.75,0.25,Low Risk
C05,5,53.1,1,2,1,1,1,0.5733333333333334,0.42666666666666664,Medium Risk
C01,7,46.3,2,2,1,0,1,0.6133333333333333,0.3866666666666667,Low Risk
C07,11,72.7,5,5,1,1,1,0.99,0.010000000000000009,Low Risk
C07,9,34.4,4,3,3,1,1,0.7633333333333333,0.2366666666666667,Low Risk
C06,7,61.4,3,4,0,0,1,0.8666666666666667,0.1333333333333333,Low Risk
C03,4,14.0,0,1,1,0,0,0.12,0.88,High Risk
C03,7,36.4,1,3,6,1,1,0.6366666666666667,0.3633333333333333,Low Risk
C01,6,95.7,6,5,5,1,1,0.9566666666666667,0.043333333333333335,Low Risk
C03,2,28.6,1,0,1,0,0,0.18666666666666668,0.8133333333333334,High Risk
C01,3,56.9,3,4,3,1,1,0.81,0.18999999999999995,Low Risk
C09,6,89.3,7,3,2,1,1,0.9566666666666667,0.043333333333333335,Low Risk
C10,6,37.0,1,3,2,0,0,0.4033333333333333,0.5966666666666667,Medium Risk
C08,4,66.9,1,3,2,1,1,0.6033333333333334,0.3966666666666666,Low Risk
C09,1,60.0,7,3,0,0,1,0.52,0.48,Medium Risk
C01,6,31.1,1,1,1,0,0,0.5,0.5,Medium Risk
C08,5,71.2,1,3,6,1,1,0.7733333333333333,0.22666666666666668,Low Risk
C10,5,39.8,2,0,1,0,0,0.21666666666666667,0.7833333333333333,High Risk
C04,5,41.5,4,5,1,1,1,0.7433333333333333,0.2566666666666667,Low Risk
C08,6,60.4,0,2,5,0,1,0.8233333333333334,0.17666666666666664,Low Risk
C01,3,51.9,4,1,2,1,0,0.36666666666666664,0.6333333333333333,Medium Risk
C09,5,62.7,2,4,3,1,1,0.6666666666666666,0.33333333333333337,Low Risk
C10,2,60.1,3,2,5,0,1,0.7766666666666666,0.22333333333333338,Low Risk
C10,5,36.0,3,1,1,1,0,0.2833333333333333,0.7166666666666667,High Risk
C05,6,47.6,5,5,0,0,1,0.8566666666666667,0.1433333333333333,Low Risk
C06,4,48.4,3,2,5,1,1,0.6,0.4,Medium Risk
C02,9,87.9,4,3,4,1,1,0.96,0.040000000000000036,Low Risk
C01,0,15.0,2,1,1,0,0,0.3233333333333333,0.6766666666666667,Medium Risk
C01,4,31.3,2,2,1,0,0,0.24,0.76,High Risk
C06,6,27.9,0,1,1,0,0,0.35333333333333333,0.6466666666666667,Medium Risk
C07,4,81.6,2,2,2,1,0,0.3,0.7,High Risk
C08,4,46.8,2,4,2,1,0,0.4066666666666667,0.5933333333333333,Medium Risk
C05,4,48.5,7,6,3,1,1,0.7133333333333334,0.2866666666666666,Low Risk
C08,5,23.5,1,1,0,0,0,0.24,0.76,High Risk
C03,4,55.9,0,0,3,0,0,0.39666666666666667,0.6033333333333333,Medium Risk
C05,3,45.2,1,1,0,0,0,0.38333333333333336,0.6166666666666667,Medium Risk
C02,4,57.6,4,4,2,0,1,0.6366666666666667,0.3633333333333333,Low Risk
C06,5,55.0,5,1,1,0,1,0.52,0.48,Medium Risk
C10,7,53.7,3,1,1,1,1,0.7733333333333333,0.22666666666666668,Low Risk
C01,10,91.5,7,3,5,0,1,0.98,0.020000000000000018,Low Risk
C07,2,34.6,4,1,5,0,1,0.6333333333333333,0.3666666666666667,Low Risk
C10,2,30.1,2,1,2,0,0,0.2966666666666667,0.7033333333333334,High Risk
C02,5,46.7,3,3,3,0,1,0.7433333333333333,0.2566666666666667,Low Risk
C02,2,42.1,1,3,3,0,0,0.2,0.8,High Risk
C04,3,29.8,2,0,0,0,0,0.16,0.84,High Risk
C02,10,53.1,2,5,2,1,1,0.73,0.27,Low Risk
C05,7,59.0,2,2,2,1,1,0.7666666666666667,0.23333333333333328,Low Risk
C06,7,45.4,2,1,1,1,1,0.6366666666666667,0.3633333333333333,Low Risk
C10,0,47.3,1,2,0,1,0,0.44333333333333336,0.5566666666666666,Medium Risk
C04,2,63.6,4,4,3,1,1,0.6266666666666667,0.3733333333333333,Low Risk
C04,5,32.8,1,0,0,0,0,0.18333333333333332,0.8166666666666667,High Risk
C06,5,45.0,4,0,1,1,0,0.46,0.54,Medium Risk
C06,8,82.7,3,3,4,0,1,0.9073906428299733,0.09260935717002672,Low Risk
C06,3,29.9,1,1,2,0,0,0.44333333333333336,0.5566666666666666,Medium Risk
C10,4,60.4,4,5,1,1,1,0.9166666666666666,0.08333333333333337,Low Risk
C05,5,83.9,4,2,5,1,1,0.8833333333333333,0.1166666666666667,Low Risk
C05,3,44.9,0,1,0,1,0,0.24666666666666667,0.7533333333333333,High Risk
C10,4,56.5,1,2,2,1,1,0.73,0.27,Low Risk
C05,10,65.8,2,2,4,1,1,0.95,0.050000000000000044,Low Risk
C03,6,41.9,7,2,5,1,1,0.7733333333333333,0.22666666666666668,Low Risk
C08,5,61.2,7,3,4,1,1,0.9033333333333333,0.09666666666666668,Low Risk
C10,3,68.4,2,3,4,1,1,0.7433333333333333,0.2566666666666667,Low Risk
C08,1,63.1,3,3,2,1,1,0.7133333333333334,0.2866666666666666,Low Risk
C03,4,39.1,2,2,1,1,0,0.11333333333333333,0.8866666666666667,High Risk
C08,7,83.1,2,2,7,1,1,0.9633333333333334,0.036666666666666625,Low Risk
C02,9,64.1,7,7,2,1,1,0.97,0.030000000000000027,Low Risk
C10,4,51.6,3,3,1,1,1,0.53,0.47,Medium Risk
C05,4,36.6,1,2,2,0,0,0.25,0.75,High Risk
C03,9,45.4,4,2,3,1,1,0.7366666666666667,0.2633333333333333,Low Risk
C09,3,36.9,0,2,1,0,0,0.20333333333333334,0.7966666666666666,High Risk
C05,7,81.3,10,4,5,1,1,0.9966666666666667,0.0033333333333332993,Low Risk
C01,5,80.6,7,2,4,1,1,0.8,0.19999999999999996,Low Risk
C04,2,23.2,2,1,1,0,0,0.22,0.78,High Risk
C06,2,1.5,0,1,0,0,0,0.06,0.94,High Risk
C03,2,55.2,2,4,2,1,1,0.54,0.45999999999999996,Medium Risk
C06,6,68.8,5,1,5,0,1,0.85,0.15000000000000002,Low Risk
C08,4,49.1,4,4,1,0,1,0.7266666666666667,0.2733333333333333,Low Risk
C06,5,47.0,0,3,2,0,1,0.7433333333333333,0.2566666666666667,Low Risk
C07,2,30.3,3,1,2,1,0,0.30333333333333334,0.6966666666666667,Medium Risk
C07,3,10.1,0,1,0,0,0,0.03333333333333333,0.9666666666666667,High Risk
C09,5,64.1,1,4,3,1,1,0.7766666666666666,0.22333333333333338,Low Risk
C08,9,73.5,2,2,3,1,1,0.96,0.040000000000000036,Low Risk
C06,5,26.5,0,2,1,0,0,0.2733333333333333,0.7266666666666667,High Risk
C09,3,36.6,0,2,1,0,0,0.17666666666666667,0.8233333333333334,High Risk
C01,12,77.0,0,3,5,1,1,0.8066666666666666,0.19333333333333336,Low Risk
C09,3,70.1,1,4,6,1,1,0.6766666666666666,0.32333333333333336,Low Risk
C07,3,26.9,1,1,5,0,0,0.42,0.5800000000000001,Medium Risk
C05,4,51.6,5,1,2,1,1,0.7233333333333334,0.2766666666666666,Low Risk
